date,open,high,low,close,volume
2014-09-17,465.86401,468.17401,452.422,457.33401,
2014-09-18,456.85999,456.85999,413.104,424.44,
2014-09-19,424.103,427.83499,384.53201,394.79599,
2014-09-20,394.673,423.29599,389.883,408.90399,
2014-09-21,408.084991,412.42599,393.181,398.82101,
2014-09-22,399.10001,406.91599,397.13,402.15201,
2014-09-23,402.09201,441.55701,396.19699,435.79099,
2014-09-24,435.75101,436.112,421.13199,423.20499,
2014-09-25,423.15601,423.51999,409.46799,411.57401,
2014-09-26,411.42899,414.93799,400.0090027,404.42499,
2014-09-27,403.556,406.62299,397.37201,399.51999,
2014-09-28,399.47101,401.016998,374.332,377.181,
2014-09-29,376.92801,385.211,372.23999,375.46701,
2014-09-30,376.088013,390.97699,373.44299,386.944,
2014-10-01,387.427,391.379,380.78,383.61499,
2014-10-02,383.98801,385.49701,372.94601,375.071991,
2014-10-03,375.181,377.69501,357.85901,359.51199,
2014-10-04,359.892,364.487,325.88599,328.866,
2014-10-05,328.91599,341.80099,289.29599,320.51001,
2014-10-06,320.38901,345.134,302.56,330.07901,
2014-10-07,330.58401,339.24701,320.48199,336.18701,
2014-10-08,336.116,354.36401,327.18799,352.94,
2014-10-09,352.74799,382.72601,347.68701,365.026001,
2014-10-10,364.68701,375.066986,352.96301,361.56201,
2014-10-11,361.362,367.19101,355.95099,362.29901,
2014-10-12,362.60599,379.43301,356.14401,378.54901,
2014-10-13,377.92099,397.22601,368.897,390.414,
2014-10-14,391.69199,411.698,391.32401,400.87,
2014-10-15,400.95499,402.22699,388.76599,394.77301,
2014-10-16,394.51801,398.80701,373.070007,382.556,
2014-10-17,382.75601,385.478,375.38901,383.758,
2014-10-18,383.97601,395.15799,378.97101,391.44199,
2014-10-19,391.254,393.939,386.457,389.54599,
2014-10-20,389.23099,390.084015,378.25201,382.845,
2014-10-21,382.42099,392.646,380.83401,386.47501,
2014-10-22,386.11801,388.57599,382.24899,383.15799,
2014-10-23,382.96201,385.048004,356.44699,358.41699,
2014-10-24,358.591,364.345,353.30499,358.345,
2014-10-25,358.61099,359.86099,342.87701,347.271,
2014-10-26,347.487,359.22101,343.931,354.70401,
2014-10-27,354.77701,358.63199,349.80899,352.98901,
2014-10-28,353.215,359.98401,352.67899,357.61801,
2014-10-29,357.088989,357.83301,335.34299,335.591,
2014-10-30,335.70901,350.91299,335.071991,345.30499,
2014-10-31,345.0090027,348.045013,337.142,338.32101,
2014-11-01,338.64999,340.52899,321.054993,325.74899,
2014-11-02,326.075012,329.049988,320.62601,325.892,
2014-11-03,325.569,334.0020142,325.48099,327.55399,
2014-11-04,327.16101,331.767,325.076996,330.492,
2014-11-05,330.68301,343.36899,330.68301,339.48599,
2014-11-06,339.45801,352.966,338.42401,349.29001,
2014-11-07,349.81799,352.73199,341.776,342.41501,
2014-11-08,342.15399,347.032013,342.15399,345.48801,
2014-11-09,345.37601,363.62601,344.255,363.26401,
2014-11-10,362.26501,374.81601,357.561,366.92401,
2014-11-11,365.85699,371.31,363.73499,367.69501,
2014-11-12,367.98499,429.71799,367.98499,423.561,
2014-11-13,427.27301,457.092987,401.12299,420.73499,
2014-11-14,418.41699,419.25201,384.789,397.81799,
2014-11-15,399.64999,405.52802,371.0079956,376.133,
2014-11-16,374.73001,390.79901,374.60199,387.88199,
2014-11-17,388.349,410.19901,377.50201,387.40799,
2014-11-18,387.785,392.40201,371.117,375.198,
2014-11-19,373.896,386.48099,373.896,380.55499,
2014-11-20,380.30701,382.024994,356.78101,357.84,
2014-11-21,357.879,357.879,344.112,350.84799,
2014-11-22,351.604,364.841,350.87799,352.92001,
2014-11-23,353.17499,370.845,353.17499,367.573,
2014-11-24,366.948,387.20901,366.66901,376.901,
2014-11-25,376.88599,394.70099,374.784,375.34799,
2014-11-26,376.019012,377.698,365.81601,368.37,
2014-11-27,370.50201,373.992,368.28201,369.67001,
2014-11-28,369.37399,382.83801,358.45499,376.44699,
2014-11-29,376.15201,387.60101,372.14499,375.491,
2014-11-30,375.51001,382.52701,373.30899,378.046997,
2014-12-01,378.24899,383.66199,376.66901,379.245,
2014-12-02,379.25,384.037994,377.86301,381.315,
2014-12-03,381.72198,383.026001,374.34601,375.01001,
2014-12-04,375.71799,378.655,367.759,369.604,
2014-12-05,369.44199,379.19199,365.75601,376.854,
2014-12-06,376.75699,378.448,370.94501,374.785,
2014-12-07,374.836,376.29199,373.27499,375.095001,
2014-12-08,374.965,376.028992,361.88599,361.909,
2014-12-09,361.89499,363.066986,344.95099,352.21899,
2014-12-10,352.20499,352.384,346.36499,346.36499,
2014-12-11,344.34,361.35699,338.763,350.50601,
2014-12-12,350.83301,352.983,349.29099,352.54199,
2014-12-13,352.38101,352.38101,346.58801,347.37601,
2014-12-14,346.72699,353.31601,345.418,351.63199,
2014-12-15,351.36099,351.815,344.93399,345.345,
2014-12-16,345.673,345.85901,327.062012,327.062012,
2014-12-17,326.85501,333.95401,315.15201,319.776,
2014-12-18,319.785,323.70901,304.23199,311.396,
2014-12-19,311.17899,318.53299,306.76901,317.84299,
2014-12-20,317.61899,330.32501,316.044006,329.95599,
2014-12-21,329.543,329.629,318.90302,320.84299,
2014-12-22,321.067993,334.117,320.42499,331.88599,
2014-12-23,332.016998,336.28699,329.60199,334.57199,
2014-12-24,334.38501,334.741,321.35699,322.534,
2014-12-25,322.28601,322.67001,316.95801,319.0079956,
2014-12-26,319.15201,331.42401,316.62701,327.92401,
2014-12-27,327.58301,328.91101,312.63,315.86301,
2014-12-28,316.16,320.028015,311.078003,317.23901,
2014-12-29,317.70099,320.267,312.30701,312.67001,
2014-12-30,312.71899,314.80899,309.37299,310.737,
2014-12-31,310.914,320.19299,310.211,320.19299,
2015-01-01,320.435,320.435,314.0029907,314.24899,
2015-01-02,314.07901,315.83899,313.565,315.032013,
2015-01-03,314.84601,315.14999,281.082001,281.082001,
2015-01-04,281.146,287.23001,257.612,264.19501,
2015-01-05,265.084015,278.341,265.084015,274.474,
2015-01-06,274.61099,287.55301,272.69601,286.189,
2015-01-07,286.076996,298.754,283.07901,294.33701,
2015-01-08,294.13501,294.13501,282.17499,283.349,
2015-01-09,282.383,291.11401,280.53299,290.40799,
2015-01-10,287.30301,288.12701,273.966,274.79599,
2015-01-11,274.608,279.638,265.039001,265.66,
2015-01-12,266.146,272.203,265.20001,267.79599,
2015-01-13,267.39401,268.27701,219.90601,225.86099,
2015-01-14,223.894,223.894,171.50999,178.103,
2015-01-15,176.897,229.067001,176.897,209.84399,
2015-01-16,209.070007,221.591,199.771,208.097,
2015-01-17,207.834,211.731,194.875,199.25999,
2015-01-18,200.050003,218.69501,194.506,210.339,
2015-01-19,211.47099,216.728,207.31799,214.86099,
2015-01-20,212.907,215.241,205.153,211.315,
2015-01-21,211.37801,227.78799,211.21201,226.897,
2015-01-22,227.32201,237.018997,226.43401,233.40601,
2015-01-23,233.517,234.845,225.196,232.879,
2015-01-24,232.7,248.21001,230.022003,247.847,
2015-01-25,247.35201,255.074005,243.89,253.718,
2015-01-26,254.078995,309.384,254.078995,273.47299,
2015-01-27,273.16699,275.48001,250.653,263.47501,
2015-01-28,263.35101,266.535,227.046005,233.91499,
2015-01-29,233.34801,238.70599,220.71201,233.513,
2015-01-30,232.772,242.851,225.839,226.425,
2015-01-31,226.44099,233.504,216.30901,217.464,
2015-02-01,216.867,231.57401,212.014999,226.972,
2015-02-02,226.491,242.175,222.659,238.229,
2015-02-03,237.45399,245.957,224.483,227.26801,
2015-02-04,227.511,230.057999,221.11301,226.853,
2015-02-05,227.66499,239.405,214.72501,217.11099,
2015-02-06,216.923,230.50999,216.23199,222.26601,
2015-02-07,222.633,230.299,222.60699,227.754,
2015-02-08,227.69299,229.438,221.076996,223.412,
2015-02-09,223.38901,223.97701,217.018997,220.11,
2015-02-10,220.282,221.80701,215.332,219.839,
2015-02-11,219.73199,223.40601,218.074005,219.185,
2015-02-12,219.20799,222.19901,217.614,221.76401,
2015-02-13,221.96899,240.259,221.26199,235.427,
2015-02-14,235.528,259.80801,235.528,257.32101,
2015-02-15,257.50699,265.61099,227.68401,234.825,
2015-02-16,234.825,239.521,229.022003,233.843,
2015-02-17,233.422,245.77499,232.314,243.61,
2015-02-18,243.78,244.25101,232.34,236.326,
2015-02-19,236.41,242.672,235.592,240.283,
2015-02-20,240.25101,247.101,239.299,243.77901,
2015-02-21,243.752,255.32001,243.18401,244.534,
2015-02-22,244.54401,246.392,233.851,235.97701,
2015-02-23,235.995,240.10899,232.42101,238.892,
2015-02-24,238.998,239.901,236.40199,238.735,
2015-02-25,238.89,239.34,235.53,237.47,
2015-02-26,237.33701,237.71001,234.257,236.42599,
2015-02-27,236.436,256.65302,236.436,253.828,
2015-02-28,253.52,254.692,249.479,254.263,
2015-03-01,254.283,261.66,245.933,260.202,
2015-03-02,260.35699,276.30099,258.31299,275.67001,
2015-03-03,275.04599,285.79599,268.16101,281.702,
2015-03-04,281.98999,284.22501,268.12601,273.09201,
2015-03-05,272.73901,281.66699,264.76901,276.17801,
2015-03-06,275.60001,277.608,270.015015,272.72299,
2015-03-07,272.29401,277.854,270.133,276.26099,
2015-03-08,276.43301,277.858,272.565,274.354,
2015-03-09,274.81201,292.70099,273.89301,289.60699,
2015-03-10,289.862,300.044006,289.74301,291.76001,
2015-03-11,291.52499,297.39099,290.508,296.379,
2015-03-12,296.12701,297.088013,292.41299,294.354,
2015-03-13,294.11801,294.49799,285.33701,285.33701,
2015-03-14,284.44199,286.34201,280.97601,281.88501,
2015-03-15,281.42499,286.52899,280.996,286.39301,
2015-03-16,285.685,294.112,285.685,290.59299,
2015-03-17,290.595,292.36499,284.37399,285.505,
2015-03-18,285.066986,285.336,249.87,256.29901,
2015-03-19,255.88,264.24399,248.636,260.92801,
2015-03-20,260.95599,264.84799,259.16199,261.74899,
2015-03-21,261.64401,262.19601,255.64999,260.024994,
2015-03-22,259.91699,269.74701,259.59,267.95999,
2015-03-23,267.89499,277.297,261.745,266.73999,
2015-03-24,266.577,267.0029907,244.155,245.595,
2015-03-25,247.472,249.19,236.515,246.19701,
2015-03-26,246.276,254.354,244.905,248.532,
2015-03-27,248.56599,256.811,245.213,247.029007,
2015-03-28,246.97501,254.205,246.97501,252.798,
2015-03-29,252.74001,253.13901,240.85001,242.713,
2015-03-30,242.879,249.242,239.214,247.526,
2015-03-31,247.45399,248.73,242.739,244.224,
2015-04-01,244.22301,247.541,241.16,247.272,
2015-04-02,247.089005,254.461,245.416,253.0050049,
2015-04-03,253.074005,256.042999,251.879,254.32201,
2015-04-04,254.291,255.258,251.10001,253.69701,
2015-04-05,253.761,260.67499,251.942,260.59799,
2015-04-06,260.72101,261.798,254.575,255.492,
2015-04-07,255.274,255.80499,252.205,253.17999,
2015-04-08,253.063995,253.847,244.215,245.022003,
2015-04-09,244.75101,246.118,239.39999,243.67599,
2015-04-10,243.694,243.694,232.771,236.072006,
2015-04-11,236.016006,239.537,234.175,236.552,
2015-04-12,236.535,237.728,233.495,236.153,
2015-04-13,235.95,236.935,221.996,224.58701,
2015-04-14,224.759,224.976,216.323,219.159,
2015-04-15,219.072998,223.83299,218.649,223.83299,
2015-04-16,223.91701,229.672,223.91701,228.573,
2015-04-17,228.575,228.90601,221.942,222.882,
2015-04-18,222.853,224.31599,220.87601,223.356,
2015-04-19,223.45599,226.353,222.373,222.60001,
2015-04-20,222.612,226.351,221.97701,224.62601,
2015-04-21,224.62,235.269,224.30099,235.269,
2015-04-22,235.60201,237.909,233.476,234.17599,
2015-04-23,234.052994,236.47501,233.19901,236.46201,
2015-04-24,235.97,236.30499,229.933,231.26801,
2015-04-25,231.235,232.561,226.33701,226.39,
2015-04-26,226.41,226.944,214.87399,219.42999,
2015-04-27,219.429,233.30499,218.022995,229.286,
2015-04-28,228.96899,229.495,223.069,225.855,
2015-04-29,225.591,227.039993,223.42999,225.808,
2015-04-30,225.69299,239.563,224.993,236.145,
2015-05-01,235.939,238.966,232.078995,232.078995,
2015-05-02,232.341,235.72701,232.341,234.92999,
2015-05-03,234.88,243.24001,234.082993,240.358,
2015-05-04,240.356,242.638,237.81,239.018005,
2015-05-05,238.85201,239.20399,232.054001,236.121,
2015-05-06,236.24899,236.45399,229.231,229.782,
2015-05-07,229.662,239.105,228.573,237.334,
2015-05-08,237.20399,246.27499,236.274,243.86301,
2015-05-09,243.769,247.804,239.63901,241.832,
2015-05-10,241.729,244.067993,238.849,240.29601,
2015-05-11,240.299,244.27,239.37601,242.158,
2015-05-12,242.145,242.881,240.098999,241.112,
2015-05-13,241.39799,243.70399,235.044998,236.377,
2015-05-14,236.214,237.799,234.057007,236.929,
2015-05-15,236.955,238.75301,236.795,237.605,
2015-05-16,237.644,237.69701,235.295,236.153,
2015-05-17,236.0099945,238.024994,236.0099945,236.802,
2015-05-18,236.88699,237.21001,232.46001,233.12801,
2015-05-19,233.037003,234.151,231.817,231.94701,
2015-05-20,231.89,234.683,231.842,234.018005,
2015-05-21,234.016006,236.242,233.83501,235.34399,
2015-05-22,235.321,240.96899,235.059998,240.34801,
2015-05-23,240.286,241.024994,238.69099,238.87199,
2015-05-24,238.976,241.978,238.811,240.953,
2015-05-25,240.927,241.020996,236.63699,237.11,
2015-05-26,237.104,238.242,235.692,237.116,
2015-05-27,237.065002,238.636,236.69501,237.283,
2015-05-28,237.257,237.82401,236.65199,237.408,
2015-05-29,237.377,237.522,235.731,237.095993,
2015-05-30,237.091995,237.093002,232.046005,233.345,
2015-05-31,233.13499,233.252,229.54201,230.19,
2015-06-01,230.233,231.713,221.29601,222.92599,
2015-06-02,222.894,226.416,222.41901,225.80299,
2015-06-03,225.73599,227.40401,223.92999,225.87399,
2015-06-04,225.772,226.58099,224.054001,224.32401,
2015-06-05,224.15401,225.968,223.179,224.952,
2015-06-06,225.0050049,225.71899,224.379,225.619,
2015-06-07,225.59599,226.194,222.65199,222.881,
2015-06-08,222.879,229.464,222.839,228.489,
2015-06-09,228.53799,230.95399,227.929,229.048004,
2015-06-10,228.995,229.782,228.0099945,228.80299,
2015-06-11,228.855,230.287,228.767,229.705,
2015-06-12,229.705,231.057007,229.313,229.98199,
2015-06-13,229.92,232.65199,229.21001,232.40199,
2015-06-14,232.442,234.858,232.0039978,233.543,
2015-06-15,233.422,237.836,233.422,236.823,
2015-06-16,236.765,251.742,236.12199,250.895,
2015-06-17,250.823,256.853,246.476,249.284,
2015-06-18,249.42799,252.108,244.127,249.0070038,
2015-06-19,249.042999,250.97701,243.787,244.606,
2015-06-20,244.53,245.828,240.627,245.21201,
2015-06-21,245.10001,245.224,241.882,243.944,
2015-06-22,243.96899,247.91701,243.77901,246.99001,
2015-06-23,246.927,247.304,243.133,244.29601,
2015-06-24,244.282,244.341,240.515,240.515,
2015-06-25,240.36501,243.332,240.36501,242.799,
2015-06-26,242.604,243.74899,241.55299,243.59399,
2015-06-27,243.549,251.339,243.117,250.99001,
2015-06-28,250.955,251.172,247.43401,249.011002,
2015-06-29,248.72099,257.173,248.58099,257.063995,
2015-06-30,257.036011,267.867,255.946,263.071991,
2015-07-01,263.345,265.172,255.774,258.621,
2015-07-02,258.552,261.63101,254.116,255.412,
2015-07-03,255.459,257.076996,253.505,256.336,
2015-07-04,256.491,261.457,254.2,260.88599,
2015-07-05,260.80499,274.50601,258.70099,271.91299,
2015-07-06,271.108,277.422,267.60001,269.029999,
2015-07-07,269.96301,271.341,264.832,266.207,
2015-07-08,265.98199,272.97101,264.38599,270.785,
2015-07-09,270.827,272.33499,267.085999,269.228,
2015-07-10,269.15601,294.591,268.802,284.89401,
2015-07-11,284.88,298.50601,283.53,293.11499,
2015-07-12,293.14001,314.39401,292.505,310.867,
2015-07-13,310.827,310.948,281.010986,292.053986,
2015-07-14,292.033997,296.147,286.638,287.46399,
2015-07-15,288.045013,293.24799,285.367,285.82901,
2015-07-16,286.041992,291.18301,275.23999,278.088989,
2015-07-17,278.091003,280.28,272.042999,279.47198,
2015-07-18,279.33099,282.52701,274.075012,274.901,
2015-07-19,274.767,275.67001,272.513,273.61401,
2015-07-20,273.49899,278.98099,272.95999,278.98099,
2015-07-21,278.88199,280.547,275.41901,275.83301,
2015-07-22,275.65701,277.66599,274.38101,277.22198,
2015-07-23,277.341,278.11099,275.716,276.049011,
2015-07-24,276.0050049,289.25299,275.254,288.27802,
2015-07-25,288.164,290.733,286.0020142,288.69699,
2015-07-26,288.64001,293.052002,287.70599,292.686,
2015-07-27,292.63901,297.77399,287.45001,293.62399,
2015-07-28,293.633,296.64899,293.423,294.427,
2015-07-29,294.48401,294.53601,288.77701,289.59,
2015-07-30,289.103,290.12601,286.56799,287.72198,
2015-07-31,287.69601,288.95901,282.34399,284.64999,
2015-08-01,284.686,284.93201,278.112,281.60101,
2015-08-02,280.44901,283.032013,277.52899,282.61401,
2015-08-03,282.806,285.47101,280.233,281.22699,
2015-08-04,281.22501,285.715,281.22501,285.21799,
2015-08-05,284.84698,285.50101,281.48801,281.88199,
2015-08-06,281.90601,281.90601,278.40302,278.577,
2015-08-07,278.741,280.392,276.366,279.58499,
2015-08-08,279.742,279.92801,260.70999,260.99701,
2015-08-09,261.116,267.0029907,260.46799,265.083008,
2015-08-10,265.478,267.032013,262.59601,264.47,
2015-08-11,264.34201,270.38599,264.093994,270.38599,
2015-08-12,270.59799,270.673,265.46899,266.37601,
2015-08-13,266.18301,266.23199,262.841,264.079987,
2015-08-14,264.13199,267.466,261.478,265.67999,
2015-08-15,265.52899,266.66699,261.29599,261.55099,
2015-08-16,261.866,262.44,257.040985,258.50699,
2015-08-17,258.48999,260.505,257.117,257.97601,
2015-08-18,257.92599,257.99301,211.078995,211.078995,
2015-08-19,225.67101,237.409,222.76601,226.68401,
2015-08-20,226.899,237.36501,226.899,235.35001,
2015-08-21,235.355,236.43201,231.724,232.569,
2015-08-22,232.662,234.957,222.70399,230.39,
2015-08-23,230.37601,232.705,225.58,228.16901,
2015-08-24,228.112,228.13901,210.44299,210.495,
2015-08-25,210.067993,226.321,199.567,221.60899,
2015-08-26,222.076004,231.183,220.20399,225.83099,
2015-08-27,226.050003,228.64301,223.68401,224.769,
2015-08-28,224.701,235.21899,220.92599,231.396,
2015-08-29,231.549,233.222,227.33,229.78,
2015-08-30,229.895,232.067993,226.24699,228.761,
2015-08-31,229.114,231.95599,225.91499,230.056,
2015-09-01,230.256,231.216,226.86,228.121,
2015-09-02,228.026993,230.577,226.47501,229.284,
2015-09-03,229.32401,229.605,226.66701,227.183,
2015-09-04,227.215,230.89999,227.050995,230.298,
2015-09-05,230.19901,236.14301,229.44299,235.018997,
2015-09-06,234.87,242.912,234.681,239.84,
2015-09-07,239.93401,242.106,238.722,239.847,
2015-09-08,239.84599,245.78101,239.67799,243.60699,
2015-09-09,243.41499,244.416,237.821,238.168,
2015-09-10,238.336,241.293,235.791,238.47701,
2015-09-11,238.32899,241.16901,238.32899,240.10699,
2015-09-12,239.855,240.12399,234.754,235.229,
2015-09-13,235.242,235.935,229.332,230.51199,
2015-09-14,230.60899,232.44,227.961,230.644,
2015-09-15,230.492,259.18201,229.82201,230.304,
2015-09-16,230.25,231.215,227.40199,229.091003,
2015-09-17,229.076004,230.285,228.92599,229.81,
2015-09-18,233.521,234.353,232.185,232.97501,
2015-09-19,232.858,233.205,231.089005,231.493,
2015-09-20,231.399,232.36501,230.91,231.21201,
2015-09-21,231.217,231.217,226.521,227.085007,
2015-09-22,226.96899,232.386,225.117,230.618,
2015-09-23,230.936,231.83501,229.591,230.283,
2015-09-24,230.358,235.649,230.295,234.52901,
2015-09-25,234.362,237.427,233.68401,235.144,
2015-09-26,235.076004,235.403,233.358,234.34,
2015-09-27,234.13901,234.526,232.476,232.757,
2015-09-28,232.836,239.339,232.467,239.142,
2015-09-29,239.016006,239.802,235.92799,236.687,
2015-09-30,236.64,237.73399,235.629,236.059998,
2015-10-01,236.0039978,238.44501,235.616,237.549,
2015-10-02,237.26401,238.541,236.603,237.293,
2015-10-03,237.202,239.315,236.944,238.73,
2015-10-04,238.53101,238.968,237.94,238.259,
2015-10-05,238.147,240.383,237.035004,240.383,
2015-10-06,240.364,246.935,240.136,246.063004,
2015-10-07,246.17,246.681,242.58501,242.96899,
2015-10-08,243.074997,244.25101,242.179,242.304,
2015-10-09,242.498,244.228,242.12199,243.931,
2015-10-10,243.74001,245.319,243.074005,244.94099,
2015-10-11,244.742,247.243,244.15199,247.050003,
2015-10-12,246.875,247.45399,245.179,245.308,
2015-10-13,245.2,250.23599,243.757,249.508,
2015-10-14,249.493,254.27499,248.903,251.989,
2015-10-15,252.10699,255.96201,252.046005,254.32001,
2015-10-16,254.29601,266.13501,253.92599,262.86899,
2015-10-17,262.74701,273.578,262.367,270.64001,
2015-10-18,270.90701,271.668,260.77701,261.64301,
2015-10-19,261.86099,264.82001,260.95099,263.43701,
2015-10-20,263.57199,270.83499,263.22699,269.46301,
2015-10-21,269.306,270.76999,263.83899,266.272,
2015-10-22,266.496,276.51001,266.13501,274.02301,
2015-10-23,273.64899,278.68399,273.543,276.496,
2015-10-24,276.504,281.70599,276.504,281.65399,
2015-10-25,281.44501,294.05899,281.44501,283.67999,
2015-10-26,283.62799,285.29999,280.51001,285.29999,
2015-10-27,285.181,296.21201,285.0079956,293.78799,
2015-10-28,293.703,306.33099,293.703,304.61801,
2015-10-29,304.32401,318.17001,301.823,313.85501,
2015-10-30,313.94299,334.16901,313.94,328.015015,
2015-10-31,328.51199,332.77701,309.25101,314.16599,
2015-11-01,315.0050049,327.47198,311.88101,325.431,
2015-11-02,325.94199,365.35999,323.20901,361.189,
2015-11-03,361.87299,417.89999,357.647,403.41699,
2015-11-04,403.664,495.56201,380.548,411.56299,
2015-11-05,408.076996,447.561,374.58099,386.354,
2015-11-06,388.046997,395.836,354.024994,374.47,
2015-11-07,374.26901,390.586,372.43301,386.48199,
2015-11-08,384.27802,389.89499,368.70001,373.36801,
2015-11-09,374.32401,385.27802,362.89499,380.25699,
2015-11-10,379.98401,381.38699,329.108,336.819,
2015-11-11,339.82001,340.58499,300.99701,311.084015,
2015-11-12,314.07901,345.080994,313.35599,338.15201,
2015-11-13,338.49799,340.914,326.075012,336.75299,
2015-11-14,336.62399,338.181,329.97,332.90601,
2015-11-15,333.050995,334.66199,317.48999,320.16599,
2015-11-16,319.73499,331.62601,315.905,330.75101,
2015-11-17,330.362,338.35001,329.61401,335.093994,
2015-11-18,334.59299,336.53101,330.64001,334.59,
2015-11-19,334.67899,335.33401,325.27301,326.14899,
2015-11-20,326.41101,326.47299,312.21701,322.022003,
2015-11-21,322.09201,328.159,319.595,326.927,
2015-11-22,326.97501,327.01001,321.259,324.53601,
2015-11-23,324.35001,325.11801,321.29001,323.04599,
2015-11-24,323.014008,323.058014,318.11801,320.04599,
2015-11-25,320.045013,329.134,316.76999,328.20599,
2015-11-26,328.30301,366.75699,328.229,352.68399,
2015-11-27,351.86099,363.58899,347.87,358.041992,
2015-11-28,357.14099,359.53601,352.172,357.38101,
2015-11-29,357.47198,371.939,355.66599,371.29401,
2015-11-30,371.43701,382.36301,370.383,377.32101,
2015-12-01,377.414,378.931,356.56299,362.48801,
2015-12-02,361.845,362.23199,349.465,359.18701,
2015-12-03,359.33099,370.27499,357.41199,361.04599,
2015-12-04,361.26199,363.51599,355.75699,363.18301,
2015-12-05,363.72101,389.785,363.229,388.94901,
2015-12-06,389.55499,402.80899,387.088989,388.78299,
2015-12-07,389.978,399.96899,385.41101,395.53601,
2015-12-08,395.754,415.56299,389.95001,415.56299,
2015-12-09,414.44101,423.12,406.29099,417.56299,
2015-12-10,417.98801,419.509,411.548,415.479,
2015-12-11,415.28101,451.93799,415.28101,451.93799,
2015-12-12,452.33499,469.103,410.741,434.99701,
2015-12-13,431.66,441.67999,426.26801,433.755,
2015-12-14,433.272,447.142,430.45599,444.18201,
2015-12-15,443.87799,465.32101,443.87799,465.32101,
2015-12-16,465.20801,465.20801,443.85101,454.93399,
2015-12-17,454.77701,457.85999,448.858,456.078003,
2015-12-18,455.84698,465.177,454.94,463.616,
2015-12-19,463.552,465.58099,456.76501,462.32199,
2015-12-20,462.23401,462.64499,434.33801,442.685,
2015-12-21,442.83801,444.729,427.31201,438.63901,
2015-12-22,437.436,443.68799,435.51599,436.57199,
2015-12-23,436.72,444.52899,436.61899,442.401,
2015-12-24,443.091003,458.45599,443.076996,454.98499,
2015-12-25,454.85501,458.30499,452.075012,455.65302,
2015-12-26,455.75601,457.48901,405.76001,417.27399,
2015-12-27,416.51401,424.0069885,408.883,422.823,
2015-12-28,423.34299,429.76901,418.48099,422.27899,
2015-12-29,422.097992,432.983,420.62701,432.983,
2015-12-30,433.29999,434.38699,422.084015,426.62,
2015-12-31,425.875,432.92099,418.73499,430.56699,
2016-01-01,430.72101,436.246,427.51501,434.33401,
2016-01-02,434.62201,436.062012,431.87,433.43799,
2016-01-03,433.578,433.74301,424.70599,430.010986,
2016-01-04,430.061005,434.517,429.084015,433.091003,
2016-01-05,433.069,434.18201,429.67599,431.95999,
2016-01-06,431.85599,431.85599,426.341,429.10501,
2016-01-07,430.010986,458.76599,429.076996,458.048004,
2016-01-08,457.53799,462.93399,447.93799,453.23001,
2016-01-09,453.383,454.64001,446.88901,447.61099,
2016-01-10,448.23801,448.30899,440.35101,447.991,
2016-01-11,448.698,450.66199,443.85501,448.42801,
2016-01-12,448.18201,448.18201,435.69,435.69,
2016-01-13,434.66501,435.186,424.44299,432.371,
2016-01-14,432.28799,433.32401,427.845,430.306,
2016-01-15,430.255,430.255,364.33099,364.33099,
2016-01-16,365.072998,390.55701,354.914,387.53601,
2016-01-17,387.15201,390.965,380.09201,382.29901,
2016-01-18,381.733,388.104,376.66501,387.168,
2016-01-19,387.026001,387.73001,378.97198,380.14899,
2016-01-20,379.73999,425.267,376.599,420.23001,
2016-01-21,419.63199,422.87701,406.29999,410.26199,
2016-01-22,409.75101,410.41,375.28201,382.492,
2016-01-23,382.43399,394.543,381.98099,387.491,
2016-01-24,388.10199,405.48499,387.51001,402.97101,
2016-01-25,402.31699,402.31699,388.55399,391.72601,
2016-01-26,392.0020142,397.76599,390.57501,392.15302,
2016-01-27,392.444,396.84299,391.78201,394.97198,
2016-01-28,395.146,395.50201,379.73499,380.289,
2016-01-29,380.108,384.379,365.452,379.474,
2016-01-30,378.86499,380.91699,376.491,378.255,
2016-01-31,378.293,380.34698,367.83499,368.767,
2016-02-01,369.35001,378.071991,367.957,373.056,
2016-02-02,372.92001,375.883,372.92001,374.448,
2016-02-03,374.646,374.95001,368.045013,369.94901,
2016-02-04,370.17401,391.608,369.99301,389.59399,
2016-02-05,388.89801,391.093994,385.57199,386.54901,
2016-02-06,386.58899,386.63101,372.38699,376.522,
2016-02-07,376.51401,380.871,374.90302,376.62,
2016-02-08,376.75699,379.879,373.33401,373.44699,
2016-02-09,373.423,377.246,372.89801,376.028992,
2016-02-10,376.146,385.483,375.78299,381.64899,
2016-02-11,382.11401,383.13,376.39899,379.65399,
2016-02-12,379.686,384.95401,379.60001,384.263,
2016-02-13,384.64099,391.85999,384.64099,391.85999,
2016-02-14,392.93201,407.23001,392.93201,407.23001,
2016-02-15,407.56799,410.38101,397.74899,400.185,
2016-02-16,401.43201,408.94501,401.43201,407.48801,
2016-02-17,407.65601,421.16699,406.784,416.32199,
2016-02-18,416.57199,425.996,415.638,422.37299,
2016-02-19,422.73001,423.104,417.604,420.785,
2016-02-20,421.60101,441.98401,421.60101,437.164,
2016-02-21,437.77301,448.04599,429.076996,438.798,
2016-02-22,438.98901,439.045013,432.91699,437.74799,
2016-02-23,438.255,439.858,417.82101,420.73599,
2016-02-24,420.95599,425.54999,413.90701,424.95499,
2016-02-25,425.036987,427.71899,420.41501,424.54401,
2016-02-26,424.629,432.15201,421.62,432.15201,
2016-02-27,432.83899,434.23099,428.103,432.51901,
2016-02-28,432.57101,435.68301,423.82001,433.504,
2016-02-29,433.43799,441.50699,431.69299,437.69699,
2016-03-01,437.91699,439.65302,432.319,435.12299,
2016-03-02,435.13101,435.91699,423.98901,423.98901,
2016-03-03,423.91199,425.37299,419.41101,421.651,
2016-03-04,421.836,425.17801,410.939,410.939,
2016-03-05,410.78101,411.25699,394.035004,400.57001,
2016-03-06,400.52499,411.90701,395.77802,407.707,
2016-03-07,407.75699,415.91699,406.30899,414.32101,
2016-03-08,414.465,416.24301,411.093994,413.97198,
2016-03-09,413.89401,416.032013,411.60599,414.85999,
2016-03-10,414.74399,417.51199,413.25101,417.13101,
2016-03-11,417.23801,423.92599,417.013,421.69,
2016-03-12,421.60501,421.79501,410.093994,411.62399,
2016-03-13,411.64801,416.604,411.642,414.065002,
2016-03-14,414.20099,416.68399,414.20099,416.43799,
2016-03-15,416.388,418.13101,414.98499,416.82999,
2016-03-16,416.888,417.686,415.91199,417.010986,
2016-03-17,417.88901,420.99701,417.88901,420.621,
2016-03-18,420.547,420.547,406.13699,409.548,
2016-03-19,409.26501,410.98401,407.23001,410.444,
2016-03-20,410.401,414.625,410.401,413.755,
2016-03-21,413.418,413.418,410.38101,413.30701,
2016-03-22,413.13199,418.375,412.53101,418.088989,
2016-03-23,418.16101,419.26801,417.36401,418.040985,
2016-03-24,418.42401,418.67999,415.48599,416.39401,
2016-03-25,416.508,418.079987,415.55801,417.177,
2016-03-26,417.36499,418.987,416.259,417.94501,
2016-03-27,418.14001,428.797,417.711,426.76501,
2016-03-28,426.548,426.85699,423.293,424.23099,
2016-03-29,424.30399,426.203,412.681,416.51599,
2016-03-30,416.83401,416.83401,412.496,414.81601,
2016-03-31,415.25699,418.36899,415.25699,416.729,
2016-04-01,416.76001,418.173,415.83099,417.95999,
2016-04-02,418.422,422.080994,418.422,420.87299,
2016-04-03,421.173,421.57999,419.69699,420.90399,
2016-04-04,421.29901,422.34299,419.60101,421.444,
2016-04-05,421.016998,424.25699,420.61401,424.029999,
2016-04-06,424.284,424.52701,422.729,423.41299,
2016-04-07,423.62,423.65701,420.51801,422.745,
2016-04-08,422.90701,425.36099,419.63501,420.349,
2016-04-09,420.811,420.89099,416.51501,419.41101,
2016-04-10,419.59201,422.435,419.25699,421.564,
2016-04-11,421.87201,422.73901,420.53299,422.483,
2016-04-12,422.84299,427.27701,422.84299,425.19,
2016-04-13,425.63199,426.65799,422.91599,423.73401,
2016-04-14,423.935,425.371,423.013,424.28201,
2016-04-15,424.427,429.92801,424.427,429.71301,
2016-04-16,429.57501,432.625,428.98401,430.57199,
2016-04-17,430.63599,431.371,426.07901,427.39899,
2016-04-18,427.61099,429.27399,427.085999,428.591,
2016-04-19,428.703,436.019989,428.104,435.509,
2016-04-20,435.32401,443.053986,434.40601,441.38901,
2016-04-21,441.41599,450.548,440.952,449.42499,
2016-04-22,449.68799,449.81,444.14999,445.737,
2016-04-23,445.86099,450.28201,444.33099,450.28201,
2016-04-24,450.56,460.146,448.92801,458.55499,
2016-04-25,459.121,466.62,453.59201,461.42599,
2016-04-26,461.64801,467.965,461.621,466.088989,
2016-04-27,466.26199,467.07901,444.134,444.68701,
2016-04-28,445.037994,449.55099,436.64999,449.010986,
2016-04-29,449.40799,455.384,446.016998,455.096985,
2016-04-30,455.17801,455.58701,447.69699,448.31799,
2016-05-01,448.48401,452.479,447.927,451.875,
2016-05-02,451.93301,452.44501,441.776,444.66901,
2016-05-03,444.72699,451.096985,442.617,450.30399,
2016-05-04,450.18301,450.37799,445.63,446.72198,
2016-05-05,446.711,448.50601,445.883,447.97601,
2016-05-06,447.94199,461.375,447.067993,459.603,
2016-05-07,459.63901,460.67499,457.32401,458.53601,
2016-05-08,458.42899,459.41699,455.983,458.548,
2016-05-09,458.20599,462.48099,456.53101,460.483,
2016-05-10,460.51801,461.92899,448.95401,450.89499,
2016-05-11,450.86401,454.57599,450.86401,452.728,
2016-05-12,452.44699,454.94901,449.25,454.76599,
2016-05-13,454.85001,457.054993,453.453,455.67001,
2016-05-14,455.823,456.836,454.78601,455.67099,
2016-05-15,455.759,458.69199,455.45901,457.56799,
2016-05-16,457.586,458.20001,452.94501,454.16299,
2016-05-17,454.0090027,455.071991,453.60501,453.78299,
2016-05-18,453.69101,455.99799,453.29901,454.61899,
2016-05-19,454.52399,454.633,438.715,438.715,
2016-05-20,437.793,444.053986,437.38901,442.67599,
2016-05-21,442.966,443.77802,441.70599,443.18799,
2016-05-22,443.21799,443.427,439.035004,439.323,
2016-05-23,439.34799,444.345,438.823,444.155,
2016-05-24,444.29099,447.10001,443.92999,445.98099,
2016-05-25,446.062012,450.298,446.062012,449.599,
2016-05-26,449.672,453.64401,447.896,453.384,
2016-05-27,453.521,478.14899,453.521,473.46399,
2016-05-28,473.028992,533.47302,472.69901,530.039978,
2016-05-29,527.47699,553.96002,512.17902,526.23297,
2016-05-30,528.47101,544.349,522.96301,533.86401,
2016-05-31,534.19098,546.61798,520.66199,531.38599,
2016-06-01,531.10699,543.080017,525.63599,536.91998,
2016-06-02,536.51501,540.35199,533.078003,537.97198,
2016-06-03,537.68201,574.638,536.91998,569.19397,
2016-06-04,569.70502,590.13202,564.23798,572.72699,
2016-06-05,573.30798,582.80798,569.17798,574.97699,
2016-06-06,574.60199,586.46997,574.60199,585.53699,
2016-06-07,585.44501,590.25897,567.51398,576.59698,
2016-06-08,577.16699,582.83899,573.13,581.64502,
2016-06-09,582.203,582.203,570.95099,574.63,
2016-06-10,575.83698,579.12701,573.32501,577.46997,
2016-06-11,578.67401,607.11603,578.67401,606.72699,
2016-06-12,609.68402,684.84399,607.039001,672.784,
2016-06-13,671.65399,716.0040283,664.487,704.37598,
2016-06-14,704.50403,704.50403,662.80402,685.55902,
2016-06-15,685.685,696.30298,672.56097,694.46899,
2016-06-16,696.52301,773.72198,696.52301,766.30798,
2016-06-17,768.487,775.35602,716.55603,748.909,
2016-06-18,748.75598,777.98999,733.92902,756.22699,
2016-06-19,756.68799,766.62097,745.62799,763.78101,
2016-06-20,763.927,764.083984,732.72699,737.22601,
2016-06-21,735.883,735.883,639.070007,666.65198,
2016-06-22,665.91498,678.66998,587.48297,596.11603,
2016-06-23,597.44299,629.32703,558.13898,623.97699,
2016-06-24,625.57501,681.72699,625.27197,665.29901,
2016-06-25,665.28101,691.73102,646.55902,665.12299,
2016-06-26,665.93103,665.97998,616.93402,629.367,
2016-06-27,629.349,655.27502,620.52399,655.27502,
2016-06-28,658.10199,659.24799,637.77301,647.00097656,
2016-06-29,644.12201,644.68201,628.284,639.89001,
2016-06-30,640.591,675.40302,636.60797,673.33698,
2016-07-01,672.51501,686.15399,669.59399,676.29602,
2016-07-02,676.73401,703.70203,676.39899,703.70203,
2016-07-03,704.96802,704.96802,649.0089722,658.664,
2016-07-04,658.80402,683.66199,650.508,683.66199,
2016-07-05,683.20898,683.49103,665.065979,670.62701,
2016-07-06,670.41803,681.89801,670.41803,677.33099,
2016-07-07,678.090027,682.43201,611.83398,640.56201,
2016-07-08,640.68799,666.70697,636.46698,666.52301,
2016-07-09,666.38397,666.38397,633.39899,650.96002,
2016-07-10,650.599,652.29401,641.26398,649.35999,
2016-07-11,648.48401,659.62903,644.97998,647.659,
2016-07-12,648.28302,675.25897,646.77899,664.55103,
2016-07-13,664.797,668.70001,654.46802,654.46802,
2016-07-14,652.92297,662.90198,652.92297,658.078003,
2016-07-15,659.17102,667.077026,659.039978,663.255,
2016-07-16,663.78101,666.46002,659.33398,660.76703,
2016-07-17,661.99298,682.36499,661.99298,679.45898,
2016-07-18,679.80902,681.55499,668.625,673.10602,
2016-07-19,672.73798,673.27698,667.63202,672.86401,
2016-07-20,672.80603,672.92902,663.35999,665.685,
2016-07-21,665.22803,666.21899,660.41498,665.012024,
2016-07-22,664.922,666.58301,646.72198,650.61902,
2016-07-23,650.72601,656.36603,648.52399,655.55603,
2016-07-24,655.40997,663.10999,652.79303,661.28497,
2016-07-25,661.263,661.828,653.39502,654.096985,
2016-07-26,654.22601,656.22498,645.87903,651.784,
2016-07-27,651.62701,657.45599,648.44702,654.35199,
2016-07-28,654.492,657.59497,654.492,655.034973,
2016-07-29,655.11102,657.79602,654.78601,656.992,
2016-07-30,657.012024,658.22302,654.20898,655.046997,
2016-07-31,655.099976,655.28497,624.36499,624.68103,
2016-08-01,624.60199,626.11902,605.88397,606.27197,
2016-08-02,606.39697,612.84802,531.33398,547.46503,
2016-08-03,548.65601,573.35999,541.547,566.35498,
2016-08-04,566.32898,579.49597,565.77698,578.289,
2016-08-05,578.28101,578.28101,569.98199,575.04303,
2016-08-06,575.030029,588.396,569.46899,587.77802,
2016-08-07,587.771,597.513,586.81598,592.69,
2016-08-08,592.73602,592.99402,588.046997,591.054016,
2016-08-09,591.038025,591.091003,584.79303,587.80103,
2016-08-10,587.64801,599.98401,586.37097,592.10303,
2016-08-11,592.12402,597.54199,589.12,589.12,
2016-08-12,588.79797,589.90997,583.81097,587.55902,
2016-08-13,587.35699,589.77399,584.979,585.58801,
2016-08-14,585.58899,585.66602,564.78101,570.47302,
2016-08-15,570.49402,573.58002,563.23999,567.23999,
2016-08-16,567.24298,581.73798,566.716,577.43903,
2016-08-17,577.76099,580.89398,571.42999,573.216,
2016-08-18,573.70697,577.79199,573.42999,574.31799,
2016-08-19,574.33899,578.23798,574.18201,575.63,
2016-08-20,576.083984,582.81799,575.45697,581.69702,
2016-08-21,581.93903,584.15802,580.21802,581.30798,
2016-08-22,581.31097,588.448,580.59399,586.75299,
2016-08-23,586.771,589.474,581.63397,583.41498,
2016-08-24,583.41199,583.59003,579.85498,580.18201,
2016-08-25,580.17999,580.45099,575.16699,577.76099,
2016-08-26,577.75299,580.62299,576.85797,579.651,
2016-08-27,579.45203,579.84497,568.63,569.94702,
2016-08-28,569.83002,574.038025,569.73999,573.91199,
2016-08-29,574.070984,576.27802,573.46503,574.10699,
2016-08-30,574.11401,578.35699,574.11401,577.50299,
2016-08-31,577.591,577.86102,573.64203,575.47198,
2016-09-01,575.54602,576.31097,571.81403,572.30298,
2016-09-02,572.40997,575.64301,570.81097,575.53699,
2016-09-03,575.55499,599.5,574.05603,598.21198,
2016-09-04,598.59003,611.83698,596.84802,608.63397,
2016-09-05,608.98999,609.054993,602.242,606.59003,
2016-09-06,606.50598,610.83002,605.091003,610.43597,
2016-09-07,610.573,614.54498,608.513,614.54401,
2016-09-08,614.63501,628.77002,613.84399,626.31598,
2016-09-09,626.35199,626.83002,620.263,622.86102,
2016-09-10,622.927,625.094971,622.39502,623.50897,
2016-09-11,623.42401,628.81799,600.50598,606.71899,
2016-09-12,607.0050049,608.45898,605.41101,608.24298,
2016-09-13,608.025024,611.19299,606.92499,609.24103,
2016-09-14,608.841,611.95203,608.40997,610.68402,
2016-09-15,610.58801,611.085999,607.15503,607.15503,
2016-09-16,607.24597,609.26099,606.73499,606.97302,
2016-09-17,607.21802,607.85999,605.19202,605.98401,
2016-09-18,606.28302,610.15802,605.85602,609.87402,
2016-09-19,609.87097,610.93201,608.27002,609.22699,
2016-09-20,609.25403,609.52502,607.93799,608.31201,
2016-09-21,603.58801,603.58801,595.883,597.14899,
2016-09-22,597.27899,598.487,596.21301,596.29797,
2016-09-23,596.19897,603.20502,595.78601,602.84198,
2016-09-24,602.961,604.58002,602.044983,602.625,
2016-09-25,602.74902,603.38098,599.711,600.82599,
2016-09-26,600.80701,608.14301,600.349,608.04303,
2016-09-27,608.021973,608.24799,604.10999,606.16602,
2016-09-28,606.24298,606.59003,604.60699,604.72803,
2016-09-29,605.018982,606.82397,604.84802,605.69299,
2016-09-30,605.71503,609.73499,604.14203,609.73499,
2016-10-01,609.92902,615.237,609.92902,613.98297,
2016-10-02,613.948,614.0050049,609.68201,610.89203,
2016-10-03,610.96802,612.56799,610.45502,612.133,
2016-10-04,612.052002,612.054016,609.479,610.20398,
2016-10-05,610.21802,613.81403,609.617,612.51099,
2016-10-06,612.46997,613.81897,611.46899,613.020996,
2016-10-07,612.60797,617.91199,611.82098,617.12097,
2016-10-08,617.341,619.849,617.341,619.10797,
2016-10-09,619.172,619.198,616.60699,616.75201,
2016-10-10,616.82202,621.31799,616.19702,618.99402,
2016-10-11,619.23798,642.080017,618.5,641.072021,
2016-10-12,640.87097,641.33698,635.96503,636.19202,
2016-10-13,636.030029,638.83301,635.028992,636.78601,
2016-10-14,637.0079956,641.28497,637.0079956,640.37799,
2016-10-15,640.31097,642.10199,637.39001,638.646,
2016-10-16,639.083008,642.89801,638.901,641.63098,
2016-10-17,641.81799,642.328,638.66302,639.19299,
2016-10-18,639.41101,640.73602,635.99597,637.96002,
2016-10-19,638.13397,638.87402,628.013,630.52002,
2016-10-20,630.66302,631.91699,628.258,630.85699,
2016-10-21,630.82501,634.093994,630.69397,632.828,
2016-10-22,633.13599,658.19702,632.84998,657.29401,
2016-10-23,657.62097,661.12903,653.88599,657.070984,
2016-10-24,657.16101,657.25201,652.59497,653.76099,
2016-10-25,654.0020142,664.42401,653.698,657.58801,
2016-10-26,657.67798,679.72803,657.67798,678.30402,
2016-10-27,678.21399,688.59399,678.039978,688.31299,
2016-10-28,688.0,690.44397,684.16199,689.651,
2016-10-29,690.289,720.40198,690.052002,714.479,
2016-10-30,714.11798,714.11798,696.47498,701.86401,
2016-10-31,702.64001,709.289,691.68201,700.97198,
2016-11-01,701.33698,736.45203,701.33698,729.79303,
2016-11-02,730.065979,740.82898,722.349,740.82898,
2016-11-03,742.34601,745.77301,678.15601,688.70001,
2016-11-04,689.12402,706.92999,685.56299,703.23499,
2016-11-05,703.52502,707.51001,697.73901,703.41803,
2016-11-06,703.81201,714.258,699.56,711.52197,
2016-11-07,710.73602,710.73602,699.90302,703.13098,
2016-11-08,703.088989,712.987,702.39001,709.84802,
2016-11-09,709.82501,740.046021,708.60999,723.27301,
2016-11-10,722.84399,723.018005,711.21002,715.534,
2016-11-11,715.55499,718.31799,714.40997,716.41101,
2016-11-12,716.75201,717.14801,704.034973,705.054016,
2016-11-13,705.19598,705.25702,687.315,702.031006,
2016-11-14,701.99701,706.284,699.80798,705.020996,
2016-11-15,705.79401,715.71802,705.26001,711.61902,
2016-11-16,711.16699,747.61499,709.039001,744.198,
2016-11-17,744.87598,755.64502,739.51099,740.97699,
2016-11-18,740.70502,752.88202,736.89001,751.58502,
2016-11-19,751.83301,756.237,744.46698,751.61603,
2016-11-20,751.87903,755.47998,717.94397,731.026001,
2016-11-21,731.26501,741.72198,730.51001,739.24799,
2016-11-22,739.64301,753.87,736.52698,751.34698,
2016-11-23,751.74103,752.25,738.92401,744.59399,
2016-11-24,744.62,746.83197,733.48999,740.289,
2016-11-25,740.44202,741.64899,734.591,741.64899,
2016-11-26,741.51099,742.21399,729.625,735.38202,
2016-11-27,735.43701,739.018005,731.085022,732.034973,
2016-11-28,732.48401,738.0059814,732.48401,735.81299,
2016-11-29,736.32898,737.47101,734.55902,735.604,
2016-11-30,736.284,747.92902,736.26501,745.69098,
2016-12-01,746.046021,758.27502,746.046021,756.77399,
2016-12-02,757.54498,781.29602,757.54498,777.94397,
2016-12-03,778.24799,778.24799,764.85602,771.15503,
2016-12-04,771.638,773.87201,768.16101,773.87201,
2016-12-05,773.39398,773.46802,751.71301,758.70001,
2016-12-06,758.71997,765.62201,758.71997,764.224,
2016-12-07,764.211,771.54303,759.75,768.13202,
2016-12-08,768.075989,774.698,765.94598,770.81,
2016-12-09,769.94397,774.52802,769.64899,772.79401,
2016-12-10,773.02301,777.09198,772.90997,774.65002,
2016-12-11,774.75201,774.79797,765.41199,769.73102,
2016-12-12,770.039978,781.922,770.039978,780.086975,
2016-12-13,780.64697,788.46002,777.96198,780.55603,
2016-12-14,780.0050049,782.033997,776.83899,781.48102,
2016-12-15,780.070007,781.435,777.802,778.088013,
2016-12-16,778.96301,785.031982,778.96301,784.90698,
2016-12-17,785.16602,792.50897,784.86401,790.82898,
2016-12-18,791.0079956,794.737,788.026001,790.53003,
2016-12-19,790.69202,793.61102,790.32001,792.71399,
2016-12-20,792.24701,801.33698,791.49701,800.87598,
2016-12-21,800.64398,834.28101,799.40503,834.28101,
2016-12-22,834.17999,875.78198,834.14899,864.53998,
2016-12-23,864.888,925.117,864.677,921.98401,
2016-12-24,922.17999,923.479,886.33502,898.82202,
2016-12-25,899.65198,899.65198,862.42401,896.18298,
2016-12-26,896.90503,913.18402,896.89801,907.60999,
2016-12-27,908.354,940.047974,904.255,933.198,
2016-12-28,934.83099,975.92102,934.83099,975.92102,
2016-12-29,975.125,979.39697,954.50299,973.49701,
2016-12-30,972.53497,972.53497,934.83301,961.23798,
2016-12-31,960.62701,963.74298,947.23602,963.74298,
2017-01-01,963.65802,1003.080017,958.69897,998.32501,
2017-01-02,998.617,1031.39001,996.70203,1021.75,
2017-01-03,1021.59998,1044.079956,1021.59998,1043.83997,
2017-01-04,1044.40002,1159.42004,1044.40002,1154.72998,
2017-01-05,1156.72998,1191.099976,910.41699,1013.38,
2017-01-06,1014.23999,1046.81006,883.94397,902.20099,
2017-01-07,903.487,908.58502,823.55603,908.58502,
2017-01-08,908.17499,942.724,887.24902,911.19897,
2017-01-09,913.24402,913.68597,879.80701,902.828,
2017-01-10,902.44,914.87299,901.059998,907.67902,
2017-01-11,908.11499,919.448,762.76501,777.75702,
2017-01-12,775.17798,826.24597,755.75598,804.83398,
2017-01-13,803.737,829.00097656,780.0029907,823.98401,
2017-01-14,825.14203,835.085022,812.45599,818.41199,
2017-01-15,818.14203,823.30701,812.87097,821.79797,
2017-01-16,821.78302,834.53003,820.271,831.534,
2017-01-17,830.94598,910.56097,830.79602,907.93799,
2017-01-18,909.37299,917.49902,858.30402,886.61798,
2017-01-19,888.33502,904.61401,884.33801,899.072998,
2017-01-20,898.172,899.39801,887.0079956,895.026001,
2017-01-21,895.54901,927.367,895.53497,921.789,
2017-01-22,922.20502,937.52502,897.56403,924.67297,
2017-01-23,925.49902,928.26599,916.73798,921.012024,
2017-01-24,910.677,924.14502,892.28601,892.68701,
2017-01-25,891.92401,903.25201,891.68701,901.54199,
2017-01-26,902.39502,919.32599,902.224,917.586,
2017-01-27,918.35901,923.22302,915.84601,919.75,
2017-01-28,919.81097,923.91101,919.81097,921.59003,
2017-01-29,922.067017,923.41803,919.14801,919.49597,
2017-01-30,920.151,923.047974,919.474,920.38202,
2017-01-31,920.95898,972.018982,920.95898,970.40302,
2017-02-01,970.94098,989.11401,970.742,989.02301,
2017-02-02,990.00097656,1013.52002,983.22101,1011.79999,
2017-02-03,1011.46002,1033.87,1008.78998,1029.91003,
2017-02-04,1031.32996,1045.90002,1015.15997,1042.90002,
2017-02-05,1043.52002,1043.63,1022.37,1027.33997,
2017-02-06,1028.40002,1044.64001,1028.16003,1038.15002,
2017-02-07,1040.14001,1061.93005,1040.14001,1061.34998,
2017-02-08,1062.31995,1078.96997,1037.48999,1063.069946,
2017-02-09,1064.69995,1088.98999,953.34399,994.383,
2017-02-10,995.63202,998.90503,946.69098,988.67401,
2017-02-11,988.89801,1009.28998,982.83002,1004.45001,
2017-02-12,1003.52002,1004.76001,996.92102,999.18103,
2017-02-13,998.88501,1002.099976,976.0020142,990.64203,
2017-02-14,991.73499,1011.51001,986.47101,1004.54999,
2017-02-15,1006.21002,1008.84003,1001.58002,1007.47998,
2017-02-16,1007.65002,1033.37,1007.65002,1027.43994,
2017-02-17,1026.12,1053.17004,1025.64001,1046.20996,
2017-02-18,1049.20996,1061.099976,1046.95996,1054.42004,
2017-02-19,1054.76001,1056.81006,1043.45996,1047.87,
2017-02-20,1048.68994,1080.48999,1041.68994,1079.97998,
2017-02-21,1079.28003,1117.25,1076.93005,1115.30005,
2017-02-22,1114.80005,1125.39001,1100.55005,1117.43994,
2017-02-23,1117.27002,1176.62,1116.95996,1166.71997,
2017-02-24,1172.70996,1200.39001,1131.95996,1173.68005,
2017-02-25,1170.41003,1174.84998,1124.58997,1143.83997,
2017-02-26,1144.27002,1167.46997,1130.19995,1165.19995,
2017-02-27,1163.78003,1181.97998,1163.38,1179.96997,
2017-02-28,1180.71997,1193.25,1171.81995,1179.96997,
2017-03-01,1180.040039,1222.5,1179.68994,1222.5,
2017-03-02,1224.68005,1262.13,1215.62,1251.01001,
2017-03-03,1250.70996,1280.31006,1250.70996,1274.98999,
2017-03-04,1277.43005,1279.40002,1230.51001,1255.15002,
2017-03-05,1254.29004,1267.29004,1238.060059,1267.12,
2017-03-06,1267.46997,1276.0,1264.59998,1272.82996,
2017-03-07,1273.20996,1275.55005,1204.80005,1223.54004,
2017-03-08,1223.22998,1232.16003,1148.079956,1150.0,
2017-03-09,1150.34998,1197.45996,1141.22998,1188.48999,
2017-03-10,1189.35999,1270.46997,1077.25,1116.71997,
2017-03-11,1116.31995,1193.82996,1116.31995,1175.82996,
2017-03-12,1176.62,1226.97998,1175.35999,1221.38,
2017-03-13,1221.78003,1237.37,1217.030029,1231.92004,
2017-03-14,1232.16003,1244.81006,1220.71997,1240.0,
2017-03-15,1240.16003,1251.60999,1239.75,1249.60999,
2017-03-16,1251.32996,1257.97998,1152.43994,1187.81006,
2017-03-17,1180.16003,1180.16003,1099.56995,1100.22998,
2017-03-18,1099.68994,1114.069946,957.65503,973.81799,
2017-03-19,976.72998,1069.91003,976.72998,1036.73999,
2017-03-20,1037.23999,1063.030029,1036.68005,1054.22998,
2017-03-21,1055.35999,1122.43005,1055.35999,1120.54004,
2017-03-22,1120.65002,1120.65002,1014.21002,1049.14001,
2017-03-23,1050.050049,1058.01001,1028.93005,1038.58997,
2017-03-24,1038.44995,1040.46997,934.35797,937.52002,
2017-03-25,936.53998,975.76099,903.71301,972.77899,
2017-03-26,974.015015,1007.96002,954.18597,966.72498,
2017-03-27,972.054993,1046.40002,971.98401,1045.77002,
2017-03-28,1044.57996,1064.65002,1027.72998,1047.15002,
2017-03-29,1046.079956,1055.13,1015.88,1039.96997,
2017-03-30,1042.20996,1049.29004,1020.039978,1026.43005,
2017-03-31,1026.64001,1074.92004,1026.64001,1071.79004,
2017-04-01,1071.70996,1091.71997,1061.089966,1080.5,
2017-04-02,1080.60999,1107.58997,1075.44995,1102.17004,
2017-04-03,1102.94995,1151.73999,1102.94995,1143.81006,
2017-04-04,1145.52002,1156.43994,1120.52002,1133.25,
2017-04-05,1134.14001,1135.089966,1113.63,1124.78003,
2017-04-06,1125.81006,1188.37,1125.81006,1182.68005,
2017-04-07,1178.93994,1186.57996,1163.39001,1176.90002,
2017-04-08,1172.65002,1184.97998,1162.57996,1175.94995,
2017-04-09,1176.56995,1197.20996,1171.85999,1187.87,
2017-04-10,1187.30005,1190.33997,1179.040039,1187.13,
2017-04-11,1187.45996,1208.069946,1187.45996,1205.01001,
2017-04-12,1204.81006,1207.14001,1196.76001,1200.37,
2017-04-13,1201.02002,1205.89001,1156.43994,1169.28003,
2017-04-14,1170.32996,1190.80005,1159.79004,1167.54004,
2017-04-15,1167.30005,1188.0,1164.95996,1172.52002,
2017-04-16,1172.60999,1187.21997,1172.60999,1182.93994,
2017-04-17,1183.25,1194.90002,1172.65002,1193.91003,
2017-04-18,1193.77002,1217.56995,1193.77002,1211.67004,
2017-04-19,1212.13,1215.51001,1205.079956,1210.29004,
2017-04-20,1211.079956,1240.79004,1208.41003,1229.079956,
2017-04-21,1229.42004,1235.93994,1215.56006,1222.050049,
2017-04-22,1222.70996,1235.56006,1208.46997,1231.70996,
2017-04-23,1231.92004,1232.19995,1203.93994,1207.20996,
2017-04-24,1209.63,1250.93994,1209.63,1250.15002,
2017-04-25,1250.44995,1267.57996,1249.96997,1265.48999,
2017-04-26,1265.98999,1294.82996,1265.93005,1281.079956,
2017-04-27,1281.88,1319.69995,1281.30005,1317.72998,
2017-04-28,1317.73999,1331.28003,1292.37,1316.47998,
2017-04-29,1317.83997,1327.19995,1315.20996,1321.79004,
2017-04-30,1321.87,1347.91003,1314.92004,1347.89001,
2017-05-01,1348.30005,1434.31995,1348.30005,1421.59998,
2017-05-02,1421.030029,1473.90002,1415.68994,1452.81995,
2017-05-03,1453.78003,1492.77002,1447.48999,1490.089966,
2017-05-04,1490.71997,1608.91003,1490.71997,1537.67004,
2017-05-05,1540.87,1618.030029,1530.31006,1555.44995,
2017-05-06,1556.81006,1578.80005,1542.5,1578.80005,
2017-05-07,1579.46997,1596.71997,1559.76001,1596.70996,
2017-05-08,1596.92004,1723.34998,1596.92004,1723.34998,
2017-05-09,1723.89001,1833.48999,1716.30005,1755.35999,
2017-05-10,1756.52002,1788.43994,1719.099976,1787.13,
2017-05-11,1780.37,1873.93005,1755.34998,1848.56995,
2017-05-12,1845.76001,1856.15002,1694.01001,1724.23999,
2017-05-13,1723.12,1812.98999,1651.079956,1804.91003,
2017-05-14,1800.85999,1831.42004,1776.62,1808.91003,
2017-05-15,1808.43994,1812.80005,1708.54004,1738.43005,
2017-05-16,1741.69995,1785.93994,1686.54004,1734.44995,
2017-05-17,1726.72998,1864.050049,1661.91003,1839.089966,
2017-05-18,1818.69995,1904.47998,1807.12,1888.65002,
2017-05-19,1897.37,2004.52002,1890.25,1987.70996,
2017-05-20,1984.23999,2084.72998,1974.92004,2084.72998,
2017-05-21,2067.030029,2119.080078,2037.5,2041.19995,
2017-05-22,2043.18994,2303.8999,2017.87,2173.3999,
2017-05-23,2191.56006,2320.82007,2178.5,2320.41992,
2017-05-24,2321.37012,2523.71997,2321.37012,2443.63989,
2017-05-25,2446.23999,2763.70996,2285.30005,2304.97998,
2017-05-26,2320.88989,2573.79004,2071.98999,2202.41992,
2017-05-27,2196.27002,2260.19995,1855.82996,2038.87,
2017-05-28,2054.080078,2267.34009,2054.080078,2155.80005,
2017-05-29,2159.42993,2307.050049,2107.16992,2255.61011,
2017-05-30,2255.36011,2301.95996,2124.57007,2175.46997,
2017-05-31,2187.18994,2311.080078,2145.57007,2286.40991,
2017-06-01,2288.33008,2448.38989,2288.33008,2407.87988,
2017-06-02,2404.030029,2488.55005,2373.32007,2488.55005,
2017-06-03,2493.71997,2581.90991,2423.57007,2515.3501,
2017-06-04,2547.79004,2585.88989,2452.54004,2511.81006,
2017-06-05,2512.3999,2686.81006,2510.21997,2686.81006,
2017-06-06,2690.84009,2999.90991,2690.84009,2863.19995,
2017-06-07,2869.37988,2869.37988,2700.56006,2732.15991,
2017-06-08,2720.48999,2815.30005,2670.94995,2805.62012,
2017-06-09,2807.43994,2901.70996,2795.62012,2823.81006,
2017-06-10,2828.13989,2950.98999,2746.55005,2947.70996,
2017-06-11,2942.40991,2996.6001,2840.53003,2958.11011,
2017-06-12,2953.21997,2997.26001,2518.56006,2659.62988,
2017-06-13,2680.90991,2789.040039,2650.37988,2717.02002,
2017-06-14,2716.87988,2786.83008,2412.93994,2506.37012,
2017-06-15,2499.58008,2534.70996,2212.95996,2464.58008,
2017-06-16,2469.57007,2539.91992,2385.1499,2518.56006,
2017-06-17,2514.01001,2685.18994,2484.95996,2655.87988,
2017-06-18,2655.3501,2662.1001,2516.33008,2548.29004,
2017-06-19,2549.030029,2662.8501,2549.030029,2589.6001,
2017-06-20,2591.26001,2763.44995,2589.82007,2721.79004,
2017-06-21,2709.42993,2772.01001,2660.3999,2689.1001,
2017-06-22,2691.030029,2723.73999,2642.36011,2705.40991,
2017-06-23,2707.34009,2765.16992,2706.37012,2744.90991,
2017-06-24,2738.52002,2757.93994,2583.18994,2608.71997,
2017-06-25,2607.25,2682.26001,2552.12012,2589.40991,
2017-06-26,2590.57007,2615.25,2376.29004,2478.44995,
2017-06-27,2478.44995,2552.44995,2332.98999,2552.44995,
2017-06-28,2553.030029,2603.97998,2484.41992,2574.79004,
2017-06-29,2567.56006,2588.83008,2510.47998,2539.32007,
2017-06-30,2539.23999,2559.25,2478.42993,2480.84009,
2017-07-01,2492.6001,2515.27002,2419.22998,2434.55005,
2017-07-02,2436.3999,2514.28003,2394.84009,2506.46997,
2017-07-03,2498.56006,2595.0,2480.46997,2564.060059,
2017-07-04,2561.0,2631.59009,2559.3501,2601.63989,
2017-07-05,2602.87012,2622.6499,2538.55005,2601.98999,
2017-07-06,2608.1001,2616.71997,2581.68994,2608.56006,
2017-07-07,2608.59009,2916.13989,2498.87012,2518.65991,
2017-07-08,2520.27002,2571.34009,2492.31006,2571.34009,
2017-07-09,2572.61011,2635.48999,2517.59009,2518.43994,
2017-07-10,2525.25,2537.15991,2321.12988,2372.56006,
2017-07-11,2385.88989,2413.46997,2296.81006,2337.79004,
2017-07-12,2332.77002,2423.70996,2275.13989,2398.84009,
2017-07-13,2402.69995,2425.21997,2340.83008,2357.8999,
2017-07-14,2360.59009,2363.25,2183.21997,2233.34009,
2017-07-15,2230.12012,2231.13989,1990.41003,1998.85999,
2017-07-16,1991.97998,2058.77002,1843.030029,1929.81995,
2017-07-17,1932.62,2230.48999,1932.62,2228.40991,
2017-07-18,2233.52002,2387.61011,2164.77002,2318.87988,
2017-07-19,2323.080078,2397.16992,2260.22998,2273.42993,
2017-07-20,2269.88989,2900.69995,2269.88989,2817.6001,
2017-07-21,2838.40991,2838.40991,2621.8501,2667.76001,
2017-07-22,2668.62988,2862.41992,2657.70996,2810.12012,
2017-07-23,2808.1001,2832.17993,2653.93994,2730.3999,
2017-07-24,2732.69995,2777.26001,2699.18994,2754.86011,
2017-07-25,2757.5,2768.080078,2480.95996,2576.47998,
2017-07-26,2577.77002,2610.76001,2450.80005,2529.44995,
2017-07-27,2538.70996,2693.32007,2529.34009,2671.78003,
2017-07-28,2679.72998,2897.44995,2679.72998,2809.01001,
2017-07-29,2807.02002,2808.76001,2692.80005,2726.44995,
2017-07-30,2724.38989,2758.53003,2644.8501,2757.17993,
2017-07-31,2763.23999,2889.62012,2720.61011,2875.34009,
2017-08-01,2871.30005,2921.3501,2685.61011,2718.26001,
2017-08-02,2727.12988,2762.53003,2668.59009,2710.66992,
2017-08-03,2709.56006,2813.31006,2685.13989,2804.72998,
2017-08-04,2806.92993,2899.33008,2743.71997,2895.88989,
2017-08-05,2897.62988,3290.01001,2874.83008,3252.90991,
2017-08-06,3257.61011,3293.29004,3155.6001,3213.93994,
2017-08-07,3212.78003,3397.67993,3180.88989,3378.93994,
2017-08-08,3370.21997,3484.8501,3345.83008,3419.93994,
2017-08-09,3420.3999,3422.76001,3247.66992,3342.46997,
2017-08-10,3341.84009,3453.44995,3319.46997,3381.28003,
2017-08-11,3373.82007,3679.71997,3372.12012,3650.62012,
2017-08-12,3650.62988,3949.91992,3613.69995,3884.70996,
2017-08-13,3880.040039,4208.39014,3857.80005,4073.26001,
2017-08-14,4066.1001,4325.12988,3989.15991,4325.12988,
2017-08-15,4326.99023,4455.97021,3906.17993,4181.93018,
2017-08-16,4200.33984,4381.22998,3994.41992,4376.62988,
2017-08-17,4384.43994,4484.7002,4243.70996,4331.68994,
2017-08-18,4324.33984,4370.12988,4015.3999,4160.62012,
2017-08-19,4137.75,4243.25977,3970.55005,4193.7002,
2017-08-20,4189.31006,4196.29004,4069.87988,4087.65991,
2017-08-21,4090.47998,4109.14014,3988.6001,4001.73999,
2017-08-22,3998.3501,4128.75977,3674.58008,4100.52002,
2017-08-23,4089.01001,4255.77979,4078.40991,4151.52002,
2017-08-24,4137.6001,4376.39014,4130.25977,4334.68018,
2017-08-25,4332.81982,4455.7002,4307.3501,4371.6001,
2017-08-26,4372.060059,4379.27979,4269.52002,4352.3999,
2017-08-27,4345.1001,4416.58984,4317.29004,4382.87988,
2017-08-28,4384.4502,4403.93018,4224.64014,4382.66016,
2017-08-29,4389.20996,4625.68018,4352.12988,4579.02002,
2017-08-30,4570.35986,4626.52002,4471.41016,4565.2998,
2017-08-31,4555.58984,4736.049805,4549.3999,4703.39014,
2017-09-01,4701.75977,4892.0097656,4678.52979,4892.0097656,
2017-09-02,4901.41992,4975.040039,4469.24023,4578.77002,
2017-09-03,4585.27002,4714.080078,4417.58984,4582.95996,
2017-09-04,4591.62988,4591.62988,4108.3999,4236.31006,
2017-09-05,4228.29004,4427.83984,3998.11011,4376.52979,
2017-09-06,4376.58984,4617.25,4376.58984,4597.12012,
2017-09-07,4589.14014,4655.040039,4491.33008,4599.87988,
2017-09-08,4605.16016,4661.0,4075.17993,4228.75,
2017-09-09,4229.81006,4308.81982,4114.10986,4226.060059,
2017-09-10,4229.33984,4245.43994,3951.040039,4122.93994,
2017-09-11,4122.47021,4261.66992,4099.3999,4161.27002,
2017-09-12,4168.87988,4344.6499,4085.21997,4130.81006,
2017-09-13,4131.97998,4131.97998,3789.91992,3882.59009,
2017-09-14,3875.37012,3920.6001,3153.86011,3154.94995,
2017-09-15,3166.30005,3733.44995,2946.62012,3637.52002,
2017-09-16,3637.75,3808.84009,3487.79004,3625.040039,
2017-09-17,3606.28003,3664.81006,3445.63989,3582.87988,
2017-09-18,3591.090088,4079.22998,3591.090088,4065.19995,
2017-09-19,4073.79004,4094.070068,3868.87012,3924.96997,
2017-09-20,3916.36011,4031.38989,3857.72998,3905.94995,
2017-09-21,3901.46997,3916.41992,3613.62988,3631.040039,
2017-09-22,3628.02002,3758.27002,3553.53003,3630.69995,
2017-09-23,3629.91992,3819.20996,3594.58008,3792.3999,
2017-09-24,3796.1499,3796.1499,3666.8999,3682.84009,
2017-09-25,3681.58008,3950.25,3681.58008,3926.070068,
2017-09-26,3928.40991,3969.88989,3869.8999,3892.3501,
2017-09-27,3892.93994,4210.049805,3884.82007,4200.66992,
2017-09-28,4197.12988,4279.31006,4109.7002,4174.72998,
2017-09-29,4171.62012,4214.62988,4039.29004,4163.069824,
2017-09-30,4166.10986,4358.43018,4160.85986,4338.70996,
2017-10-01,4341.049805,4403.74023,4269.81006,4403.74023,
2017-10-02,4395.81006,4470.22998,4377.45996,4409.31982,
2017-10-03,4408.45996,4432.47021,4258.89014,4317.47998,
2017-10-04,4319.37012,4352.31006,4210.41992,4229.35986,
2017-10-05,4229.87988,4362.64014,4164.049805,4328.41016,
2017-10-06,4324.45996,4413.27002,4320.52979,4370.81006,
2017-10-07,4369.3501,4443.87988,4321.049805,4426.89014,
2017-10-08,4429.66992,4624.14014,4405.64014,4610.47998,
2017-10-09,4614.52002,4878.70996,4564.25,4772.02002,
2017-10-10,4776.20996,4922.16992,4765.1001,4781.99023,
2017-10-11,4789.25,4873.72998,4751.62988,4826.47998,
2017-10-12,4829.58008,5446.91016,4822.0,5446.91016,
2017-10-13,5464.16016,5840.2998,5436.8501,5647.20996,
2017-10-14,5643.52979,5837.7002,5591.64014,5831.79004,
2017-10-15,5835.95996,5852.47998,5478.60986,5678.18994,
2017-10-16,5687.56982,5776.22998,5544.20996,5725.58984,
2017-10-17,5741.58008,5800.3501,5472.72021,5605.50977,
2017-10-18,5603.81982,5603.81982,5151.43994,5590.68994,
2017-10-19,5583.74023,5744.3501,5531.060059,5708.52002,
2017-10-20,5708.10986,6060.10986,5627.22998,6011.4502,
2017-10-21,5996.79004,6194.87988,5965.069824,6031.6001,
2017-10-22,6036.66016,6076.25977,5792.33984,6008.41992,
2017-10-23,6006.0,6075.58984,5732.47021,5930.31982,
2017-10-24,5935.52002,5935.52002,5504.18018,5526.64014,
2017-10-25,5524.6001,5754.33008,5397.87988,5750.7998,
2017-10-26,5747.9502,5976.7998,5721.22021,5904.83008,
2017-10-27,5899.74023,5988.39014,5728.81982,5780.8999,
2017-10-28,5787.81982,5876.72021,5689.18994,5753.089844,
2017-10-29,5754.43994,6255.70996,5724.58008,6153.8501,
2017-10-30,6114.8501,6214.99023,6040.8501,6130.52979,
2017-10-31,6132.02002,6470.43018,6103.33008,6468.3999,
2017-11-01,6440.97021,6767.31006,6377.87988,6767.31006,
2017-11-02,6777.77002,7367.33008,6758.72021,7078.5,
2017-11-03,7087.52979,7461.29004,7002.93994,7207.75977,
2017-11-04,7164.47998,7492.85986,7031.27979,7379.9502,
2017-11-05,7404.52002,7617.47998,7333.18994,7407.41016,
2017-11-06,7403.22021,7445.77002,7007.31006,7022.75977,
2017-11-07,7023.1001,7253.31982,7023.1001,7144.37988,
2017-11-08,7141.37988,7776.41992,7114.02002,7459.68994,
2017-11-09,7446.83008,7446.83008,7101.52002,7143.58008,
2017-11-10,7173.72998,7312.0,6436.87012,6618.14014,
2017-11-11,6618.60986,6873.1499,6204.22021,6357.6001,
2017-11-12,6295.4502,6625.049805,5519.0097656,5950.069824,
2017-11-13,5938.25,6811.18994,5844.29004,6559.49023,
2017-11-14,6561.47998,6764.97998,6461.75,6635.75,
2017-11-15,6634.75977,7342.25,6634.75977,7315.54004,
2017-11-16,7323.24023,7967.37988,7176.58008,7871.68994,
2017-11-17,7853.56982,8004.58984,7561.089844,7708.99023,
2017-11-18,7697.20996,7884.99023,7463.43994,7790.1499,
2017-11-19,7766.029785,8101.91016,7694.1001,8036.49023,
2017-11-20,8039.069824,8336.86035,7949.35986,8200.63965,
2017-11-21,8205.74023,8348.66016,7762.70996,8071.25977,
2017-11-22,8077.9502,8302.25977,8075.47021,8253.5498,
2017-11-23,8232.37988,8267.40039,8038.77002,8038.77002,
2017-11-24,8074.02002,8374.16016,7940.93018,8253.69043,
2017-11-25,8241.70996,8790.91992,8191.1499,8790.91992,
2017-11-26,8789.040039,9522.92969,8775.58984,9330.5498,
2017-11-27,9352.71973,9818.34961,9352.71973,9818.34961,
2017-11-28,9823.42969,10125.7002,9736.2998,10058.7998,
2017-11-29,10077.40039,11517.40039,9601.030273,9888.61035,
2017-11-30,9906.79004,10801.0,9202.049805,10233.59961,
2017-12-01,10198.59961,11046.7002,9694.65039,10975.59961,
2017-12-02,10978.2998,11320.2002,10905.099609,11074.59961,
2017-12-03,11082.7002,11858.7002,10862.0,11323.2002,
2017-12-04,11315.40039,11657.2002,11081.7998,11657.2002,
2017-12-05,11685.7002,12032.0,11604.59961,11916.7002,
2017-12-06,11923.40039,14369.099609,11923.40039,14291.5,
2017-12-07,14266.099609,17899.69922,14057.2998,17899.69922,
2017-12-08,17802.90039,18353.40039,14336.90039,16569.40039,
2017-12-09,16523.30078,16783.0,13674.90039,15178.2002,
2017-12-10,15168.40039,15850.59961,13226.59961,15455.40039,
2017-12-11,15427.40039,17513.90039,15404.7998,16936.80078,
2017-12-12,16919.80078,17781.80078,16571.59961,17415.40039,
2017-12-13,17500.0,17653.099609,16039.7002,16408.19922,
2017-12-14,16384.59961,17085.80078,16185.90039,16564.0,
2017-12-15,16601.30078,18154.099609,16601.30078,17706.90039,
2017-12-16,17760.30078,19716.69922,17515.30078,19497.40039,
2017-12-17,19475.80078,20089.0,18974.099609,19140.80078,
2017-12-18,19106.40039,19371.0,18355.90039,19114.19922,
2017-12-19,19118.30078,19177.80078,17275.40039,17776.69922,
2017-12-20,17760.30078,17934.69922,16077.7002,16624.59961,
2017-12-21,16642.40039,17567.69922,15342.7002,15802.90039,
2017-12-22,15898.0,15943.40039,11833.0,13831.7998,
2017-12-23,13948.7002,15603.2002,13828.7998,14699.2002,
2017-12-24,14608.2002,14626.0,12747.7002,13925.7998,
2017-12-25,13995.90039,14593.0,13448.90039,14026.59961,
2017-12-26,14036.59961,16461.19922,14028.90039,16099.7998,
2017-12-27,16163.5,16930.90039,15114.2998,15838.5,
2017-12-28,15864.099609,15888.40039,13937.2998,14606.5,
2017-12-29,14695.7998,15279.0,14307.0,14656.2002,
2017-12-30,14681.90039,14681.90039,12350.099609,12952.2002,
2017-12-31,12897.7002,14377.40039,12755.59961,14156.40039,
2018-01-01,14112.2002,14112.2002,13154.7002,13657.2002,
2018-01-02,13625.0,15444.59961,13163.59961,14982.099609,
2018-01-03,14978.2002,15572.7998,14844.5,15201.0,
2018-01-04,15270.7002,15739.7002,14522.2002,15599.2002,
2018-01-05,15477.2002,17705.19922,15202.7998,17429.5,
2018-01-06,17462.099609,17712.40039,16764.59961,17527.0,
2018-01-07,17527.30078,17579.59961,16087.7002,16477.59961,
2018-01-08,16476.19922,16537.90039,14208.2002,15170.099609,
2018-01-09,15123.7002,15497.5,14424.0,14595.40039,
2018-01-10,14588.5,14973.2998,13691.2002,14973.2998,
2018-01-11,14968.2002,15018.7998,13105.90039,13405.7998,
2018-01-12,13453.90039,14229.90039,13158.099609,13980.59961,
2018-01-13,13952.40039,14659.5,13952.40039,14360.2002,
2018-01-14,14370.7998,14511.7998,13268.0,13772.0,
2018-01-15,13767.2998,14445.5,13641.7002,13819.7998,
2018-01-16,13836.099609,13843.099609,10194.90039,11490.5,
2018-01-17,11431.099609,11678.0,9402.29004,11188.59961,
2018-01-18,11198.7998,12107.2998,10942.5,11474.90039,
2018-01-19,11429.7998,11992.7998,11172.099609,11607.40039,
2018-01-20,11656.2002,13103.0,11656.2002,12899.2002,
2018-01-21,12889.2002,12895.90039,11288.2002,11600.099609,
2018-01-22,11633.099609,11966.40039,10240.2002,10931.40039,
2018-01-23,10944.5,11377.59961,10129.7002,10868.40039,
2018-01-24,10903.40039,11501.40039,10639.7998,11359.40039,
2018-01-25,11421.7002,11785.7002,11057.40039,11259.40039,
2018-01-26,11256.0,11656.7002,10470.2998,11171.40039,
2018-01-27,11174.90039,11614.90039,10989.2002,11440.7002,
2018-01-28,11475.2998,12040.2998,11475.2998,11786.2998,
2018-01-29,11755.5,11875.59961,11179.2002,11296.40039,
2018-01-30,11306.7998,11307.2002,10036.2002,10106.2998,
2018-01-31,10108.2002,10381.59961,9777.41992,10221.099609,
2018-02-01,10237.2998,10288.7998,8812.28027,9170.54004,
2018-02-02,9142.28027,9142.28027,7796.49023,8830.75,
2018-02-03,8852.12012,9430.75,8251.62988,9174.91016,
2018-02-04,9175.7002,9334.87012,8031.22021,8277.0097656,
2018-02-05,8270.54004,8364.83984,6756.68018,6955.27002,
2018-02-06,7051.75,7850.7002,6048.25977,7754.0,
2018-02-07,7755.49023,8509.11035,7236.79004,7621.2998,
2018-02-08,7637.85986,8558.76953,7637.85986,8265.58984,
2018-02-09,8271.83984,8736.98047,7884.70996,8736.98047,
2018-02-10,8720.080078,9122.5498,8295.46973,8621.90039,
2018-02-11,8616.12988,8616.12988,7931.1001,8129.97021,
2018-02-12,8141.43018,8985.91992,8141.43018,8926.57031,
2018-02-13,8926.71973,8958.46973,8455.41016,8598.30957,
2018-02-14,8599.91992,9518.54004,8599.91992,9494.62988,
2018-02-15,9488.32031,10234.7998,9395.58008,10166.40039,
2018-02-16,10135.7002,10324.099609,9824.82031,10233.90039,
2018-02-17,10207.5,11139.5,10149.40039,11112.7002,
2018-02-18,11123.40039,11349.7998,10326.0,10551.7998,
2018-02-19,10552.59961,11273.7998,10513.2002,11225.2998,
2018-02-20,11231.7998,11958.5,11231.7998,11403.7002,
2018-02-21,11372.2002,11418.5,10479.099609,10690.40039,
2018-02-22,10660.40039,11039.099609,9939.089844,10005.0,
2018-02-23,9937.070312,10487.2998,9734.55957,10301.099609,
2018-02-24,10287.7002,10597.2002,9546.96973,9813.070312,
2018-02-25,9796.41992,9923.21973,9407.05957,9664.73047,
2018-02-26,9669.42969,10475.0,9501.73047,10366.7002,
2018-02-27,10393.90039,10878.5,10246.099609,10725.59961,
2018-02-28,10687.2002,11089.7998,10393.099609,10397.90039,
2018-03-01,10385.0,11052.2998,10352.7002,10951.0,
2018-03-02,10977.40039,11189.0,10850.099609,11086.40039,
2018-03-03,11101.90039,11528.2002,11002.40039,11489.7002,
2018-03-04,11497.40039,11512.59961,11136.099609,11512.59961,
2018-03-05,11532.40039,11704.099609,11443.90039,11573.2998,
2018-03-06,11500.099609,11500.099609,10694.2998,10779.90039,
2018-03-07,10803.90039,10929.5,9692.12012,9965.57031,
2018-03-08,9951.44043,10147.40039,9335.87012,9395.0097656,
2018-03-09,9414.69043,9466.34961,8513.030273,9337.5498,
2018-03-10,9350.58984,9531.32031,8828.46973,8866.0,
2018-03-11,8852.78027,9711.88965,8607.12012,9578.62988,
2018-03-12,9602.92969,9937.5,8956.42969,9205.12012,
2018-03-13,9173.040039,9470.37988,8958.19043,9194.84961,
2018-03-14,9214.65039,9355.84961,8068.58984,8269.80957,
2018-03-15,8290.75977,8428.34961,7783.049805,8300.86035,
2018-03-16,8322.91016,8585.15039,8005.31006,8338.34961,
2018-03-17,8321.91016,8346.53027,7812.81982,7916.87988,
2018-03-18,7890.52002,8245.50977,7397.99023,8223.67969,
2018-03-19,8344.12012,8675.87012,8182.3999,8630.65039,
2018-03-20,8619.66992,9051.019531,8389.88965,8913.46973,
2018-03-21,8937.48047,9177.37012,8846.33008,8929.28027,
2018-03-22,8939.44043,9100.70996,8564.90039,8728.46973,
2018-03-23,8736.25,8879.62012,8360.62012,8879.62012,
2018-03-24,8901.9502,8996.17969,8665.7002,8668.12012,
2018-03-25,8612.80957,8682.0097656,8449.099609,8495.78027,
2018-03-26,8498.46973,8530.080078,7921.43018,8209.40039,
2018-03-27,8200.0,8232.78027,7797.27979,7833.040039,
2018-03-28,7836.83008,8122.89014,7809.16992,7954.47998,
2018-03-29,7979.069824,7994.33008,7081.37988,7165.7002,
2018-03-30,7171.4502,7276.66016,6683.93018,6890.52002,
2018-03-31,6892.47998,7207.8501,6863.52002,6973.52979,
2018-04-01,7003.060059,7060.9502,6526.87012,6844.22998,
2018-04-02,6844.85986,7135.47021,6816.58008,7083.7998,
2018-04-03,7102.25977,7530.93994,7072.49023,7456.10986,
2018-04-04,7456.41016,7469.87988,6803.87988,6853.83984,
2018-04-05,6848.6499,6933.81982,6644.7998,6811.47021,
2018-04-06,6815.95996,6857.49023,6575.0,6636.31982,
2018-04-07,6630.50977,7050.54004,6630.50977,6911.089844,
2018-04-08,6919.97998,7111.56006,6919.97998,7023.52002,
2018-04-09,7044.31982,7178.10986,6661.99023,6770.72998,
2018-04-10,6795.43994,6872.41016,6704.1499,6834.75977,
2018-04-11,6843.47021,6968.31982,6817.58984,6968.31982,
2018-04-12,6955.37988,7899.22998,6806.50977,7889.25,
2018-04-13,7901.089844,8183.95996,7758.93018,7895.95996,
2018-04-14,7874.66992,8140.70996,7846.0,7986.24023,
2018-04-15,7999.33008,8338.41992,7999.33008,8329.11035,
2018-04-16,8337.57031,8371.15039,7925.72998,8058.66992,
2018-04-17,8071.66016,8285.95996,7881.72021,7902.089844,
2018-04-18,7944.43018,8197.7998,7886.0097656,8163.41992,
2018-04-19,8159.27002,8298.69043,8138.77979,8294.30957,
2018-04-20,8286.87988,8880.23047,8244.54004,8845.83008,
2018-04-21,8848.79004,8997.57031,8652.15039,8895.58008,
2018-04-22,8925.05957,9001.63965,8779.61035,8802.45996,
2018-04-23,8794.38965,8958.5498,8788.80957,8930.87988,
2018-04-24,8934.33984,9732.61035,8927.83008,9697.5,
2018-04-25,9701.030273,9745.32031,8799.83984,8845.74023,
2018-04-26,8867.32031,9281.50977,8727.089844,9281.50977,
2018-04-27,9290.62988,9375.46973,8987.049805,8987.049805,
2018-04-28,8939.26953,9412.089844,8931.99023,9348.48047,
2018-04-29,9346.41016,9531.49023,9193.70996,9419.080078,
2018-04-30,9426.11035,9477.13965,9166.80957,9240.5498,
2018-05-01,9251.46973,9255.87988,8891.049805,9119.0097656,
2018-05-02,9104.59961,9256.51953,9015.13965,9235.91992,
2018-05-03,9233.96973,9798.33008,9188.15039,9743.86035,
2018-05-04,9695.5,9779.2002,9585.95996,9700.75977,
2018-05-05,9700.28027,9964.5,9695.12012,9858.15039,
2018-05-06,9845.30957,9940.13965,9465.25,9654.7998,
2018-05-07,9645.66992,9665.84961,9231.53027,9373.0097656,
2018-05-08,9380.87012,9462.75,9127.76953,9234.82031,
2018-05-09,9223.73047,9374.75977,9031.62012,9325.17969,
2018-05-10,9325.95996,9396.040039,9040.51953,9043.94043,
2018-05-11,9052.95996,9052.95996,8394.45996,8441.49023,
2018-05-12,8441.44043,8664.86035,8223.5,8504.88965,
2018-05-13,8515.49023,8773.5498,8395.12012,8723.94043,
2018-05-14,8713.099609,8881.12012,8367.96973,8716.79004,
2018-05-15,8705.19043,8836.19043,8456.4502,8510.37988,
2018-05-16,8504.41016,8508.42969,8175.49023,8368.83008,
2018-05-17,8370.049805,8445.54004,8054.12012,8094.31982,
2018-05-18,8091.83008,8274.12012,7974.81982,8250.96973,
2018-05-19,8255.73047,8372.05957,8183.3501,8247.17969,
2018-05-20,8246.99023,8562.41016,8205.24023,8513.25,
2018-05-21,8522.33008,8557.51953,8365.12012,8418.99023,
2018-05-22,8419.87012,8423.25,8004.58008,8041.77979,
2018-05-23,8037.080078,8054.66016,7507.87988,7557.81982,
2018-05-24,7561.12012,7738.6001,7331.14014,7587.33984,
2018-05-25,7592.2998,7659.14014,7392.6499,7480.14014,
2018-05-26,7486.47998,7595.16016,7349.12012,7355.87988,
2018-05-27,7362.080078,7381.74023,7270.95996,7368.22021,
2018-05-28,7371.31006,7419.049805,7100.89014,7135.99023,
2018-05-29,7129.45996,7526.41992,7090.68018,7472.58984,
2018-05-30,7469.72998,7573.77002,7313.6001,7406.52002,
2018-05-31,7406.1499,7608.8999,7361.12988,7494.16992,
2018-06-01,7500.7002,7604.72998,7407.33984,7541.4502,
2018-06-02,7536.72021,7695.83008,7497.25977,7643.4502,
2018-06-03,7632.089844,7754.89014,7613.040039,7720.25,
2018-06-04,7722.52979,7753.81982,7474.040039,7514.47021,
2018-06-05,7500.8999,7643.22998,7397.0,7633.75977,
2018-06-06,7625.97021,7680.43018,7502.0097656,7653.97998,
2018-06-07,7650.81982,7741.27002,7650.81982,7678.24023,
2018-06-08,7685.14014,7698.18994,7558.3999,7624.91992,
2018-06-09,7632.52002,7683.58008,7531.97998,7531.97998,
2018-06-10,7499.5498,7499.5498,6709.069824,6786.02002,
2018-06-11,6799.29004,6910.18018,6706.62988,6906.91992,
2018-06-12,6905.81982,6907.95996,6542.080078,6582.35986,
2018-06-13,6596.87988,6631.66016,6285.62988,6349.8999,
2018-06-14,6342.75,6707.14014,6334.45996,6675.3501,
2018-06-15,6674.080078,6681.080078,6433.87012,6456.58008,
2018-06-16,6455.4502,6592.49023,6402.29004,6550.16016,
2018-06-17,6545.52979,6589.10986,6499.27002,6499.27002,
2018-06-18,6510.069824,6781.14014,6446.68018,6734.81982,
2018-06-19,6742.39014,6822.5,6709.91992,6769.93994,
2018-06-20,6770.75977,6821.56006,6611.87988,6776.5498,
2018-06-21,6780.089844,6810.93994,6715.16992,6729.74023,
2018-06-22,6737.87988,6747.080078,6006.6001,6083.68994,
2018-06-23,6090.1001,6224.81982,6071.81006,6162.47998,
2018-06-24,6164.27979,6223.77979,5826.41016,6173.22998,
2018-06-25,6171.97021,6327.37012,6119.68018,6249.18018,
2018-06-26,6253.5498,6290.16016,6093.66992,6093.66992,
2018-06-27,6084.3999,6180.0,6052.8501,6157.12988,
2018-06-28,6153.16016,6170.41016,5873.049805,5903.43994,
2018-06-29,5898.12988,6261.66016,5835.75,6218.2998,
2018-06-30,6214.22021,6465.50977,6214.22021,6404.0,
2018-07-01,6411.68018,6432.8501,6289.29004,6385.81982,
2018-07-02,6380.37988,6683.85986,6305.7002,6614.18018,
2018-07-03,6596.66016,6671.37012,6447.75,6529.58984,
2018-07-04,6550.87012,6771.91992,6450.45996,6597.5498,
2018-07-05,6599.70996,6749.54004,6546.6499,6639.14014,
2018-07-06,6638.68994,6700.93994,6533.5498,6673.5,
2018-07-07,6668.70996,6863.99023,6579.24023,6856.93018,
2018-07-08,6857.7998,6885.91016,6747.97998,6773.87988,
2018-07-09,6775.080078,6838.68018,6724.33984,6741.75,
2018-07-10,6739.20996,6767.74023,6320.72021,6329.9502,
2018-07-11,6330.77002,6444.95996,6330.47021,6394.70996,
2018-07-12,6396.77979,6397.1001,6136.41992,6228.81006,
2018-07-13,6235.029785,6310.5498,6192.24023,6238.049805,
2018-07-14,6247.5,6298.18994,6212.22021,6276.12012,
2018-07-15,6272.7002,6403.45996,6256.50977,6359.64014,
2018-07-16,6357.0097656,6741.75,6357.0097656,6741.75,
2018-07-17,6739.6499,7387.24023,6684.16992,7321.040039,
2018-07-18,7315.31982,7534.99023,7280.47021,7370.77979,
2018-07-19,7378.2002,7494.45996,7295.45996,7466.85986,
2018-07-20,7467.3999,7594.66992,7323.25977,7354.12988,
2018-07-21,7352.72021,7437.64014,7262.41016,7419.29004,
2018-07-22,7417.7998,7537.9502,7383.81982,7418.49023,
2018-07-23,7414.70996,7771.5,7409.1001,7711.10986,
2018-07-24,7716.50977,8424.26953,7705.5,8424.26953,
2018-07-25,8379.66016,8416.87012,8086.35986,8181.39014,
2018-07-26,8176.8501,8290.33008,7878.70996,7951.58008,
2018-07-27,7950.3999,8262.66016,7839.75977,8165.0097656,
2018-07-28,8169.060059,8222.84961,8110.77002,8192.15039,
2018-07-29,8205.82031,8272.25977,8141.18018,8218.45996,
2018-07-30,8221.58008,8235.5,7917.5,8180.47998,
2018-07-31,8181.2002,8181.52979,7696.93018,7780.43994,
2018-08-01,7769.040039,7769.040039,7504.9502,7624.91016,
2018-08-02,7634.18994,7712.77002,7523.43994,7567.1499,
2018-08-03,7562.14014,7562.14014,7328.6499,7434.39014,
2018-08-04,7438.66992,7497.49023,6984.069824,7032.8501,
2018-08-05,7031.080078,7102.77002,6940.7002,7068.47998,
2018-08-06,7062.93994,7166.5498,6890.54004,6951.7998,
2018-08-07,6958.31982,7146.56006,6748.24023,6753.12012,
2018-08-08,6746.8501,6746.8501,6226.22021,6305.7998,
2018-08-09,6305.56006,6625.72998,6249.069824,6568.22998,
2018-08-10,6571.41992,6591.25977,6124.52002,6184.70996,
2018-08-11,6185.79004,6455.74023,6109.029785,6295.72998,
2018-08-12,6283.6499,6409.8501,6237.5,6322.68994,
2018-08-13,6341.35986,6537.049805,6225.72021,6297.56982,
2018-08-14,6287.66016,6287.93994,5971.049805,6199.70996,
2018-08-15,6221.41992,6588.49023,6221.41992,6308.52002,
2018-08-16,6294.22998,6473.5,6276.41016,6334.72998,
2018-08-17,6340.91016,6582.5,6324.97021,6580.62988,
2018-08-18,6583.43018,6617.3501,6353.72998,6423.75977,
2018-08-19,6422.56982,6537.97998,6361.5498,6506.069824,
2018-08-20,6500.50977,6536.91992,6297.93018,6308.52979,
2018-08-21,6301.069824,6500.87012,6298.24023,6488.75977,
2018-08-22,6486.25,6816.79004,6310.10986,6376.70996,
2018-08-23,6371.33984,6546.54004,6371.33984,6534.87988,
2018-08-24,6551.52002,6719.95996,6498.64014,6719.95996,
2018-08-25,6719.9502,6789.62988,6700.95996,6763.18994,
2018-08-26,6754.64014,6774.75,6620.75,6707.25977,
2018-08-27,6710.7998,6884.64014,6689.70996,6884.64014,
2018-08-28,6891.080078,7109.56006,6882.33984,7096.27979,
2018-08-29,7091.70996,7113.2998,6970.81982,7047.16016,
2018-08-30,7043.75977,7072.68994,6834.68994,6978.22998,
2018-08-31,6973.97021,7057.16992,6920.16016,7037.58008,
2018-09-01,7044.81006,7242.29004,7038.049805,7193.25,
2018-09-02,7189.58008,7306.31006,7132.16016,7272.72021,
2018-09-03,7279.029785,7317.93994,7208.1499,7260.060059,
2018-09-04,7263.0,7388.25977,7255.43994,7361.66016,
2018-09-05,7361.45996,7388.43018,6792.83008,6792.83008,
2018-09-06,6755.14014,6755.14014,6404.72021,6529.16992,
2018-09-07,6528.91992,6555.29004,6396.87012,6467.069824,
2018-09-08,6460.16992,6534.25,6197.52002,6225.97998,
2018-09-09,6223.37988,6446.25977,6201.22021,6300.85986,
2018-09-10,6301.56982,6374.97998,6292.75977,6329.7002,
2018-09-11,6331.87988,6398.91992,6260.20996,6321.2002,
2018-09-12,6317.0097656,6363.87012,6265.089844,6351.7998,
2018-09-13,6354.24023,6535.41016,6354.24023,6517.31006,
2018-09-14,6515.41016,6596.1001,6456.16992,6512.70996,
2018-09-15,6509.3999,6561.72021,6493.5498,6543.2002,
2018-09-16,6536.68018,6544.33008,6460.1001,6517.18018,
2018-09-17,6514.060059,6540.20996,6257.52002,6281.2002,
2018-09-18,6280.91016,6384.18018,6265.70996,6371.2998,
2018-09-19,6371.8501,6448.45996,6208.33984,6398.54004,
2018-09-20,6398.8501,6529.25977,6395.9502,6519.66992,
2018-09-21,6513.87012,6794.33008,6496.35986,6734.9502,
2018-09-22,6735.049805,6814.56006,6616.7998,6721.97998,
2018-09-23,6715.31982,6766.1499,6679.41992,6710.62988,
2018-09-24,6704.77002,6713.56006,6580.8999,6595.41016,
2018-09-25,6603.64014,6603.64014,6381.85986,6446.47021,
2018-09-26,6452.79004,6585.91016,6397.89014,6495.0,
2018-09-27,6495.29004,6712.1001,6464.9502,6676.75,
2018-09-28,6678.75,6785.029785,6598.31982,6644.12988,
2018-09-29,6643.1001,6643.1001,6511.6499,6601.95996,
2018-09-30,6604.70996,6643.77979,6566.54004,6625.56006,
2018-10-01,6619.8501,6653.2998,6549.080078,6589.62012,
2018-10-02,6593.24023,6611.83984,6537.8999,6556.1001,
2018-10-03,6553.85986,6571.45996,6454.029785,6502.58984,
2018-10-04,6497.91016,6603.31006,6497.91016,6576.68994,
2018-10-05,6574.1499,6623.62012,6557.41016,6622.47998,
2018-10-06,6622.4502,6628.54004,6577.7998,6588.31006,
2018-10-07,6590.68018,6641.49023,6557.040039,6602.9502,
2018-10-08,6600.18994,6675.060059,6576.040039,6652.22998,
2018-10-09,6653.080078,6661.41016,6606.93994,6642.64014,
2018-10-10,6640.29004,6640.29004,6538.95996,6585.52979,
2018-10-11,6586.74023,6586.74023,6243.74023,6256.24023,
2018-10-12,6239.25,6328.5,6236.47021,6274.58008,
2018-10-13,6278.080078,6308.50977,6259.81006,6285.99023,
2018-10-14,6288.49023,6363.20996,6280.1499,6290.93018,
2018-10-15,6292.64014,6965.060059,6258.68018,6596.54004,
2018-10-16,6601.41016,6673.58984,6571.37012,6596.10986,
2018-10-17,6590.52002,6601.20996,6517.4502,6544.43018,
2018-10-18,6542.33008,6567.54004,6450.040039,6476.70996,
2018-10-19,6478.069824,6493.68018,6445.31006,6465.41016,
2018-10-20,6460.91992,6497.72021,6449.0,6489.18994,
2018-10-21,6490.089844,6556.37988,6476.0,6482.3501,
2018-10-22,6486.049805,6543.7998,6462.97998,6487.16016,
2018-10-23,6472.35986,6506.0097656,6451.27002,6475.74023,
2018-10-24,6478.89014,6521.99023,6468.85986,6495.83984,
2018-10-25,6484.6499,6504.6499,6447.029785,6476.29004,
2018-10-26,6468.43994,6498.29004,6449.60986,6474.75,
2018-10-27,6480.83984,6507.41016,6453.52979,6480.37988,
2018-10-28,6482.66016,6502.27979,6447.91016,6486.39014,
2018-10-29,6492.3501,6503.6001,6306.99023,6332.62988,
2018-10-30,6337.040039,6364.99023,6310.14014,6334.27002,
2018-10-31,6336.99023,6349.16016,6316.87988,6317.60986,
2018-11-01,6318.14014,6547.14014,6311.83008,6377.77979,
2018-11-02,6378.91992,6396.85986,6327.37988,6388.43994,
2018-11-03,6387.24023,6400.069824,6342.37012,6361.25977,
2018-11-04,6365.47021,6388.62988,6294.56982,6376.12988,
2018-11-05,6363.62012,6480.58984,6363.62012,6419.66016,
2018-11-06,6433.37988,6463.5498,6408.16016,6461.0097656,
2018-11-07,6468.5,6552.16016,6468.31006,6530.14014,
2018-11-08,6522.27002,6536.91992,6438.52979,6453.72021,
2018-11-09,6442.6001,6456.45996,6373.37012,6385.62012,
2018-11-10,6386.12988,6437.27979,6385.31006,6409.22021,
2018-11-11,6413.62988,6423.25,6350.16992,6411.27002,
2018-11-12,6411.75977,6434.20996,6360.47021,6371.27002,
2018-11-13,6373.18994,6395.27002,6342.66992,6359.49023,
2018-11-14,6351.24023,6371.5498,5544.089844,5738.3501,
2018-11-15,5736.1499,5774.81982,5358.37988,5648.029785,
2018-11-16,5645.31982,5657.02002,5498.93994,5575.5498,
2018-11-17,5578.58008,5578.58008,5519.56006,5554.33008,
2018-11-18,5559.74023,5653.60986,5559.74023,5623.54004,
2018-11-19,5620.77979,5620.77979,4842.91016,4871.49023,
2018-11-20,4863.93018,4951.60986,4272.10986,4451.87012,
2018-11-21,4465.54004,4675.72998,4343.97998,4602.16992,
2018-11-22,4611.56982,4629.64014,4365.64014,4365.93994,
2018-11-23,4360.7002,4396.41992,4195.68018,4347.10986,
2018-11-24,4347.68994,4413.089844,3795.15991,3880.76001,
2018-11-25,3880.78003,4120.87012,3585.060059,4009.96997,
2018-11-26,4015.070068,4107.14014,3643.91992,3779.12988,
2018-11-27,3765.94995,3862.95996,3661.01001,3820.71997,
2018-11-28,3822.46997,4385.8999,3822.46997,4257.41992,
2018-11-29,4269.0043945,4413.020508,4145.76514,4278.84668,
2018-11-30,4289.088867,4322.97656,3942.82202,4017.26855,
2018-12-01,4024.46436,4309.37744,3969.71069,4214.67188,
2018-12-02,4200.7334,4301.51953,4110.97852,4139.87793,
2018-12-03,4147.32373,4155.97949,3840.44629,3894.13086,
2018-12-04,3886.29492,4075.62769,3832.75,3956.8938,
2018-12-05,3958.89478,3969.53589,3753.99487,3753.99487,
2018-12-06,3754.074463,3874.96606,3521.10181,3521.10181,
2018-12-07,3512.59033,3512.59033,3280.22876,3419.93726,
2018-12-08,3421.9104,3506.043457,3350.65063,3476.11475,
2018-12-09,3473.22754,3685.30566,3469.094238,3614.23438,
2018-12-10,3612.046387,3647.33252,3470.14453,3502.65601,
2018-12-11,3497.55469,3513.18506,3392.25,3424.58813,
2018-12-12,3421.45825,3534.22852,3413.48145,3486.9502,
2018-12-13,3487.87939,3489.7395,3298.13208,3313.67725,
2018-12-14,3311.75195,3329.55591,3206.54224,3242.48486,
2018-12-15,3243.99756,3275.37793,3191.30347,3236.76172,
2018-12-16,3236.27466,3305.75317,3233.81982,3252.83911,
2018-12-17,3253.12305,3597.91797,3253.12305,3545.86475,
2018-12-18,3544.76147,3701.34937,3487.16919,3696.059082,
2018-12-19,3706.82495,3949.323,3687.22998,3745.95068,
2018-12-20,3742.19507,4191.22852,3728.97461,4134.44141,
2018-12-21,4133.70361,4198.42969,3850.94629,3896.5437,
2018-12-22,3898.08374,4014.18262,3855.73901,4014.18262,
2018-12-23,4020.99463,4085.72363,3976.40576,3998.98022,
2018-12-24,4000.33179,4271.79248,4000.33179,4078.59912,
2018-12-25,4081.030518,4089.56152,3760.020508,3815.49072,
2018-12-26,3819.66675,3893.35962,3769.86377,3857.29761,
2018-12-27,3854.68848,3874.41699,3645.44849,3654.8335,
2018-12-28,3653.13184,3956.13599,3642.63208,3923.9187,
2018-12-29,3932.4917,3963.75879,3820.40869,3820.40869,
2018-12-30,3822.38477,3901.90894,3797.21924,3865.95264,
2018-12-31,3866.83911,3868.74292,3725.86743,3742.70044,
2019-01-01,3746.71338,3850.91382,3707.2312,3843.52002,
2019-01-02,3849.21631,3947.9812,3817.40942,3943.40942,
2019-01-03,3931.048584,3935.68506,3826.2229,3836.74121,
2019-01-04,3832.040039,3865.93457,3783.85376,3857.71753,
2019-01-05,3851.97388,3904.90308,3836.90015,3845.19458,
2019-01-06,3836.51904,4093.29736,3826.51318,4076.63257,
2019-01-07,4078.58496,4092.61353,4020.89404,4025.24829,
2019-01-08,4028.47217,4109.020996,3996.95532,4030.8479,
2019-01-09,4031.552,4068.40356,4022.66284,4035.29639,
2019-01-10,4034.41138,4064.06665,3659.17456,3678.92456,
2019-01-11,3674.015381,3713.88184,3653.069824,3687.36548,
2019-01-12,3686.97314,3698.97827,3653.81079,3661.30103,
2019-01-13,3658.86816,3674.76001,3544.92725,3552.95312,
2019-01-14,3557.31104,3727.83618,3552.28516,3706.052246,
2019-01-15,3704.21631,3720.15332,3619.94922,3630.67529,
2019-01-16,3631.50977,3685.7771,3624.67334,3655.0068359,
2019-01-17,3651.87109,3680.13599,3621.96094,3678.56396,
2019-01-18,3677.99048,3682.52002,3637.080811,3657.83936,
2019-01-19,3652.37793,3758.53345,3652.37793,3728.56836,
2019-01-20,3725.44604,3743.38794,3583.019531,3601.013672,
2019-01-21,3600.3728,3608.84082,3558.53711,3576.032471,
2019-01-22,3575.081299,3620.74658,3539.72144,3604.57715,
2019-01-23,3605.55713,3623.067871,3565.31396,3585.12305,
2019-01-24,3584.50024,3616.087402,3569.092773,3600.86548,
2019-01-25,3607.39038,3612.92773,3575.59741,3599.76587,
2019-01-26,3599.71533,3654.93311,3593.34595,3602.46045,
2019-01-27,3604.68726,3612.67139,3567.24585,3583.96582,
2019-01-28,3584.2832,3586.75098,3439.23291,3470.45044,
2019-01-29,3468.87012,3476.06543,3400.81982,3448.11694,
2019-01-30,3443.89697,3495.1748,3429.38794,3486.18164,
2019-01-31,3485.40918,3504.80493,3447.91577,3457.79272,
2019-02-01,3460.54712,3501.9541,3431.59155,3487.94531,
2019-02-02,3484.62598,3523.28735,3467.57471,3521.060791,
2019-02-03,3516.13965,3521.38818,3447.92432,3464.013428,
2019-02-04,3467.21167,3476.22388,3442.58691,3459.15405,
2019-02-05,3454.95093,3478.14819,3451.93701,3466.35742,
2019-02-06,3469.091797,3469.091797,3398.56543,3413.76782,
2019-02-07,3414.92944,3427.94556,3394.21851,3399.47168,
2019-02-08,3401.37646,3695.61401,3391.023682,3666.78027,
2019-02-09,3671.58594,3679.94141,3646.55933,3671.20361,
2019-02-10,3673.20142,3695.036133,3640.97998,3690.18823,
2019-02-11,3695.61304,3695.61304,3642.28784,3648.43066,
2019-02-12,3642.75195,3668.58691,3618.55688,3653.52856,
2019-02-13,3653.604,3669.74658,3617.24634,3632.070557,
2019-02-14,3631.17017,3646.25659,3607.69775,3616.88086,
2019-02-15,3617.36841,3647.79517,3608.20654,3620.81079,
2019-02-16,3615.27026,3652.84131,3615.27026,3629.7876,
2019-02-17,3633.35938,3680.53735,3619.18213,3673.83618,
2019-02-18,3671.36987,3936.66504,3669.98242,3915.71436,
2019-02-19,3911.66162,4010.87939,3908.15308,3947.094482,
2019-02-20,3946.68506,4000.48633,3926.24683,3999.82056,
2019-02-21,4000.25684,4010.0095215,3940.10815,3954.11816,
2019-02-22,3952.40649,4006.53833,3950.81641,4005.52661,
2019-02-23,3998.91626,4166.28613,3968.72681,4142.52686,
2019-02-24,4145.45801,4210.6416,3793.70898,3810.42749,
2019-02-25,3807.0024414,3913.70728,3807.0024414,3882.69629,
2019-02-26,3878.69727,3891.57886,3837.98633,3854.35791,
2019-02-27,3857.47974,3888.80249,3787.058838,3851.047363,
2019-02-28,3848.26196,3906.05835,3845.82129,3854.7854,
2019-03-01,3853.75708,3907.79541,3851.69238,3859.58374,
2019-03-02,3855.31812,3874.60742,3832.12793,3864.41504,
2019-03-03,3862.26611,3875.48364,3836.90576,3847.17578,
2019-03-04,3845.091553,3867.38184,3733.74976,3761.55713,
2019-03-05,3759.83252,3903.91675,3745.18311,3896.375,
2019-03-06,3897.081055,3919.5105,3871.46069,3903.94263,
2019-03-07,3903.38477,3939.37329,3894.11304,3911.48438,
2019-03-08,3913.22583,3950.43213,3875.22852,3901.13159,
2019-03-09,3894.55249,3987.23779,3892.39038,3963.31372,
2019-03-10,3966.17432,3966.17432,3924.3811,3951.59985,
2019-03-11,3953.74023,3966.38477,3889.23901,3905.22729,
2019-03-12,3903.7583,3926.88916,3863.55908,3909.15625,
2019-03-13,3913.047363,3926.59766,3891.9043,3906.71729,
2019-03-14,3905.5769,3946.50439,3901.29688,3924.36914,
2019-03-15,3926.66333,3968.54297,3914.015381,3960.91113,
2019-03-16,3963.90015,4077.036377,3961.65747,4048.72583,
2019-03-17,4047.71948,4054.12207,4006.41113,4025.229,
2019-03-18,4029.96851,4071.55664,4009.11719,4032.50732,
2019-03-19,4032.69189,4082.21606,4023.8125,4071.19019,
2019-03-20,4070.79395,4089.46191,4031.11084,4087.47632,
2019-03-21,4083.95386,4097.35986,4005.15137,4029.3269,
2019-03-22,4028.51465,4053.90674,4021.54248,4023.96826,
2019-03-23,4022.71338,4049.88257,4015.9646,4035.82642,
2019-03-24,4035.16357,4040.69971,4006.19287,4022.16821,
2019-03-25,4024.11279,4038.84082,3934.03125,3963.070557,
2019-03-26,3969.22876,3985.080811,3944.75317,3985.080811,
2019-03-27,3984.24487,4087.066162,3977.81055,4087.066162,
2019-03-28,4087.58447,4094.9021,4040.26636,4069.10718,
2019-03-29,4068.2998,4113.50098,4034.097168,4098.37451,
2019-03-30,4092.13623,4296.80664,4053.90967,4106.66016,
2019-03-31,4105.45605,4113.023438,4094.10083,4105.4043,
2019-04-01,4105.3623,4164.95312,4096.90137,4158.18311,
2019-04-02,4156.91943,4905.95459,4155.31689,4879.87793,
2019-04-03,4879.95801,5307.003418,4876.62109,4973.021973,
2019-04-04,4971.30762,5063.15967,4836.79395,4922.79883,
2019-04-05,4922.80615,5053.50977,4919.4917,5036.68115,
2019-04-06,5036.79297,5205.82178,4992.22217,5059.81738,
2019-04-07,5062.79395,5235.18652,5050.41211,5198.89697,
2019-04-08,5199.83545,5318.83643,5148.21191,5289.771,
2019-04-09,5289.91797,5289.91797,5167.41895,5204.9585,
2019-04-10,5204.10547,5421.65137,5193.38232,5324.55176,
2019-04-11,5325.081543,5354.22559,5017.29639,5064.48779,
2019-04-12,5061.20068,5103.27441,4955.85254,5089.53906,
2019-04-13,5088.8501,5127.12207,5061.58936,5096.58643,
2019-04-14,5095.75879,5184.016113,5053.56836,5167.72217,
2019-04-15,5167.32178,5196.60693,5024.069336,5067.1084,
2019-04-16,5066.57764,5238.94531,5055.19482,5235.55957,
2019-04-17,5236.13525,5274.27539,5219.20557,5251.93799,
2019-04-18,5251.48047,5319.98633,5250.50684,5298.38574,
2019-04-19,5298.1543,5336.68018,5233.33496,5303.8125,
2019-04-20,5304.16064,5358.49072,5295.87793,5337.88623,
2019-04-21,5335.87891,5359.9248,5257.33936,5314.53125,
2019-04-22,5312.49463,5422.6875,5280.27686,5399.36523,
2019-04-23,5399.36572,5633.80225,5389.40869,5572.3623,
2019-04-24,5571.5083,5642.044434,5418.26318,5464.8667,
2019-04-25,5466.52441,5542.23828,5181.33887,5210.51562,
2019-04-26,5210.30469,5383.63428,5177.36865,5279.34814,
2019-04-27,5279.47119,5310.75,5233.63574,5268.29102,
2019-04-28,5271.74658,5326.23193,5255.68359,5285.13916,
2019-04-29,5284.8584,5311.2749,5216.48779,5247.35254,
2019-04-30,5247.72607,5363.25732,5224.18994,5350.72656,
2019-05-01,5350.91455,5418.0039062,5347.646,5402.69727,
2019-05-02,5402.42285,5522.2627,5394.21729,5505.28369,
2019-05-03,5505.55225,5865.88184,5490.20166,5768.28955,
2019-05-04,5769.20264,5886.89355,5645.46924,5831.16748,
2019-05-05,5831.068359,5833.86279,5708.035156,5795.7085,
2019-05-06,5791.69336,5802.95752,5653.6875,5746.80713,
2019-05-07,5745.59912,5988.17822,5741.396,5829.50146,
2019-05-08,5849.48145,5989.98096,5794.71582,5982.45752,
2019-05-09,5982.31641,6183.039062,5982.31641,6174.52881,
2019-05-10,6175.82275,6434.61768,6161.51904,6378.84912,
2019-05-11,6379.66699,7333.0029297,6375.69873,7204.77148,
2019-05-12,7203.50732,7503.87207,6815.771,6972.37158,
2019-05-13,6971.17822,8047.41309,6898.28223,7814.91504,
2019-05-14,7807.88428,8268.71289,7696.39111,7994.41602,
2019-05-15,7989.37451,8216.42383,7899.10693,8205.16797,
2019-05-16,8194.50098,8320.82422,7729.6084,7884.90918,
2019-05-17,7886.92578,7929.14551,7038.12451,7343.89551,
2019-05-18,7341.66455,7447.27197,7251.50439,7271.20801,
2019-05-19,7267.96289,8261.94141,7267.96289,8197.68945,
2019-05-20,8196.92383,8200.96777,7678.78174,7978.30908,
2019-05-21,7977.96924,8062.16797,7843.33984,7963.32764,
2019-05-22,7956.29199,7997.6123,7615.9873,7680.066406,
2019-05-23,7677.26904,7943.7915,7533.19678,7881.84668,
2019-05-24,7881.69531,8140.71973,7824.44873,7987.37158,
2019-05-25,7991.88525,8117.92578,7965.97607,8052.54395,
2019-05-26,8055.20605,8687.52051,7924.67041,8673.21582,
2019-05-27,8674.072266,8907.1748,8668.70508,8805.77832,
2019-05-28,8802.75781,8807.016602,8634.72168,8719.96191,
2019-05-29,8718.5918,8755.85254,8482.72852,8659.4873,
2019-05-30,8661.76074,9008.31445,8221.27344,8319.47266,
2019-05-31,8320.28613,8586.65918,8172.55078,8574.50195,
2019-06-01,8573.83984,8625.60059,8481.57812,8564.016602,
2019-06-02,8565.47363,8809.30371,8561.23535,8742.95801,
2019-06-03,8741.74707,8743.5,8204.18555,8208.99512,
2019-06-04,8210.98535,8210.98535,7564.48877,7707.771,
2019-06-05,7704.34326,7901.84912,7668.66846,7824.23145,
2019-06-06,7819.6333,7937.34082,7571.47119,7822.023438,
2019-06-07,7826.90137,8126.15332,7788.37354,8043.95117,
2019-06-08,8036.7749,8076.89111,7837.61084,7954.12793,
2019-06-09,7949.6748,7975.97412,7583.21973,7688.077148,
2019-06-10,7692.28467,8031.90967,7586.73096,8000.32959,
2019-06-11,8004.24365,8026.39404,7772.80371,7927.71436,
2019-06-12,7925.43408,8196.64844,7862.35986,8145.85742,
2019-06-13,8145.54541,8311.56738,8087.061035,8230.92383,
2019-06-14,8230.89844,8710.63672,8183.39307,8693.83301,
2019-06-15,8689.74609,8859.12793,8618.39551,8838.375,
2019-06-16,8841.44043,9335.86719,8814.55664,8994.48828,
2019-06-17,8988.92383,9416.40723,8988.92383,9320.35254,
2019-06-18,9335.4668,9348.37402,9004.90137,9081.7627,
2019-06-19,9078.72754,9299.62109,9070.39551,9273.52148,
2019-06-20,9273.060547,9594.41992,9232.48438,9527.16016,
2019-06-21,9525.074219,10144.55664,9525.074219,10144.55664,
2019-06-22,10175.92383,11157.3457,10107.035156,10701.69141,
2019-06-23,10696.69141,11246.14453,10556.095703,10855.37109,
2019-06-24,10853.74414,11065.89648,10610.42773,11011.10254,
2019-06-25,11007.20215,11790.91699,11007.20215,11790.91699,
2019-06-26,11778.58105,13796.48926,11755.59766,13016.23145,
2019-06-27,13017.125,13311.14453,10491.85254,11182.80664,
2019-06-28,11162.16797,12445.1748,10914.49512,12407.33203,
2019-06-29,12400.76367,12400.91016,11508.37891,11959.37109,
2019-06-30,11931.99121,12178.38379,10799.0087891,10817.15527,
2019-07-01,10796.93066,11206.43945,10089.31445,10583.13477,
2019-07-02,10588.68359,10912.18848,9737.88477,10801.67773,
2019-07-03,10818.15625,11968.078125,10818.15625,11961.26953,
2019-07-04,11972.71875,12006.075195,11166.56934,11215.4375,
2019-07-05,11203.10254,11395.66113,10874.96484,10978.45996,
2019-07-06,10982.54395,11620.96484,10982.54395,11208.55078,
2019-07-07,11217.61621,11541.62012,11148.80469,11450.84668,
2019-07-08,11446.59668,12345.83301,11393.37402,12285.95801,
2019-07-09,12284.32617,12779.13184,12233.26172,12573.8125,
2019-07-10,12571.53711,13129.5293,11710.97852,12156.5127,
2019-07-11,12139.71387,12144.62305,11158.92285,11358.66211,
2019-07-12,11354.2998,11905.4873,11179.14453,11815.98633,
2019-07-13,11813.12695,11841.95703,10908.47949,11392.37891,
2019-07-14,11381.020508,11451.2041,10234.57617,10256.058594,
2019-07-15,10257.83887,11052.7666,9992.0068359,10895.089844,
2019-07-16,10896.65332,10996.63281,9448.10645,9477.6416,
2019-07-17,9471.21387,9963.13477,9163.13477,9693.80273,
2019-07-18,9698.50293,10736.84277,9376.79883,10666.48242,
2019-07-19,10653.95605,10716.98047,10229.62891,10530.73242,
2019-07-20,10525.81934,11048.66211,10451.27637,10767.13965,
2019-07-21,10777.5293,10841.8877,10389.59961,10599.10547,
2019-07-22,10596.94824,10651.79102,10154.92188,10343.10645,
2019-07-23,10346.74805,10346.74805,9883.59473,9900.76758,
2019-07-24,9887.73047,9908.79688,9614.30664,9811.92578,
2019-07-25,9809.09668,10154.25391,9773.95703,9911.8418,
2019-07-26,9913.12695,9916.51758,9717.98242,9870.30371,
2019-07-27,9871.16504,10167.32031,9411.52148,9477.67773,
2019-07-28,9491.62695,9575.54492,9252.29688,9552.86035,
2019-07-29,9548.17871,9681.64844,9472.94824,9519.14551,
2019-07-30,9522.3291,9701.75977,9437.33594,9607.42383,
2019-07-31,9604.050781,10085.62793,9598.097656,10085.62793,
2019-08-01,10077.44238,10446.91992,9922.019531,10399.66895,
2019-08-02,10402.042969,10657.95312,10371.013672,10518.1748,
2019-08-03,10519.27832,10946.78125,10503.50488,10821.72656,
2019-08-04,10821.63281,11009.20703,10620.27832,10970.18457,
2019-08-05,10960.73535,11895.091797,10960.73535,11805.65332,
2019-08-06,11811.54492,12273.82129,11290.73145,11478.16895,
2019-08-07,11476.19336,12036.99023,11433.70117,11941.96875,
2019-08-08,11954.040039,11979.41992,11556.16797,11966.40723,
2019-08-09,11953.46973,11970.45801,11709.74512,11862.93652,
2019-08-10,11861.55664,11915.65527,11323.89844,11354.024414,
2019-08-11,11349.74023,11523.5791,11248.29492,11523.5791,
2019-08-12,11528.18945,11528.18945,11320.95117,11382.61621,
2019-08-13,11385.052734,11420.049805,10830.32715,10895.83008,
2019-08-14,10889.4873,10889.55664,10028.13574,10051.7041,
2019-08-15,10038.42188,10437.41113,9675.31641,10311.5459,
2019-08-16,10319.41992,10524.34961,9855.47852,10374.33887,
2019-08-17,10358.72266,10452.625,10086.69824,10231.74414,
2019-08-18,10233.0058594,10487.070312,10119.094727,10345.81055,
2019-08-19,10350.2832,10916.053711,10313.2041,10916.053711,
2019-08-20,10916.34668,10947.041992,10618.96094,10763.23242,
2019-08-21,10764.57227,10798.72949,9962.72168,10138.049805,
2019-08-22,10142.52148,10232.99609,9831.46289,10131.055664,
2019-08-23,10136.30957,10442.44336,10078.19238,10407.96484,
2019-08-24,10407.64453,10418.020508,9982.29688,10159.96094,
2019-08-25,10160.7373,10304.62207,10008.78906,10138.51758,
2019-08-26,10126.2998,10512.32812,10126.2998,10370.82031,
2019-08-27,10372.82617,10381.32812,10087.30078,10185.5,
2019-08-28,10203.42676,10279.36621,9716.65625,9754.42285,
2019-08-29,9756.78613,9756.78613,9421.62988,9510.2002,
2019-08-30,9514.84473,9656.12402,9428.30273,9598.17383,
2019-08-31,9597.53906,9673.2207,9531.7998,9630.66406,
2019-09-01,9630.59277,9796.75586,9582.94434,9757.9707,
2019-09-02,9757.47363,10396.5918,9730.65039,10346.76074,
2019-09-03,10345.72559,10736.10449,10308.54785,10623.54004,
2019-09-04,10621.18066,10762.64453,10434.70996,10594.49316,
2019-09-05,10588.18359,10627.26953,10516.41797,10575.5332,
2019-09-06,10578.19824,10898.76172,10292.2998,10353.30273,
2019-09-07,10353.93164,10558.67383,10348.91895,10517.25488,
2019-09-08,10518.11426,10595.6377,10409.09082,10441.27637,
2019-09-09,10443.22852,10450.31152,10144.92969,10334.97461,
2019-09-10,10336.4082,10394.35352,10020.57324,10115.97559,
2019-09-11,10123.035156,10215.94824,9980.77637,10178.37207,
2019-09-12,10176.81934,10442.25391,10099.24219,10410.12695,
2019-09-13,10415.3623,10441.48926,10226.59668,10360.54688,
2019-09-14,10345.40332,10422.13379,10291.69434,10358.048828,
2019-09-15,10356.46582,10387.035156,10313.092773,10347.71289,
2019-09-16,10347.22266,10386.86719,10189.74414,10276.79395,
2019-09-17,10281.51367,10296.77148,10199.73926,10241.27246,
2019-09-18,10247.7959,10275.92871,10191.46973,10198.24805,
2019-09-19,10200.49609,10295.66895,9851.69238,10266.41504,
2019-09-20,10266.31836,10285.87207,10132.18652,10181.6416,
2019-09-21,10183.64844,10188.097656,10000.70801,10019.7168,
2019-09-22,10024.11523,10074.44434,9922.5332,10070.39258,
2019-09-23,10067.96289,10074.23828,9727.14355,9729.32422,
2019-09-24,9729.32129,9804.31738,8370.80176,8620.56641,
2019-09-25,8603.42871,8744.82812,8325.39648,8486.99316,
2019-09-26,8487.66992,8515.68555,7895.62939,8118.96777,
2019-09-27,8113.10107,8271.52051,7965.92285,8251.8457,
2019-09-28,8251.27344,8285.61719,8125.43164,8245.91504,
2019-09-29,8246.037109,8261.70703,7990.49707,8104.18555,
2019-09-30,8104.22656,8314.23145,7830.75879,8293.86816,
2019-10-01,8299.7207,8497.69238,8232.67969,8343.27637,
2019-10-02,8344.21289,8393.041992,8227.69531,8393.041992,
2019-10-03,8390.77441,8414.22754,8146.43701,8259.99219,
2019-10-04,8259.49414,8260.055664,8151.23682,8205.93945,
2019-10-05,8210.14941,8215.52637,8071.12061,8151.50049,
2019-10-06,8149.87695,8161.41016,7958.85059,7988.15576,
2019-10-07,7989.12061,8308.4502,7905.76611,8245.62305,
2019-10-08,8246.84961,8332.71484,8185.76318,8228.7832,
2019-10-09,8229.84082,8627.70605,8169.29883,8595.74023,
2019-10-10,8585.28027,8625.27246,8471.93359,8586.47363,
2019-10-11,8585.2627,8721.78027,8316.18164,8321.75684,
2019-10-12,8315.66504,8415.24219,8313.34082,8336.55566,
2019-10-13,8336.90234,8470.98828,8276.6123,8321.0058594,
2019-10-14,8320.83203,8390.20898,8284.13086,8374.68652,
2019-10-15,8373.45801,8410.71484,8182.70654,8205.36914,
2019-10-16,8204.6748,8216.8125,7985.089844,8047.52686,
2019-10-17,8047.8125,8134.83154,8000.94287,8103.91113,
2019-10-18,8100.93359,8138.41357,7902.16406,7973.20752,
2019-10-19,7973.80371,8082.62939,7944.77686,7988.56055,
2019-10-20,7997.80713,8281.81836,7949.43945,8222.078125,
2019-10-21,8225.11523,8296.69434,8196.41602,8243.7207,
2019-10-22,8243.40234,8296.65137,8074.46289,8078.20312,
2019-10-23,8076.22852,8092.99951,7469.32275,7514.67188,
2019-10-24,7509.72803,7532.86768,7446.98877,7493.48877,
2019-10-25,7490.70312,8691.54004,7479.98438,8660.7002,
2019-10-26,8667.57715,10021.74414,8662.62207,9244.97266,
2019-10-27,9241.70703,9749.5293,9112.54199,9551.71484,
2019-10-28,9565.10156,9805.11816,9256.14844,9256.14844,
2019-10-29,9248.44043,9516.18066,9232.64844,9427.6875,
2019-10-30,9422.46289,9426.87402,9085.37012,9205.72656,
2019-10-31,9202.45801,9383.16113,9028.71777,9199.58496,
2019-11-01,9193.99219,9275.65723,9132.047852,9261.10449,
2019-11-02,9259.7832,9377.48633,9249.58789,9324.71777,
2019-11-03,9324.78711,9379.80664,9141.25195,9235.35449,
2019-11-04,9235.60742,9505.051758,9191.48535,9412.6123,
2019-11-05,9413.0048828,9457.41797,9256.93164,9342.52734,
2019-11-06,9340.86426,9423.2373,9305.90918,9360.87988,
2019-11-07,9352.39355,9368.47656,9202.35352,9267.56152,
2019-11-08,9265.36816,9272.75977,8775.53418,8804.88086,
2019-11-09,8809.46875,8891.81836,8793.16309,8813.58203,
2019-11-10,8812.48926,9103.82617,8806.16211,9055.52637,
2019-11-11,9056.91797,9081.2793,8700.6084,8757.78809,
2019-11-12,8759.75195,8853.76855,8685.42773,8815.66211,
2019-11-13,8812.033203,8836.8418,8761.65137,8808.2627,
2019-11-14,8811.93652,8826.94336,8692.55176,8708.094727,
2019-11-15,8705.70801,8730.87305,8484.84375,8491.99219,
2019-11-16,8491.16602,8591.99707,8473.97363,8550.76074,
2019-11-17,8549.4707,8727.78906,8500.96777,8577.97559,
2019-11-18,8573.98047,8653.28027,8273.57324,8309.28613,
2019-11-19,8305.13477,8408.5166,8099.96338,8206.14551,
2019-11-20,8203.61328,8237.24023,8010.51172,8027.26807,
2019-11-21,8023.64453,8110.098145,7597.38184,7642.75,
2019-11-22,7643.56934,7697.38281,6936.70654,7296.57764,
2019-11-23,7296.16455,7442.25879,7151.41797,7397.79688,
2019-11-24,7398.63379,7408.57715,7029.28906,7047.91699,
2019-11-25,7039.97705,7319.85693,6617.16699,7146.13379,
2019-11-26,7145.15918,7320.23047,7098.57227,7218.37109,
2019-11-27,7220.88086,7619.69336,6974.17432,7531.66357,
2019-11-28,7536.82031,7730.072754,7454.12158,7463.10596,
2019-11-29,7466.72705,7781.17969,7460.75635,7761.24365,
2019-11-30,7764.057129,7836.10205,7515.84961,7569.62988,
2019-12-01,7571.61621,7571.61621,7291.3418,7424.29248,
2019-12-02,7424.036133,7474.81885,7233.39941,7321.98828,
2019-12-03,7323.97559,7418.85889,7229.35693,7320.14551,
2019-12-04,7320.125,7539.78467,7170.92285,7252.034668,
2019-12-05,7253.2417,7743.43164,7232.67676,7448.30762,
2019-12-06,7450.56152,7546.99658,7392.17529,7546.99658,
2019-12-07,7547.26562,7589.95166,7525.71143,7556.23779,
2019-12-08,7551.33887,7634.60645,7476.091309,7564.34521,
2019-12-09,7561.79541,7618.091797,7365.98535,7400.89941,
2019-12-10,7397.13428,7424.022949,7246.043945,7278.11963,
2019-12-11,7277.19775,7324.15625,7195.52734,7217.42725,
2019-12-12,7216.73877,7266.63965,7164.74121,7243.13428,
2019-12-13,7244.66211,7293.56055,7227.12256,7269.68457,
2019-12-14,7268.90283,7308.83643,7097.20898,7124.67383,
2019-12-15,7124.23975,7181.075684,6924.37598,7152.30176,
2019-12-16,7153.66309,7171.16895,6903.68262,6932.48047,
2019-12-17,6931.31543,6964.075195,6587.97412,6640.51514,
2019-12-18,6647.69824,7324.98486,6540.049316,7276.80273,
2019-12-19,7277.59082,7346.60254,7041.38184,7202.84424,
2019-12-20,7208.63672,7257.92188,7086.12402,7218.81641,
2019-12-21,7220.59375,7223.22607,7112.73584,7191.15869,
2019-12-22,7191.18848,7518.033203,7167.1792,7511.58887,
2019-12-23,7508.90234,7656.17627,7326.19238,7355.62842,
2019-12-24,7354.39307,7535.7168,7269.52881,7322.53223,
2019-12-25,7325.75586,7357.02002,7220.99121,7275.15576,
2019-12-26,7274.79932,7388.30273,7200.38672,7238.9668,
2019-12-27,7238.14111,7363.5293,7189.93408,7290.088379,
2019-12-28,7289.03125,7399.041016,7286.90527,7317.99023,
2019-12-29,7317.64746,7513.94824,7279.86523,7422.65283,
2019-12-30,7420.27295,7454.82422,7276.30811,7292.99512,
2019-12-31,7294.43896,7335.29004,7169.77783,7193.59912,
2020-01-01,7194.89209,7254.33057,7174.94434,7200.17432,
2020-01-02,7202.55127,7212.15527,6935.27002,6985.47021,
2020-01-03,6984.42871,7413.71533,6914.99609,7344.88428,
2020-01-04,7345.37549,7427.38574,7309.51416,7410.65674,
2020-01-05,7410.45166,7544.49707,7400.53564,7411.31738,
2020-01-06,7410.45215,7781.86719,7409.29297,7769.21924,
2020-01-07,7768.68213,8178.21582,7768.22754,8163.69238,
2020-01-08,8161.93555,8396.73828,7956.77441,8079.86279,
2020-01-09,8082.2959,8082.2959,7842.40381,7879.071289,
2020-01-10,7878.30762,8166.5542,7726.7749,8166.5542,
2020-01-11,8162.19092,8218.35938,8029.64209,8037.5376,
2020-01-12,8033.26172,8200.063477,8009.059082,8192.49414,
2020-01-13,8189.77197,8197.78809,8079.70068,8144.19434,
2020-01-14,8140.93311,8879.51172,8140.93311,8827.76465,
2020-01-15,8825.34375,8890.11719,8657.1875,8807.010742,
2020-01-16,8812.48145,8846.46094,8612.095703,8723.78613,
2020-01-17,8725.20996,8958.12207,8677.31641,8929.038086,
2020-01-18,8927.21191,9012.19824,8827.33203,8942.80859,
2020-01-19,8941.44531,9164.3623,8620.080078,8706.24512,
2020-01-20,8704.63184,8745.59082,8560.47363,8657.64258,
2020-01-21,8658.99121,8755.70605,8544.52051,8745.89453,
2020-01-22,8744.21094,8792.99414,8636.74707,8680.87598,
2020-01-23,8680.65039,8687.74707,8333.6377,8406.51562,
2020-01-24,8405.56738,8514.66699,8266.84082,8445.43457,
2020-01-25,8440.11914,8458.45312,8296.21875,8367.84766,
2020-01-26,8364.41016,8602.40137,8325.49805,8596.83008,
2020-01-27,8597.30859,8977.72656,8597.30859,8909.81934,
2020-01-28,8912.52441,9358.58984,8908.44727,9358.58984,
2020-01-29,9357.4707,9406.43164,9269.46777,9316.62988,
2020-01-30,9316.016602,9553.12598,9230.89746,9508.99316,
2020-01-31,9508.31348,9521.70605,9230.77637,9350.5293,
2020-02-01,9346.35742,9439.32324,9313.23926,9392.875,
2020-02-02,9389.82031,9468.79785,9217.82422,9344.36523,
2020-02-03,9344.68359,9540.37207,9248.63379,9293.52148,
2020-02-04,9292.8418,9331.26562,9112.81152,9180.96289,
2020-02-05,9183.41602,9701.2998,9163.7041,9613.42383,
2020-02-06,9617.82129,9824.61914,9539.81836,9729.80176,
2020-02-07,9726.0029297,9834.7168,9726.0029297,9795.94336,
2020-02-08,9793.070312,9876.74902,9678.91016,9865.11914,
2020-02-09,9863.89453,10129.43555,9850.39258,10116.67383,
2020-02-10,10115.55957,10165.76562,9784.56348,9856.61133,
2020-02-11,9855.8916,10210.052734,9729.33496,10208.23633,
2020-02-12,10202.3877,10393.61133,10202.3877,10326.054688,
2020-02-13,10323.96094,10457.62695,10116.16113,10214.37988,
2020-02-14,10211.55078,10321.99609,10125.53418,10312.11621,
2020-02-15,10313.85645,10341.55566,9874.42773,9889.4248,
2020-02-16,9889.17969,10053.96875,9722.38672,9934.43359,
2020-02-17,9936.56055,9938.81543,9507.6377,9690.14258,
2020-02-18,9691.23047,10161.93555,9632.38281,10141.99609,
2020-02-19,10143.79883,10191.67578,9611.22363,9633.38672,
2020-02-20,9629.3252,9643.2168,9507.90039,9608.47559,
2020-02-21,9611.78223,9723.014648,9589.74316,9686.44141,
2020-02-22,9687.70703,9698.23145,9600.72852,9663.18164,
2020-02-23,9663.31836,9937.4043,9657.79102,9924.51562,
2020-02-24,9921.58301,9951.74609,9537.042969,9650.1748,
2020-02-25,9651.3125,9652.7373,9305.021484,9341.70508,
2020-02-26,9338.29004,9354.77832,8704.42676,8820.52246,
2020-02-27,8825.09375,8932.89258,8577.19922,8784.49414,
2020-02-28,8788.72852,8890.45605,8492.93262,8672.45508,
2020-02-29,8671.21289,8775.63184,8599.50879,8599.50879,
2020-03-01,8599.75879,8726.79688,8471.21289,8562.4541,
2020-03-02,8563.26465,8921.30859,8532.63086,8869.66992,
2020-03-03,8865.3877,8901.59863,8704.99023,8787.78613,
2020-03-04,8788.54199,8843.36621,8712.43164,8755.24609,
2020-03-05,8760.28516,9142.054688,8757.25391,9078.7627,
2020-03-06,9078.30859,9167.69531,9032.079102,9122.5459,
2020-03-07,9121.60059,9163.2207,8890.74414,8909.9541,
2020-03-08,8908.20605,8914.34375,8105.25293,8108.11621,
2020-03-09,8111.14648,8177.79346,7690.098145,7923.64453,
2020-03-10,7922.14697,8136.94531,7814.76318,7909.72949,
2020-03-11,7910.089844,7950.81445,7642.8125,7911.43018,
2020-03-12,7913.61621,7929.11621,4860.354,4970.78809,
2020-03-13,5017.83105,5838.11475,4106.98096,5563.70703,
2020-03-14,5573.077637,5625.22656,5125.069336,5200.36621,
2020-03-15,5201.066895,5836.64502,5169.2832,5392.31494,
2020-03-16,5385.22949,5385.22949,4575.35791,5014.47998,
2020-03-17,5002.57812,5371.34863,4981.90918,5225.62939,
2020-03-18,5227.11377,5331.83398,5069.33594,5238.43848,
2020-03-19,5245.4165,6329.73584,5236.96875,6191.19287,
2020-03-20,6191.65381,6844.26172,5865.78174,6198.77832,
2020-03-21,6206.52148,6378.13525,5932.82324,6185.066406,
2020-03-22,6185.55811,6359.69727,5823.71387,5830.25488,
2020-03-23,5831.37451,6443.93457,5785.0043945,6416.31494,
2020-03-24,6436.64258,6789.022949,6411.066406,6734.80371,
2020-03-25,6738.7168,6892.51123,6536.92627,6681.062988,
2020-03-26,6675.1709,6735.46387,6590.96289,6716.44043,
2020-03-27,6719.38916,6793.83643,6466.70166,6469.79834,
2020-03-28,6467.25391,6467.50098,6117.83789,6242.19385,
2020-03-29,6245.62451,6250.46729,5920.085938,5922.042969,
2020-03-30,5925.53857,6517.1958,5903.23438,6429.8418,
2020-03-31,6430.60645,6504.51514,6374.16211,6438.64453,
2020-04-01,6437.31934,6612.57373,6202.37354,6606.77637,
2020-04-02,6606.77637,7088.24756,6595.91846,6793.62451,
2020-04-03,6797.39648,7003.2207,6673.33594,6733.38721,
2020-04-04,6738.38281,6878.95361,6696.48486,6867.52734,
2020-04-05,6862.5376,6883.41406,6715.9292,6791.12939,
2020-04-06,6788.049805,7271.78125,6782.88965,7271.78125,
2020-04-07,7273.64404,7427.93945,7136.71436,7176.41455,
2020-04-08,7179.2832,7356.22363,7153.30566,7334.098633,
2020-04-09,7337.96631,7341.44824,7179.094238,7302.089355,
2020-04-10,7303.81543,7303.81543,6802.4751,6865.49316,
2020-04-11,6867.44043,6926.069824,6789.9209,6859.083008,
2020-04-12,6858.067871,7119.94727,6811.078125,6971.091797,
2020-04-13,6965.6167,6965.6167,6668.25977,6845.037598,
2020-04-14,6843.28174,6958.55713,6793.82129,6842.42773,
2020-04-15,6845.56152,6928.66455,6633.40283,6642.10986,
2020-04-16,6640.4541,7134.45068,6555.50439,7116.8042,
2020-04-17,7116.55273,7167.18311,7050.33203,7096.18457,
2020-04-18,7092.2915,7269.95654,7089.24707,7257.66504,
2020-04-19,7260.92236,7280.52197,7167.054688,7189.4248,
2020-04-20,7186.87354,7240.29053,6835.50293,6881.9585,
2020-04-21,6879.78418,6934.55176,6834.44238,6880.32324,
2020-04-22,6879.44043,7145.86572,6867.78174,7117.20752,
2020-04-23,7121.30615,7491.78516,7081.59473,7429.72461,
2020-04-24,7434.18164,7574.1958,7434.18164,7550.90088,
2020-04-25,7550.48291,7641.36377,7521.67236,7569.93604,
2020-04-26,7570.13916,7700.59424,7561.40771,7679.86719,
2020-04-27,7679.41895,7795.60107,7679.41895,7795.60107,
2020-04-28,7796.97021,7814.52734,7730.80664,7807.058594,
2020-04-29,7806.7124,8871.75391,7786.049316,8801.038086,
2020-04-30,8797.66992,9440.65039,8533.25586,8658.55371,
2020-05-01,8672.78223,9048.023438,8667.76367,8864.7666,
2020-05-02,8869.057617,9007.1875,8811.36621,8988.59668,
2020-05-03,8983.61426,9167.78125,8830.97168,8897.46875,
2020-05-04,8895.74512,8956.90625,8645.024414,8912.6543,
2020-05-05,8912.83203,9062.41504,8856.82715,9003.070312,
2020-05-06,9007.44141,9411.46777,8966.70605,9268.76172,
2020-05-07,9261.89551,9992.66406,9138.32227,9951.51855,
2020-05-08,9936.16211,9996.74316,9767.17285,9842.66602,
2020-05-09,9840.90625,9913.86328,9580.64453,9593.89648,
2020-05-10,9591.16895,9595.58105,8395.10742,8756.43066,
2020-05-11,8755.53516,9033.4707,8374.32324,8601.7959,
2020-05-12,8610.38574,8949.89844,8569.64355,8804.47754,
2020-05-13,8805.3877,9317.87891,8805.3877,9269.9873,
2020-05-14,9271.3291,9793.26855,9255.035156,9733.72168,
2020-05-15,9734.29102,9755.82812,9261.39844,9328.19727,
2020-05-16,9333.24023,9564.20508,9260.69434,9377.013672,
2020-05-17,9374.92969,9823.0019531,9349.5459,9670.73926,
2020-05-18,9675.69531,9906.030273,9570.35938,9726.5752,
2020-05-19,9727.063477,9836.047852,9539.62402,9729.038086,
2020-05-20,9725.3291,9804.79395,9447.20117,9522.98145,
2020-05-21,9522.74023,9555.24219,8869.93066,9081.76172,
2020-05-22,9080.33496,9232.93652,9008.63867,9182.57715,
2020-05-23,9185.0625,9302.50195,9118.1084,9209.28711,
2020-05-24,9212.2832,9288.4043,8787.25098,8790.36816,
2020-05-25,8786.10742,8951.0058594,8719.66797,8906.93457,
2020-05-26,8909.58594,8991.96777,8757.29395,8835.052734,
2020-05-27,8837.38086,9203.32031,8834.15723,9181.017578,
2020-05-28,9184.94531,9546.31934,9148.45703,9525.75098,
2020-05-29,9528.35547,9573.66699,9379.33887,9439.12402,
2020-05-30,9438.91406,9704.030273,9366.72949,9700.41406,
2020-05-31,9700.10547,9700.34375,9432.29688,9461.058594,
2020-06-01,9463.60547,10199.56543,9450.89941,10167.26855,
2020-06-02,10162.97363,10182.34082,9460.57129,9529.80371,
2020-06-03,9533.76074,9682.85938,9471.84668,9656.71777,
2020-06-04,9655.85449,9887.61035,9525.24707,9800.63672,
2020-06-05,9800.21582,9869.2373,9663.2168,9665.5332,
2020-06-06,9664.9043,9773.43164,9591.024414,9653.67969,
2020-06-07,9653.0029297,9768.49805,9458.15039,9758.85254,
2020-06-08,9760.063477,9782.30664,9675.88574,9771.48926,
2020-06-09,9774.36035,9836.36914,9664.71973,9795.7002,
2020-06-10,9794.11914,9908.89648,9728.29102,9870.094727,
2020-06-11,9870.078125,9938.29785,9263.069336,9321.78125,
2020-06-12,9320.69043,9540.46582,9285.85156,9480.84375,
2020-06-13,9480.73535,9493.21191,9396.0097656,9475.27734,
2020-06-14,9477.55371,9482.27051,9347.59375,9386.78809,
2020-06-15,9386.035156,9504.86035,8990.17578,9450.70215,
2020-06-16,9454.2666,9579.43066,9400.44531,9538.024414,
2020-06-17,9533.78418,9540.42285,9327.33984,9480.25488,
2020-06-18,9481.56738,9482.78223,9328.39551,9411.84082,
2020-06-19,9410.29395,9440.87598,9274.2959,9288.018555,
2020-06-20,9290.95996,9394.97168,9247.37988,9332.34082,
2020-06-21,9330.92676,9401.10742,9300.43066,9303.62988,
2020-06-22,9300.91504,9655.073242,9296.87207,9648.71777,
2020-06-23,9644.076172,9670.54102,9547.24707,9629.6582,
2020-06-24,9632.14941,9680.36719,9278.2334,9313.61035,
2020-06-25,9314.12695,9340.16113,9095.32422,9264.81348,
2020-06-26,9260.99512,9310.5166,9101.73828,9162.91797,
2020-06-27,9167.82422,9207.81055,8998.2168,9045.39062,
2020-06-28,9048.46094,9197.54688,8975.52539,9143.58203,
2020-06-29,9140.029297,9237.57324,9041.87598,9190.85449,
2020-06-30,9185.58105,9217.83594,9084.83789,9137.99316,
2020-07-01,9145.98535,9309.75488,9104.73535,9228.3252,
2020-07-02,9231.13965,9274.96289,9036.62305,9123.41016,
2020-07-03,9124.84277,9202.34473,9058.79492,9087.30371,
2020-07-04,9084.2334,9183.2959,9053.62988,9132.48828,
2020-07-05,9126.09082,9162.18359,8977.015625,9073.94238,
2020-07-06,9072.84961,9375.47461,9058.66406,9375.47461,
2020-07-07,9349.16113,9360.61719,9201.81543,9252.27734,
2020-07-08,9253.020508,9450.33594,9249.5,9428.33301,
2020-07-09,9427.99414,9431.37891,9234.99902,9277.96777,
2020-07-10,9273.35742,9287.47168,9118.0019531,9278.80762,
2020-07-11,9277.51172,9293.53223,9199.48535,9240.34668,
2020-07-12,9241.054688,9319.41895,9197.4502,9276.5,
2020-07-13,9277.20508,9306.40527,9224.29297,9243.61426,
2020-07-14,9238.70312,9283.8418,9171.66113,9243.21387,
2020-07-15,9241.89746,9275.3252,9171.93359,9192.83691,
2020-07-16,9191.98047,9214.3125,9088.94727,9132.22754,
2020-07-17,9131.8125,9182.25391,9089.20215,9151.39258,
2020-07-18,9151.18359,9230.9834,9100.82422,9159.040039,
2020-07-19,9158.0058594,9201.39844,9097.63281,9185.81738,
2020-07-20,9187.2207,9214.27051,9137.50977,9164.23145,
2020-07-21,9162.51465,9407.2627,9149.38965,9374.8877,
2020-07-22,9375.080078,9530.51855,9319.65332,9525.36328,
2020-07-23,9527.1416,9610.24707,9483.0039062,9581.072266,
2020-07-24,9585.51465,9623.33691,9481.4541,9536.89258,
2020-07-25,9539.48535,9704.55664,9530.21191,9677.11328,
2020-07-26,9680.23438,10023.80762,9652.84766,9905.16699,
2020-07-27,9905.21777,11298.22168,9903.96973,10990.87305,
2020-07-28,11017.46387,11204.32715,10632.63184,10912.82324,
2020-07-29,10912.95312,11304.39746,10856.1416,11100.46777,
2020-07-30,11099.83301,11169.35645,10895.45508,11111.21387,
2020-07-31,11110.21094,11415.86426,10987.053711,11323.4668,
2020-08-01,11322.57031,11794.77539,11239.68262,11759.59277,
2020-08-02,11758.76465,12034.14453,11018.12988,11053.61426,
2020-08-03,11043.76855,11453.079102,11012.41504,11246.34863,
2020-08-04,11246.20312,11385.38184,11094.14551,11205.89258,
2020-08-05,11203.82324,11786.61719,11158.28516,11747.022461,
2020-08-06,11749.87109,11902.33594,11598.71387,11779.77344,
2020-08-07,11778.89453,11898.038086,11408.59375,11601.47266,
2020-08-08,11604.55371,11800.064453,11558.43164,11754.045898,
2020-08-09,11737.3252,11806.056641,11548.78418,11675.73926,
2020-08-10,11662.25684,12045.14062,11662.25684,11878.11133,
2020-08-11,11881.64746,11932.71094,11195.70898,11410.52539,
2020-08-12,11404.59668,11748.39648,11249.60547,11584.93457,
2020-08-13,11588.40527,11796.39648,11216.87207,11784.1377,
2020-08-14,11772.65918,12150.99414,11685.45508,11768.87109,
2020-08-15,11768.69727,11963.20312,11768.69727,11865.69824,
2020-08-16,11866.68555,11934.90137,11737.18848,11892.80371,
2020-08-17,11895.6582,12359.056641,11806.69629,12254.40234,
2020-08-18,12251.89551,12335.70703,11954.52539,11991.2334,
2020-08-19,11990.88477,12028.92383,11687.33301,11758.2832,
2020-08-20,11761.5,11900.41113,11710.063477,11878.37207,
2020-08-21,11878.026367,11899.25977,11564.97949,11592.48926,
2020-08-22,11585.47754,11689.40723,11448.80566,11681.8252,
2020-08-23,11679.69629,11713.42969,11559.9209,11664.84766,
2020-08-24,11663.68945,11807.63184,11623.25,11774.5957,
2020-08-25,11773.58887,11778.2998,11189.85059,11366.13477,
2020-08-26,11366.89453,11530.052734,11296.99316,11488.36328,
2020-08-27,11485.6084,11570.78613,11185.94141,11323.39746,
2020-08-28,11325.2959,11545.61523,11316.42285,11542.5,
2020-08-29,11541.054688,11585.64062,11466.29297,11506.86523,
2020-08-30,11508.71387,11715.26465,11492.38184,11711.50586,
2020-08-31,11713.30664,11768.87695,11598.31836,11680.82031,
2020-09-01,11679.31641,12067.081055,11601.12891,11970.47852,
2020-09-02,11964.82324,11964.82324,11290.79395,11414.03418,
2020-09-03,11407.19141,11443.022461,10182.46484,10245.29688,
2020-09-04,10230.36523,10663.91992,10207.94043,10511.81348,
2020-09-05,10512.53027,10581.57129,9946.67578,10169.56738,
2020-09-06,10167.2168,10353.92773,10056.88574,10280.35156,
2020-09-07,10280.99805,10399.15332,9916.49316,10369.56348,
2020-09-08,10369.30664,10414.77539,9945.11035,10131.5166,
2020-09-09,10134.15137,10350.54297,10017.25098,10242.34766,
2020-09-10,10242.33008,10503.91211,10238.13574,10363.13867,
2020-09-11,10369.02832,10434.92285,10140.83691,10400.91504,
2020-09-12,10409.86133,10578.83789,10292.38672,10442.1709,
2020-09-13,10452.39941,10577.21484,10224.33008,10323.75586,
2020-09-14,10328.73438,10800.010742,10266.0087891,10680.83789,
2020-09-15,10677.75488,10938.63184,10656.45996,10796.95117,
2020-09-16,10797.76172,11100.12402,10704.88477,10974.90527,
2020-09-17,10973.25195,11037.4209,10774.62793,10948.99023,
2020-09-18,10951.82031,11034.9082,10829.65723,10944.58594,
2020-09-19,10933.75293,11134.092773,10909.61816,11094.34668,
2020-09-20,11095.87012,11095.87012,10814.47754,10938.27148,
2020-09-21,10934.92578,10988.30469,10380.26074,10462.25977,
2020-09-22,10459.62402,10568.077148,10382.72656,10538.45996,
2020-09-23,10535.49219,10537.82812,10197.86523,10246.18652,
2020-09-24,10248.78613,10771.056641,10231.49023,10760.066406,
2020-09-25,10761.10938,10777.69629,10578.91406,10692.7168,
2020-09-26,10695.5752,10772.99902,10667.28125,10750.72363,
2020-09-27,10746.89258,10803.97656,10622.92188,10775.26953,
2020-09-28,10776.61328,10945.34766,10703.89355,10709.65234,
2020-09-29,10709.65039,10860.00097656,10649.49512,10844.64062,
2020-09-30,10843.87109,10847.25684,10669.32129,10784.49121,
2020-10-01,10795.25488,10933.62402,10472.35645,10619.45215,
2020-10-02,10619.82129,10657.83789,10416.68945,10575.97461,
2020-10-03,10575.10059,10598.94043,10511.12988,10549.3291,
2020-10-04,10550.44043,10686.0,10534.3916,10669.58301,
2020-10-05,10676.5293,10793.50781,10634.60059,10793.33984,
2020-10-06,10796.30664,10797.57812,10528.89062,10604.40625,
2020-10-07,10603.35547,10680.50781,10562.50684,10668.96875,
2020-10-08,10669.37109,10945.7373,10562.60645,10915.68555,
2020-10-09,10927.91309,11102.67188,10846.85059,11064.45801,
2020-10-10,11059.14258,11442.21094,11056.94043,11296.36133,
2020-10-11,11296.082031,11428.81348,11288.62793,11384.18164,
2020-10-12,11392.63574,11698.46777,11240.68652,11555.36328,
2020-10-13,11548.71973,11548.98438,11321.22461,11425.89941,
2020-10-14,11429.047852,11539.97754,11307.83105,11429.50684,
2020-10-15,11426.60254,11569.91406,11303.60352,11495.34961,
2020-10-16,11502.82812,11540.061523,11223.012695,11322.12305,
2020-10-17,11322.12305,11386.26172,11285.3457,11358.10156,
2020-10-18,11355.98242,11483.35938,11347.57812,11483.35938,
2020-10-19,11495.038086,11799.092773,11408.29004,11742.037109,
2020-10-20,11745.97461,11999.91797,11681.48047,11916.33496,
2020-10-21,11913.077148,13184.56641,11900.92871,12823.68945,
2020-10-22,12801.63574,13161.59375,12717.09375,12965.8916,
2020-10-23,12971.54883,13015.96191,12752.64746,12931.53906,
2020-10-24,12931.57422,13145.066406,12885.74707,13108.0625,
2020-10-25,13108.063477,13329.18359,12910.061523,13031.17383,
2020-10-26,13031.20117,13225.29785,12822.38281,13075.24805,
2020-10-27,13075.24219,13759.66895,13060.83789,13654.21875,
2020-10-28,13654.21484,13837.69531,12932.25098,13271.28516,
2020-10-29,13271.29883,13612.047852,12980.05957,13437.88281,
2020-10-30,13437.87402,13651.5166,13136.19824,13546.52246,
2020-10-31,13546.53223,14028.21387,13457.53027,13780.99512,
2020-11-01,13780.99512,13862.033203,13628.37793,13737.10938,
2020-11-02,13737.032227,13808.32324,13243.16016,13550.48926,
2020-11-03,13550.45117,13984.98145,13325.44141,13950.30078,
2020-11-04,13950.48828,14218.7666,13580.47168,14133.70703,
2020-11-05,14133.7334,15706.4043,14102.088867,15579.84863,
2020-11-06,15579.72949,15903.4375,15226.83984,15565.88086,
2020-11-07,15565.88086,15737.095703,14423.20312,14833.75391,
2020-11-08,14833.75391,15637.32031,14744.11035,15479.56738,
2020-11-09,15479.5957,15785.13672,14865.5293,15332.31543,
2020-11-10,15332.35059,15450.3291,15124.95996,15290.90234,
2020-11-11,15290.90918,15916.26074,15290.0068359,15701.33984,
2020-11-12,15701.29883,16305.0039062,15534.77148,16276.34375,
2020-11-13,16276.44043,16463.17773,15992.15234,16317.80859,
2020-11-14,16317.80859,16317.80859,15749.19336,16068.13867,
2020-11-15,16068.13965,16123.11035,15793.53418,15955.58789,
2020-11-16,15955.57715,16816.18164,15880.70605,16716.11133,
2020-11-17,16685.69141,17782.91992,16564.54492,17645.40625,
2020-11-18,17645.19141,18393.94922,17352.90625,17804.0058594,
2020-11-19,17803.86133,18119.54688,17382.55469,17817.089844,
2020-11-20,17817.083984,18773.22656,17765.79492,18621.31445,
2020-11-21,18621.31641,18936.62109,18444.35938,18642.23242,
2020-11-22,18642.23242,18688.96875,17671.38477,18370.0019531,
2020-11-23,18370.017578,18711.42578,18000.79688,18364.12109,
2020-11-24,18365.015625,19348.27148,18128.65625,19107.46484,
2020-11-25,19104.41016,19390.96484,18581.14648,18732.12109,
2020-11-26,18729.83984,18866.28516,16351.035156,17150.62305,
2020-11-27,17153.91406,17445.023438,16526.42383,17108.40234,
2020-11-28,17112.93359,17853.93945,16910.65234,17717.41406,
2020-11-29,17719.63477,18283.62891,17559.11719,18177.48438,
2020-11-30,18178.32227,19749.26367,18178.32227,19625.83594,
2020-12-01,19633.76953,19845.97461,18321.92188,18802.99805,
2020-12-02,18801.74414,19308.33008,18347.71875,19201.091797,
2020-12-03,19205.92578,19566.19141,18925.78516,19445.39844,
2020-12-04,19446.9668,19511.4043,18697.19336,18699.76562,
2020-12-05,18698.38477,19160.44922,18590.19336,19154.23047,
2020-12-06,19154.17969,19390.5,18897.89453,19345.12109,
2020-12-07,19343.12891,19411.82812,18931.14258,19191.63086,
2020-12-08,19191.5293,19283.47852,18269.94531,18321.14453,
2020-12-09,18320.88477,18626.29297,17935.54688,18553.91602,
2020-12-10,18553.29883,18553.29883,17957.064453,18264.99219,
2020-12-11,18263.92969,18268.45312,17619.5332,18058.9043,
2020-12-12,18051.32031,18919.55078,18046.041016,18803.65625,
2020-12-13,18806.76562,19381.53516,18734.33203,19142.38281,
2020-12-14,19144.49219,19305.099609,19012.70898,19246.64453,
2020-12-15,19246.91992,19525.0078125,19079.8418,19417.076172,
2020-12-16,19418.81836,21458.9082,19298.31641,21310.59766,
2020-12-17,21308.35156,23642.66016,21234.67578,22805.16211,
2020-12-18,22806.79688,23238.60156,22399.8125,23137.96094,
2020-12-19,23132.86523,24085.85547,22826.47266,23869.83203,
2020-12-20,23861.76562,24209.66016,23147.71094,23477.29492,
2020-12-21,23474.45508,24059.98242,22159.36719,22803.082031,
2020-12-22,22794.039062,23789.90234,22430.60547,23783.029297,
2020-12-23,23781.97461,24024.49023,22802.64648,23241.3457,
2020-12-24,23240.20312,23768.33789,22777.59766,23735.94922,
2020-12-25,23733.57031,24710.10156,23463.67383,24664.79102,
2020-12-26,24677.015625,26718.070312,24522.68945,26437.037109,
2020-12-27,26439.37305,28288.83984,25922.76953,26272.29492,
2020-12-28,26280.82227,27389.11133,26207.64062,27084.80859,
2020-12-29,27081.81055,27370.7207,25987.29883,27362.4375,
2020-12-30,27360.089844,28937.74023,27360.089844,28840.95312,
2020-12-31,28841.57422,29244.87695,28201.99219,29001.7207,
2021-01-01,28994.0097656,29600.62695,28803.58594,29374.15234,
2021-01-02,29376.45508,33155.11719,29091.18164,32127.26758,
2021-01-03,32129.4082,34608.55859,32052.31641,32782.023438,
2021-01-04,32810.94922,33440.21875,28722.75586,31971.91406,
2021-01-05,31977.041016,34437.58984,30221.1875,33992.42969,
2021-01-06,34013.61328,36879.69922,33514.035156,36824.36328,
2021-01-07,36833.875,40180.36719,36491.19141,39371.042969,
2021-01-08,39381.76562,41946.73828,36838.63672,40797.60938,
2021-01-09,40788.64062,41436.35156,38980.875,40254.54688,
2021-01-10,40254.21875,41420.19141,35984.62891,38356.44141,
2021-01-11,38346.53125,38346.53125,30549.59961,35566.65625,
2021-01-12,35516.35938,36568.52734,32697.97656,33922.96094,
2021-01-13,33915.12109,37599.96094,32584.66797,37316.35938,
2021-01-14,37325.10938,39966.40625,36868.5625,39187.32812,
2021-01-15,39156.70703,39577.71094,34659.58984,36825.36719,
2021-01-16,36821.64844,37864.36719,35633.55469,36178.14062,
2021-01-17,36163.64844,36722.35156,34069.32031,35791.27734,
2021-01-18,35792.23828,37299.28516,34883.84375,36630.074219,
2021-01-19,36642.23438,37755.89062,36069.80469,36069.80469,
2021-01-20,36050.11328,36378.32812,33570.47656,35547.75,
2021-01-21,35549.39844,35552.67969,30250.75,30825.69922,
2021-01-22,30817.625,33811.85156,28953.37305,33005.76172,
2021-01-23,32985.75781,33360.97656,31493.16016,32067.64258,
2021-01-24,32064.37695,32944.0078125,31106.68555,32289.37891,
2021-01-25,32285.79883,34802.74219,32087.78711,32366.39258,
2021-01-26,32358.61328,32794.55078,31030.26562,32569.84961,
2021-01-27,32564.029297,32564.029297,29367.13867,30432.54688,
2021-01-28,30441.041016,33858.3125,30023.20703,33466.097656,
2021-01-29,34318.67188,38406.26172,32064.81445,34316.38672,
2021-01-30,34295.93359,34834.70703,32940.1875,34269.52344,
2021-01-31,34270.87891,34288.33203,32270.17578,33114.35938,
2021-02-01,33114.57812,34638.21484,32384.22852,33537.17578,
2021-02-02,33533.19922,35896.88281,33489.21875,35510.28906,
2021-02-03,35510.82031,37480.1875,35443.98438,37472.089844,
2021-02-04,37475.10547,38592.17578,36317.5,36926.066406,
2021-02-05,36931.54688,38225.90625,36658.76172,38144.30859,
2021-02-06,38138.38672,40846.54688,38138.38672,39266.011719,
2021-02-07,39250.19141,39621.83594,37446.15234,38903.44141,
2021-02-08,38886.82812,46203.92969,38076.32422,46196.46484,
2021-02-09,46184.99219,48003.72266,45166.96094,46481.10547,
2021-02-10,46469.76172,47145.56641,43881.15234,44918.18359,
2021-02-11,44898.71094,48463.46875,44187.76172,47909.33203,
2021-02-12,47877.035156,48745.73438,46424.97656,47504.85156,
2021-02-13,47491.20312,48047.74609,46392.28125,47105.51562,
2021-02-14,47114.50781,49487.64062,47114.50781,48717.28906,
2021-02-15,48696.53516,48875.57031,46347.47656,47945.058594,
2021-02-16,47944.45703,50341.10156,47201.30469,49199.87109,
2021-02-17,49207.27734,52533.91406,49072.37891,52149.0078125,
2021-02-18,52140.97266,52474.10547,51015.76562,51679.79688,
2021-02-19,51675.98047,56113.65234,50937.27734,55888.13281,
2021-02-20,55887.33594,57505.22656,54626.55859,56099.51953,
2021-02-21,56068.56641,58330.57031,55672.60938,57539.94531,
2021-02-22,57532.73828,57533.39062,48967.56641,54207.32031,
2021-02-23,54204.92969,54204.92969,45290.58984,48824.42578,
2021-02-24,48835.085938,51290.13672,47213.5,49705.33203,
2021-02-25,49709.082031,51948.96875,47093.85156,47093.85156,
2021-02-26,47180.46484,48370.78516,44454.84375,46339.76172,
2021-02-27,46344.77344,48253.26953,45269.027344,46188.45312,
2021-02-28,46194.015625,46716.42969,43241.61719,45137.76953,
2021-03-01,45159.50391,49784.015625,45115.09375,49631.24219,
2021-03-02,49612.10547,50127.51172,47228.84375,48378.98828,
2021-03-03,48415.81641,52535.13672,48274.32031,50538.24219,
2021-03-04,50522.30469,51735.089844,47656.92969,48561.16797,
2021-03-05,48527.03125,49396.42969,46542.51562,48927.30469,
2021-03-06,48899.23047,49147.21875,47257.52734,48912.38281,
2021-03-07,48918.67969,51384.36719,48918.67969,51206.69141,
2021-03-08,51174.11719,52314.070312,49506.054688,52246.52344,
2021-03-09,52272.96875,54824.11719,51981.83203,54824.11719,
2021-03-10,54824.011719,57258.25391,53290.89062,56008.55078,
2021-03-11,55963.17969,58091.0625,54484.59375,57805.12109,
2021-03-12,57821.21875,57996.62109,55376.64844,57332.089844,
2021-03-13,57343.37109,61683.86328,56217.97266,61243.085938,
2021-03-14,61221.13281,61597.91797,59302.31641,59302.31641,
2021-03-15,59267.42969,60540.99219,55393.16406,55907.19922,
2021-03-16,55840.78516,56833.17969,53555.027344,56804.90234,
2021-03-17,56825.82812,58969.81641,54528.62891,58870.89453,
2021-03-18,58893.078125,60116.25,54253.57812,57858.92188,
2021-03-19,57850.44141,59498.375,56643.70312,58346.65234,
2021-03-20,58332.26172,60031.28516,58213.29688,58313.64453,
2021-03-21,58309.91406,58767.89844,56005.61719,57523.42188,
2021-03-22,57517.89062,58471.48047,54288.15625,54529.14453,
2021-03-23,54511.66016,55985.44141,53470.69531,54738.94531,
2021-03-24,54710.48828,57262.38281,52514.33203,52774.26562,
2021-03-25,52726.74609,53392.38672,50856.57031,51704.16016,
2021-03-26,51683.011719,55137.3125,51579.85547,55137.3125,
2021-03-27,55137.56641,56568.21484,54242.91016,55973.51172,
2021-03-28,55974.94141,56610.3125,55071.11328,55950.74609,
2021-03-29,55947.89844,58342.097656,55139.33984,57750.19922,
2021-03-30,57750.13281,59447.22266,57251.55078,58917.69141,
2021-03-31,58930.27734,59930.027344,57726.41797,58918.83203,
2021-04-01,58926.5625,59586.070312,58505.27734,59095.80859,
2021-04-02,59098.87891,60267.1875,58869.28125,59384.3125,
2021-04-03,59397.41016,60110.26953,57603.89062,57603.89062,
2021-04-04,57604.83984,58913.74609,57168.67578,58758.55469,
2021-04-05,58760.875,59891.29688,57694.82422,59057.87891,
2021-04-06,59171.93359,59479.57812,57646.80859,58192.35938,
2021-04-07,58186.50781,58731.14453,55604.023438,56048.9375,
2021-04-08,56099.91406,58338.73828,55879.085938,58323.95312,
2021-04-09,58326.5625,58937.046875,57807.86328,58245.0039062,
2021-04-10,58253.77734,61276.66406,58038.70703,59793.23438,
2021-04-11,59846.23047,60790.55469,59289.79688,60204.96484,
2021-04-12,60175.94531,61253.035156,59589.875,59893.45312,
2021-04-13,59890.019531,63742.28516,59869.95703,63503.45703,
2021-04-14,63523.75391,64863.097656,61554.79688,63109.69531,
2021-04-15,63075.19531,63821.67188,62208.96484,63314.011719,
2021-04-16,63258.50391,63594.72266,60222.53125,61572.78906,
2021-04-17,61529.92188,62572.17578,60361.35156,60683.82031,
2021-04-18,60701.88672,61057.45703,52829.53516,56216.18359,
2021-04-19,56191.58594,57520.054688,54368.59375,55724.26562,
2021-04-20,55681.79297,57062.14844,53448.046875,56473.03125,
2021-04-21,56471.12891,56757.97266,53695.46875,53906.089844,
2021-04-22,53857.10547,55410.23047,50583.8125,51762.27344,
2021-04-23,51739.80859,52120.79297,47714.66406,51093.65234,
2021-04-24,51143.22656,51167.5625,48805.28516,50050.86719,
2021-04-25,50052.83203,50506.019531,47159.48438,49004.25391,
2021-04-26,49077.79297,54288.0039062,48852.79688,54021.75391,
2021-04-27,54030.30469,55416.96484,53319.1875,55033.11719,
2021-04-28,55036.63672,56227.20703,53887.91797,54824.70312,
2021-04-29,54858.089844,55115.84375,52418.027344,53555.10938,
2021-04-30,53568.66406,57900.71875,53129.60156,57750.17578,
2021-05-01,57714.66406,58448.33984,57052.27344,57828.050781,
2021-05-02,57825.86328,57902.59375,56141.90625,56631.078125,
2021-05-03,56620.27344,58973.30859,56590.87109,57200.29297,
2021-05-04,57214.17969,57214.17969,53191.42578,53333.53906,
2021-05-05,53252.16406,57911.36328,52969.054688,57424.0078125,
2021-05-06,57441.30859,58363.31641,55382.50781,56396.51562,
2021-05-07,56413.95312,58606.63281,55321.84766,57356.40234,
2021-05-08,57352.76562,59464.61328,56975.21094,58803.77734,
2021-05-09,58877.39062,59210.88281,56482.0039062,58232.31641,
2021-05-10,58250.87109,59519.35547,54071.45703,55859.79688,
2021-05-11,55847.24219,56872.54297,54608.65234,56704.57422,
2021-05-12,56714.53125,57939.36328,49150.53516,49150.53516,
2021-05-13,49735.43359,51330.84375,46980.019531,49716.19141,
2021-05-14,49682.98047,51438.11719,48868.57812,49880.53516,
2021-05-15,49855.49609,50639.66406,46664.14062,46760.1875,
2021-05-16,46716.63672,49720.042969,43963.35156,46456.058594,
2021-05-17,46415.89844,46623.55859,42207.28906,43537.51172,
2021-05-18,43488.058594,45812.45703,42367.83203,42909.40234,
2021-05-19,42944.97656,43546.11719,30681.49609,37002.44141,
2021-05-20,36753.66797,42462.98438,35050.61719,40782.73828,
2021-05-21,40596.94922,42172.17188,33616.45312,37304.69141,
2021-05-22,37371.03125,38831.054688,35383.68359,37536.63281,
2021-05-23,37531.44922,38289.21875,31227.33984,34770.58203,
2021-05-24,34700.36328,39835.14062,34551.082031,38705.98047,
2021-05-25,38795.78125,39776.35156,36581.42969,38402.22266,
2021-05-26,38392.625,40782.078125,37905.83594,39294.19922,
2021-05-27,39316.89062,40379.61719,37247.90234,38436.96875,
2021-05-28,38507.082031,38856.96875,34779.039062,35697.60547,
2021-05-29,35684.15625,37234.5,33693.92969,34616.066406,
2021-05-30,34607.40625,36400.66797,33520.73828,35678.12891,
2021-05-31,35658.59375,37468.25,34241.94531,37332.85547,
2021-06-01,37293.79297,37896.73438,35787.085938,36684.92578,
2021-06-02,36699.92188,38231.33984,35966.30859,37575.17969,
2021-06-03,37599.41016,39478.95312,37243.97266,39208.76562,
2021-06-04,39242.48438,39242.48438,35717.72266,36894.40625,
2021-06-05,36880.15625,37917.71484,34900.41406,35551.95703,
2021-06-06,35538.60938,36436.42188,35304.57812,35862.37891,
2021-06-07,35835.26562,36790.57031,33480.64062,33560.70703,
2021-06-08,33589.51953,34017.38672,31114.44336,33472.63281,
2021-06-09,33416.97656,37537.37109,32475.86523,37345.12109,
2021-06-10,37389.51562,38334.32422,35847.59375,36702.59766,
2021-06-11,36697.03125,37608.69531,36044.44922,37334.39844,
2021-06-12,37340.14453,37408.92578,34728.19141,35552.51562,
2021-06-13,35555.78906,39322.78125,34864.10938,39097.85938,
2021-06-14,39016.96875,40978.36328,38757.28516,40218.47656,
2021-06-15,40427.16797,41295.26953,39609.46875,40406.26953,
2021-06-16,40168.69141,40516.77734,38176.035156,38347.0625,
2021-06-17,38341.42188,39513.67188,37439.67578,38053.50391,
2021-06-18,38099.47656,38187.26172,35255.85547,35787.24609,
2021-06-19,35854.52734,36457.79688,34933.0625,35615.87109,
2021-06-20,35563.14062,36059.48438,33432.074219,35698.29688,
2021-06-21,35641.14453,35721.64062,31295.93555,31676.69336,
2021-06-22,31622.37695,33292.45312,28893.62109,32505.66016,
2021-06-23,32515.71484,34753.41016,31772.63281,33723.027344,
2021-06-24,33682.80078,35228.85156,32385.21484,34662.4375,
2021-06-25,34659.10547,35487.24609,31350.88477,31637.7793,
2021-06-26,31594.66406,32637.58789,30184.50195,32186.27734,
2021-06-27,32287.52344,34656.12891,32071.75781,34649.64453,
2021-06-28,34679.12109,35219.89062,33902.074219,34434.33594,
2021-06-29,34475.55859,36542.10938,34252.48438,35867.77734,
2021-06-30,35908.38672,36074.75781,34086.15234,35040.83594,
2021-07-01,35035.98438,35035.98438,32883.78125,33572.11719,
2021-07-02,33549.60156,33939.58984,32770.67969,33897.046875,
2021-07-03,33854.42188,34909.26172,33402.69531,34668.54688,
2021-07-04,34665.56641,35937.56641,34396.47656,35287.78125,
2021-07-05,35284.34375,35284.34375,33213.66016,33746.0039062,
2021-07-06,33723.50781,35038.53516,33599.91797,34235.19531,
2021-07-07,34225.67969,34997.66406,33839.28906,33855.32812,
2021-07-08,33889.60547,33907.90625,32133.18359,32877.37109,
2021-07-09,32861.67188,34042.29297,32318.88086,33798.011719,
2021-07-10,33811.24219,34209.070312,33116.011719,33520.51953,
2021-07-11,33509.078125,34584.70312,33346.73828,34240.1875,
2021-07-12,34254.015625,34592.15625,32697.30859,33155.84766,
2021-07-13,33125.46875,33327.10156,32261.41992,32702.025391,
2021-07-14,32723.8457,33061.39844,31639.125,32822.34766,
2021-07-15,32827.875,33159.64062,31175.70898,31780.73047,
2021-07-16,31841.55078,32218.40625,31100.67383,31421.53906,
2021-07-17,31397.30859,31935.94531,31223.99023,31533.068359,
2021-07-18,31533.88477,32398.99609,31215.49219,31796.81055,
2021-07-19,31800.011719,31885.85938,30563.73438,30817.83203,
2021-07-20,30838.28516,31006.1875,29360.95508,29807.34766,
2021-07-21,29796.28516,32752.32617,29526.18359,32110.69336,
2021-07-22,32138.87305,32576.40039,31745.29883,32313.10547,
2021-07-23,32305.95898,33581.55078,32057.89258,33581.55078,
2021-07-24,33593.73047,34490.39062,33424.85938,34292.44531,
2021-07-25,34290.29297,35364.92578,33881.83594,35350.1875,
2021-07-26,35384.03125,40499.67578,35287.3125,37337.53516,
2021-07-27,37276.035156,39406.94141,36441.72656,39406.94141,
2021-07-28,39503.1875,40816.070312,38862.4375,39995.90625,
2021-07-29,39995.45312,40593.070312,39352.058594,40008.42188,
2021-07-30,40027.48438,42235.54688,38397.35547,42235.54688,
2021-07-31,42196.30469,42231.44922,41110.83203,41626.19531,
2021-08-01,41460.84375,42541.67969,39540.94141,39974.89453,
2021-08-02,39907.26172,40419.17969,38746.34766,39201.94531,
2021-08-03,39178.40234,39750.03125,37782.050781,38152.98047,
2021-08-04,38213.33203,39952.29688,37589.16406,39747.50391,
2021-08-05,39744.51562,41341.93359,37458.0039062,40869.55469,
2021-08-06,40865.86719,43271.66016,39932.17969,42816.5,
2021-08-07,42832.79688,44689.85938,42618.56641,44555.80078,
2021-08-08,44574.4375,45282.35156,43331.91016,43798.11719,
2021-08-09,43791.92578,46456.83203,42848.6875,46365.40234,
2021-08-10,46280.84766,46637.98828,44705.55469,45585.03125,
2021-08-11,45599.70312,46735.63281,45351.71094,45593.63672,
2021-08-12,45576.87891,46228.91016,43861.44531,44428.28906,
2021-08-13,44439.69141,47831.97656,44282.41797,47793.32031,
2021-08-14,47810.6875,48098.68359,46177.63281,47096.94531,
2021-08-15,47096.66797,47357.10547,45579.58984,47047.0039062,
2021-08-16,47019.96094,47998.097656,45700.32031,46004.48438,
2021-08-17,45936.45703,47139.57031,44512.41797,44695.35938,
2021-08-18,44686.75,45952.0625,44364.027344,44801.1875,
2021-08-19,44741.88281,46970.76172,43998.31641,46717.57812,
2021-08-20,46723.12109,49342.15234,46650.70703,49339.17578,
2021-08-21,49327.074219,49717.019531,48312.19922,48905.49219,
2021-08-22,48869.10547,49471.60938,48199.94141,49321.65234,
2021-08-23,49291.67578,50482.078125,49074.60547,49546.14844,
2021-08-24,49562.34766,49878.76953,47687.11719,47706.11719,
2021-08-25,47727.25781,49202.87891,47163.61328,48960.78906,
2021-08-26,49002.64062,49347.58203,46405.78125,46942.21875,
2021-08-27,46894.55469,49112.78516,46394.28125,49058.66797,
2021-08-28,49072.58594,49283.50391,48499.23828,48902.40234,
2021-08-29,48911.25,49644.11328,47925.85547,48829.83203,
2021-08-30,48834.85156,48925.60547,46950.27344,47054.98438,
2021-08-31,47024.33984,48189.55078,46750.09375,47166.6875,
2021-09-01,47099.77344,49111.089844,46562.4375,48847.027344,
2021-09-02,48807.84766,50343.42188,48652.32031,49327.72266,
2021-09-03,49288.25,50982.27344,48386.085938,50025.375,
2021-09-04,50009.32422,50545.58203,49548.78125,49944.625,
2021-09-05,49937.85938,51868.67969,49538.59766,51753.41016,
2021-09-06,51769.0039062,52700.94141,51053.67969,52633.53516,
2021-09-07,52660.48047,52853.76562,43285.20703,46811.12891,
2021-09-08,46827.76172,47334.054688,44561.39453,46091.39062,
2021-09-09,45774.74219,47261.94922,45669.73828,46391.42188,
2021-09-10,46396.66406,47031.74219,44344.48438,44883.91016,
2021-09-11,44869.83984,45969.29297,44818.26562,45201.45703,
2021-09-12,45206.62891,46364.87891,44790.46094,46063.26953,
2021-09-13,46057.21484,46598.67969,43591.32031,44963.074219,
2021-09-14,44960.050781,47218.125,44752.33203,47092.49219,
2021-09-15,47098.0,48450.46875,46773.32812,48176.34766,
2021-09-16,48158.90625,48486.82812,47079.55859,47783.35938,
2021-09-17,47771.0039062,48160.92188,46832.52344,47267.51953,
2021-09-18,47273.52734,48791.78125,47087.28516,48278.36328,
2021-09-19,48268.85547,48328.36719,46919.80469,47260.21875,
2021-09-20,47261.40625,47328.19922,42598.91406,42843.80078,
2021-09-21,43012.23438,43607.60938,39787.60938,40693.67578,
2021-09-22,40677.95312,43978.62109,40625.63281,43574.50781,
2021-09-23,43560.29688,44942.17578,43109.33984,44895.097656,
2021-09-24,44894.30078,45080.49219,40936.55859,42839.75,
2021-09-25,42840.89062,42996.25781,41759.92188,42716.59375,
2021-09-26,42721.62891,43919.30078,40848.46094,43208.53906,
2021-09-27,43234.18359,44313.24609,42190.63281,42235.73047,
2021-09-28,42200.89844,42775.14453,40931.66406,41034.54297,
2021-09-29,41064.98438,42545.25781,40829.66797,41564.36328,
2021-09-30,41551.26953,44092.60156,41444.58203,43790.89453,
2021-10-01,43816.74219,48436.011719,43320.023438,48116.94141,
2021-10-02,48137.46875,48282.0625,47465.49609,47711.48828,
2021-10-03,47680.027344,49130.69141,47157.28906,48199.95312,
2021-10-04,48208.90625,49456.77734,47045.0039062,49112.90234,
2021-10-05,49174.96094,51839.98438,49072.83984,51514.8125,
2021-10-06,51486.66406,55568.46484,50488.19141,55361.44922,
2021-10-07,55338.625,55338.625,53525.46875,53805.98438,
2021-10-08,53802.14453,55922.98047,53688.054688,53967.84766,
2021-10-09,53929.78125,55397.94531,53735.14453,54968.22266,
2021-10-10,54952.82031,56401.30469,54264.25781,54771.57812,
2021-10-11,54734.125,57793.039062,54519.76562,57484.78906,
2021-10-12,57526.83203,57627.87891,54477.97266,56041.058594,
2021-10-13,56038.25781,57688.66016,54370.97266,57401.097656,
2021-10-14,57372.83203,58478.73438,56957.074219,57321.52344,
2021-10-15,57345.90234,62757.12891,56868.14453,61593.94922,
2021-10-16,61609.52734,62274.47656,60206.12109,60892.17969,
2021-10-17,60887.65234,61645.52344,59164.46875,61553.61719,
2021-10-18,61548.80469,62614.66016,60012.75781,62026.078125,
2021-10-19,62043.16406,64434.53516,61622.93359,64261.99219,
2021-10-20,64284.58594,66930.39062,63610.67578,65992.83594,
2021-10-21,66002.23438,66600.54688,62117.41016,62210.17188,
2021-10-22,62237.89062,63715.023438,60122.79688,60692.26562,
2021-10-23,60694.62891,61743.87891,59826.52344,61393.61719,
2021-10-24,61368.34375,61505.80469,59643.34375,60930.83594,
2021-10-25,60893.92578,63729.32422,60691.80078,63039.82422,
2021-10-26,63032.76172,63229.027344,59991.16016,60363.79297,
2021-10-27,60352.0,61435.18359,58208.1875,58482.38672,
2021-10-28,58470.73047,62128.63281,58206.91797,60622.13672,
2021-10-29,60624.87109,62927.60938,60329.96484,62227.96484,
2021-10-30,62239.36328,62330.14453,60918.38672,61888.83203,
2021-10-31,61850.48828,62406.17188,60074.32812,61318.95703,
2021-11-01,61320.44922,62419.0039062,59695.18359,61004.40625,
2021-11-02,60963.25391,64242.79297,60673.054688,63226.40234,
2021-11-03,63254.33594,63516.9375,61184.23828,62970.046875,
2021-11-04,62941.80469,63123.28906,60799.66406,61452.23047,
2021-11-05,61460.078125,62541.46875,60844.60938,61125.67578,
2021-11-06,61068.875,61590.68359,60163.78125,61527.48047,
2021-11-07,61554.92188,63326.98828,61432.48828,63326.98828,
2021-11-08,63344.066406,67673.74219,63344.066406,67566.82812,
2021-11-09,67549.73438,68530.33594,66382.0625,66971.82812,
2021-11-10,66953.33594,68789.625,63208.11328,64995.23047,
2021-11-11,64978.89062,65579.015625,64180.48828,64949.96094,
2021-11-12,64863.98047,65460.81641,62333.91406,64155.94141,
2021-11-13,64158.12109,64915.67578,63303.73438,64469.52734,
2021-11-14,64455.37109,65495.17969,63647.80859,65466.83984,
2021-11-15,65521.28906,66281.57031,63548.14453,63557.87109,
2021-11-16,63721.19531,63721.19531,59016.33594,60161.24609,
2021-11-17,60139.62109,60823.60938,58515.41016,60368.011719,
2021-11-18,60360.13672,60948.5,56550.79297,56942.13672,
2021-11-19,56896.12891,58351.11328,55705.17969,58119.57812,
2021-11-20,58115.082031,59859.87891,57469.72656,59697.19531,
2021-11-21,59730.50781,60004.42578,58618.92969,58730.47656,
2021-11-22,58706.84766,59266.35938,55679.83984,56289.28906,
2021-11-23,56304.55469,57875.51562,55632.76172,57569.074219,
2021-11-24,57565.85156,57803.066406,55964.22266,56280.42578,
2021-11-25,57165.41797,59367.96875,57146.68359,57274.67969,
2021-11-26,58960.28516,59183.48047,53569.76562,53569.76562,
2021-11-27,53736.42969,55329.25781,53668.35547,54815.078125,
2021-11-28,54813.023438,57393.84375,53576.73438,57248.45703,
2021-11-29,57291.90625,58872.87891,56792.52734,57806.56641,
2021-11-30,57830.11328,59113.40234,56057.28125,57005.42578,
2021-12-01,56907.96484,59041.68359,56553.082031,57229.82812,
2021-12-02,57217.37109,57349.23438,55895.13281,56477.81641,
2021-12-03,56509.16406,57482.16797,52496.58594,53598.24609,
2021-12-04,53727.87891,53904.67969,42874.61719,49200.70312,
2021-12-05,49201.51953,49768.14844,47857.49609,49368.84766,
2021-12-06,49413.48047,50929.51953,47281.035156,50582.625,
2021-12-07,50581.82812,51934.78125,50175.80859,50700.085938,
2021-12-08,50667.64844,51171.375,48765.98828,50504.79688,
2021-12-09,50450.082031,50797.16406,47358.35156,47672.12109,
2021-12-10,47642.14453,50015.25391,47023.69922,47243.30469,
2021-12-11,47264.63281,49458.21094,46942.34766,49362.50781,
2021-12-12,49354.85547,50724.86719,48725.85156,50098.33594,
2021-12-13,50114.74219,50205.0,45894.84766,46737.48047,
2021-12-14,46709.82422,48431.39844,46424.49609,46612.63281,
2021-12-15,48379.75391,49473.95703,46671.96484,48896.72266,
2021-12-16,48900.46484,49425.57422,47529.87891,47665.42578,
2021-12-17,47653.73047,48004.89453,45618.21484,46202.14453,
2021-12-18,46219.25391,47313.82812,45598.44141,46848.77734,
2021-12-19,46853.86719,48089.66406,46502.95312,46707.015625,
2021-12-20,46707.0625,47401.71875,45579.80859,46880.27734,
2021-12-21,46886.078125,49300.91797,46698.77344,48936.61328,
2021-12-22,48937.097656,49544.79688,48450.94141,48628.51172,
2021-12-23,48626.34375,51332.33984,48065.83594,50784.53906,
2021-12-24,50806.050781,51814.027344,50514.49609,50822.19531,
2021-12-25,50854.91797,51176.59766,50236.70703,50429.85938,
2021-12-26,50428.69141,51196.37891,49623.10547,50809.51562,
2021-12-27,50802.60938,51956.32812,50499.46875,50640.41797,
2021-12-28,50679.85938,50679.85938,47414.21094,47588.85547,
2021-12-29,47623.87109,48119.74219,46201.49609,46444.71094,
2021-12-30,46490.60547,47879.96484,46060.3125,47178.125,
2021-12-31,47169.37109,48472.52734,45819.95312,46306.44531,
2022-01-01,46311.74609,47827.3125,46288.48438,47686.8125,
2022-01-02,47680.92578,47881.40625,46856.9375,47345.21875,
2022-01-03,47343.54297,47510.72656,45835.96484,46458.11719,
2022-01-04,46458.85156,47406.54688,45752.46484,45897.57422,
2022-01-05,45899.35938,46929.046875,42798.22266,43569.0039062,
2022-01-06,43565.51172,43748.71875,42645.53906,43160.92969,
2022-01-07,43153.57031,43153.57031,41077.44531,41557.90234,
2022-01-08,41561.46484,42228.94141,40672.27734,41733.94141,
2022-01-09,41734.72656,42663.94922,41338.16016,41911.60156,
2022-01-10,41910.23047,42199.48438,39796.57031,41821.26172,
2022-01-11,41819.50781,43001.15625,41407.75391,42735.85547,
2022-01-12,42742.17969,44135.36719,42528.98828,43949.10156,
2022-01-13,43946.74219,44278.42188,42447.042969,42591.57031,
2022-01-14,42598.87109,43346.6875,41982.61719,43099.69922,
2022-01-15,43101.89844,43724.67188,42669.035156,43177.39844,
2022-01-16,43172.039062,43436.80859,42691.023438,43113.87891,
2022-01-17,43118.12109,43179.39062,41680.32031,42250.55078,
2022-01-18,42250.074219,42534.40234,41392.21484,42375.63281,
2022-01-19,42374.039062,42478.30469,41242.91406,41744.32812,
2022-01-20,41744.027344,43413.023438,40672.82422,40680.41797,
2022-01-21,40699.60547,41060.52734,35791.42578,36457.31641,
2022-01-22,36471.58984,36688.8125,34349.25,35030.25,
2022-01-23,35047.35938,36433.3125,34784.96875,36276.80469,
2022-01-24,36275.73438,37247.51953,33184.058594,36654.32812,
2022-01-25,36654.80469,37444.57031,35779.42969,36954.0039062,
2022-01-26,36950.51562,38825.41016,36374.90625,36852.12109,
2022-01-27,36841.87891,37148.32422,35629.28125,37138.23438,
2022-01-28,37128.44531,37952.87891,36211.10938,37784.33203,
2022-01-29,37780.71484,38576.26172,37406.47266,38138.17969,
2022-01-30,38151.91797,38266.33984,37437.71094,37917.60156,
2022-01-31,37920.28125,38647.26172,36733.57422,38483.125,
2022-02-01,38481.76562,39115.13281,38113.66406,38743.27344,
2022-02-02,38743.71484,38834.61719,36832.73047,36952.98438,
2022-02-03,36944.80469,37154.60156,36375.53906,37154.60156,
2022-02-04,37149.26562,41527.78516,37093.62891,41500.875,
2022-02-05,41501.48047,41847.16406,41038.097656,41441.16406,
2022-02-06,41441.12109,42500.78516,41244.90625,42412.43359,
2022-02-07,42406.78125,44401.86328,41748.15625,43840.28516,
2022-02-08,43854.65234,45293.86719,42807.83594,44118.44531,
2022-02-09,44096.70312,44727.80078,43232.96875,44338.79688,
2022-02-10,44347.80078,45661.17188,43402.80859,43565.11328,
2022-02-11,43571.12891,43810.83203,42114.53906,42407.9375,
2022-02-12,42412.30078,42992.55078,41852.57422,42244.46875,
2022-02-13,42236.56641,42693.054688,41950.94141,42197.51562,
2022-02-14,42157.39844,42775.77734,41681.95703,42586.91797,
2022-02-15,42586.46484,44667.21875,42491.035156,44575.20312,
2022-02-16,44578.27734,44578.27734,43456.69141,43961.85938,
2022-02-17,43937.070312,44132.97266,40249.37109,40538.011719,
2022-02-18,40552.13281,40929.15234,39637.61719,40030.97656,
2022-02-19,40026.023438,40418.87891,39713.058594,40122.15625,
2022-02-20,40118.10156,40119.89062,38112.8125,38431.37891,
2022-02-21,38423.21094,39394.4375,36950.47656,37075.28125,
2022-02-22,37068.76953,38359.85547,36488.93359,38286.027344,
2022-02-23,38285.28125,39122.39453,37201.81641,37296.57031,
2022-02-24,37278.56641,38968.83984,34459.21875,38332.60938,
2022-02-25,38333.74609,39630.32422,38111.34375,39214.21875,
2022-02-26,39213.082031,40005.34766,38702.53516,39105.14844,
2022-02-27,39098.69922,39778.94141,37268.97656,37709.78516,
2022-02-28,37706.0,43760.45703,37518.21484,43193.23438,
2022-03-01,43194.50391,44793.60156,42952.58594,44354.63672,
2022-03-02,44357.61719,45077.57812,43432.85156,43924.11719,
2022-03-03,43925.19531,44021.57812,41914.75,42451.78906,
2022-03-04,42458.14062,42479.61328,38805.84766,39137.60547,
2022-03-05,39148.44922,39566.33594,38777.035156,39400.58594,
2022-03-06,39404.19922,39640.17578,38211.64844,38419.98438,
2022-03-07,38429.30469,39430.22656,37260.20312,38062.039062,
2022-03-08,38059.90234,39304.44141,37957.38672,38737.26953,
2022-03-09,38742.81641,42465.67188,38706.09375,41982.92578,
2022-03-10,41974.070312,42004.72656,38832.94141,39437.46094,
2022-03-11,39439.96875,40081.67969,38347.43359,38794.97266,
2022-03-12,38794.46484,39308.59766,38772.53516,38904.011719,
2022-03-13,38884.72656,39209.35156,37728.14453,37849.66406,
2022-03-14,37846.31641,39742.5,37680.73438,39666.75391,
2022-03-15,39664.25,39794.62891,38310.21094,39338.78516,
2022-03-16,39335.57031,41465.45312,39022.34766,41143.92969,
2022-03-17,41140.84375,41287.53516,40662.87109,40951.37891,
2022-03-18,40944.83984,42195.74609,40302.39844,41801.15625,
2022-03-19,41794.64844,42316.55469,41602.66797,42190.65234,
2022-03-20,42191.40625,42241.16406,41004.75781,41247.82422,
2022-03-21,41246.13281,41454.41016,40668.042969,41077.99609,
2022-03-22,41074.10547,43124.70703,40948.28125,42358.80859,
2022-03-23,42364.37891,42893.50781,41877.50781,42892.95703,
2022-03-24,42886.65234,44131.85547,42726.16406,43960.93359,
2022-03-25,43964.54688,44999.49219,43706.28516,44348.73047,
2022-03-26,44349.85938,44735.99609,44166.27344,44500.82812,
2022-03-27,44505.35547,46827.54688,44437.29297,46820.49219,
2022-03-28,46821.85156,48086.83594,46690.20312,47128.0039062,
2022-03-29,47100.4375,48022.28906,47100.4375,47465.73047,
2022-03-30,47456.89844,47655.14844,46746.21094,47062.66406,
2022-03-31,47062.14844,47512.027344,45390.53906,45538.67578,
2022-04-01,45554.16406,46616.24219,44403.14062,46281.64453,
2022-04-02,46285.5,47028.28125,45782.51172,45868.94922,
2022-04-03,45859.12891,47313.47656,45634.10547,46453.56641,
2022-04-04,46445.27344,46791.089844,45235.81641,46622.67578,
2022-04-05,46624.50781,47106.14062,45544.80859,45555.99219,
2022-04-06,45544.35547,45544.35547,43193.95312,43206.73828,
2022-04-07,43207.5,43860.69922,42899.90625,43503.84766,
2022-04-08,43505.13672,43903.019531,42183.28906,42287.66406,
2022-04-09,42282.078125,42786.81641,42183.25391,42782.13672,
2022-04-10,42781.089844,43376.37891,42021.20703,42207.67188,
2022-04-11,42201.039062,42424.58984,39373.058594,39521.90234,
2022-04-12,39533.71484,40617.58594,39388.32812,40127.18359,
2022-04-13,40123.57031,41430.054688,39712.74609,41166.73047,
2022-04-14,41160.21875,41451.48047,39695.74609,39935.51562,
2022-04-15,39939.40234,40617.72266,39866.83203,40553.46484,
2022-04-16,40552.31641,40633.67969,40078.42578,40424.48438,
2022-04-17,40417.77734,40570.72656,39620.89453,39716.95312,
2022-04-18,39721.20312,40986.32031,38696.19141,40826.21484,
2022-04-19,40828.17578,41672.96094,40618.63281,41502.75,
2022-04-20,41501.74609,42126.30078,40961.097656,41374.37891,
2022-04-21,41371.51562,42893.58203,40063.82812,40527.36328,
2022-04-22,40525.86328,40777.75781,39315.41797,39740.32031,
2022-04-23,39738.72266,39935.85938,39352.20312,39486.73047,
2022-04-24,39478.375,39845.92578,39233.53906,39469.29297,
2022-04-25,39472.60547,40491.75391,38338.37891,40458.30859,
2022-04-26,40448.42188,40713.89062,37884.98438,38117.46094,
2022-04-27,38120.30078,39397.91797,37997.3125,39241.12109,
2022-04-28,39241.42969,40269.46484,38941.42188,39773.82812,
2022-04-29,39768.61719,39887.26953,38235.53516,38609.82422,
2022-04-30,38605.85938,38771.21094,37697.94141,37714.875,
2022-05-01,37713.26562,38627.85938,37585.78906,38469.09375,
2022-05-02,38472.1875,39074.97266,38156.5625,38529.32812,
2022-05-03,38528.10938,38629.99609,37585.62109,37750.45312,
2022-05-04,37748.011719,39902.94922,37732.058594,39698.37109,
2022-05-05,39695.74609,39789.28125,35856.51562,36575.14062,
2022-05-06,36573.18359,36624.35938,35482.13281,36040.92188,
2022-05-07,36042.50391,36129.92578,34940.82422,35501.95312,
2022-05-08,35502.94141,35502.94141,33878.96484,34059.26562,
2022-05-09,34060.015625,34222.074219,30296.95312,30296.95312,
2022-05-10,30273.6543,32596.30859,29944.80273,31022.90625,
2022-05-11,31016.18359,32013.40234,28170.41406,28936.35547,
2022-05-12,28936.73438,30032.43945,26350.49023,29047.75195,
2022-05-13,29030.91016,30924.80273,28782.33008,29283.10352,
2022-05-14,29285.64258,30192.80273,28702.91016,30101.26562,
2022-05-15,30098.58594,31308.19141,29527.74023,31305.11328,
2022-05-16,31304.375,31305.3418,29251.88477,29862.91797,
2022-05-17,29862.4082,30694.49023,29570.30273,30425.85742,
2022-05-18,30424.47852,30618.7168,28720.27148,28720.27148,
2022-05-19,28720.35938,30430.75195,28708.95508,30314.33398,
2022-05-20,30311.11914,30664.97656,28793.60547,29200.74023,
2022-05-21,29199.85938,29588.86914,29027.39453,29432.22656,
2022-05-22,29432.47266,30425.86133,29275.18359,30323.72266,
2022-05-23,30309.39648,30590.58594,28975.56055,29098.91016,
2022-05-24,29101.125,29774.35547,28786.58984,29655.58594,
2022-05-25,29653.13477,30157.78516,29384.94922,29562.36133,
2022-05-26,29564.77734,29834.16016,28261.90625,29267.22461,
2022-05-27,29251.14062,29346.94336,28326.61328,28627.57422,
2022-05-28,28622.625,28814.90039,28554.56641,28814.90039,
2022-05-29,29019.86719,29498.0097656,28841.10742,29445.95703,
2022-05-30,29443.36523,31949.63086,29303.57227,31726.39062,
2022-05-31,31723.86523,32249.86328,31286.1543,31792.31055,
2022-06-01,31792.55469,31957.28516,29501.58789,29799.080078,
2022-06-02,29794.89062,30604.73438,29652.70508,30467.48828,
2022-06-03,30467.80664,30633.035156,29375.68945,29704.39062,
2022-06-04,29706.13867,29930.56445,29500.0058594,29832.91406,
2022-06-05,29835.11719,30117.74414,29574.44922,29906.66211,
2022-06-06,29910.2832,31693.29102,29894.1875,31370.67188,
2022-06-07,31371.74219,31489.68359,29311.68359,31155.47852,
2022-06-08,31151.48047,31253.69141,29944.4043,30214.35547,
2022-06-09,30215.2793,30609.31055,30020.26562,30111.99805,
2022-06-10,30110.33008,30245.80859,28978.14648,29083.80469,
2022-06-11,29084.66602,29401.91602,28236.21289,28360.81055,
2022-06-12,28373.51367,28502.68555,26762.64844,26762.64844,
2022-06-13,26737.57812,26795.58984,22141.25781,22487.38867,
2022-06-14,22487.98633,23018.95117,20950.81836,22206.79297,
2022-06-15,22196.73047,22642.67188,20178.37695,22572.83984,
2022-06-16,22576.30469,22868.92188,20265.22656,20381.65039,
2022-06-17,20385.71875,21243.3125,20326.51953,20471.48242,
2022-06-18,20473.42578,20736.041016,17708.62305,19017.64258,
2022-06-19,19010.90234,20683.82227,18067.15234,20553.27148,
2022-06-20,20553.37109,20913.32227,19689.16992,20599.53711,
2022-06-21,20594.29492,21620.62891,20415.0625,20710.59766,
2022-06-22,20719.41406,20835.75,19848.078125,19987.029297,
2022-06-23,19986.60742,21135.76172,19950.11719,21085.87695,
2022-06-24,21084.64844,21472.91797,20777.51172,21231.65625,
2022-06-25,21233.60938,21520.91406,20964.58594,21502.33789,
2022-06-26,21496.49414,21783.72461,21016.26953,21027.29492,
2022-06-27,21028.23828,21478.089844,20620.19922,20735.47852,
2022-06-28,20731.54492,21164.42383,20228.8125,20280.63477,
2022-06-29,20281.16992,20364.15625,19937.79102,20104.023438,
2022-06-30,20108.3125,20141.16016,18729.65625,19784.72656,
2022-07-01,19820.4707,20632.67188,19073.70898,19269.36719,
2022-07-02,19274.83594,19371.74805,19027.082031,19242.25586,
2022-07-03,19242.095703,19558.26953,18966.95117,19297.076172,
2022-07-04,19297.31445,20258.74805,19063.066406,20231.26172,
2022-07-05,20225.35352,20635.4668,19341.23242,20190.11523,
2022-07-06,20194.61914,20595.5293,19823.51172,20548.24609,
2022-07-07,20547.81445,21771.81641,20296.10352,21637.58789,
2022-07-08,21637.1543,22314.94141,21257.45312,21731.11719,
2022-07-09,21716.82812,21877.13867,21445.95703,21592.20703,
2022-07-10,21591.080078,21591.080078,20727.12305,20860.44922,
2022-07-11,20856.35352,20856.35352,19924.53906,19970.55664,
2022-07-12,19970.47461,20043.44531,19308.53125,19323.91406,
2022-07-13,19325.97266,20223.052734,18999.95312,20212.074219,
2022-07-14,20211.4668,20789.89453,19689.25781,20569.91992,
2022-07-15,20573.15625,21138.24414,20397.0,20836.32812,
2022-07-16,20834.10352,21514.4043,20518.89844,21190.31641,
2022-07-17,21195.041016,21600.64062,20778.17969,20779.34375,
2022-07-18,20781.91211,22633.033203,20781.91211,22485.68945,
2022-07-19,22467.84961,23666.96289,21683.40625,23389.43359,
2022-07-20,23393.19141,24196.81836,23009.94922,23231.73242,
2022-07-21,23233.20117,23388.32227,22431.14844,23164.62891,
2022-07-22,23163.75195,23671.92773,22603.41602,22714.97852,
2022-07-23,22706.98438,22977.21094,22002.91016,22465.47852,
2022-07-24,22465.50977,22974.0019531,22306.83984,22609.16406,
2022-07-25,22607.15625,22649.12109,21361.64258,21361.70117,
2022-07-26,21361.12109,21361.12109,20776.81641,21239.75391,
2022-07-27,21244.16992,22986.5293,21070.80664,22930.54883,
2022-07-28,22933.64062,24110.4707,22722.26562,23843.88672,
2022-07-29,23845.21289,24294.78711,23481.17383,23804.63281,
2022-07-30,23796.81836,24572.58008,23580.50781,23656.20703,
2022-07-31,23652.070312,24121.64258,23275.70312,23336.89648,
2022-08-01,23336.71875,23464.78711,22890.79688,23314.19922,
2022-08-02,23308.43359,23415.041016,22710.083984,22978.11719,
2022-08-03,22981.30273,23578.65039,22747.83594,22846.50781,
2022-08-04,22848.21484,23198.0097656,22485.70117,22630.95703,
2022-08-05,22626.83398,23422.82812,22612.17773,23289.31445,
2022-08-06,23291.42383,23326.5625,22961.2793,22961.2793,
2022-08-07,22963.50586,23359.0097656,22894.55664,23175.89062,
2022-08-08,23179.52734,24203.68945,23176.54688,23809.48633,
2022-08-09,23811.48438,23898.61523,22982.0,23164.31836,
2022-08-10,23162.89844,24127.41406,22771.51953,23947.64258,
2022-08-11,23948.3457,24822.62891,23900.99609,23957.5293,
2022-08-12,23957.20312,24412.56641,23657.26562,24402.81836,
2022-08-13,24402.1875,24860.050781,24346.11523,24424.068359,
2022-08-14,24429.056641,24974.91406,24206.25977,24319.33398,
2022-08-15,24318.31641,25135.58984,23839.77539,24136.97266,
2022-08-16,24126.13672,24228.41602,23733.5,23883.29102,
2022-08-17,23881.31641,24407.058594,23243.35352,23335.99805,
2022-08-18,23341.039062,23563.83203,23177.60156,23212.73828,
2022-08-19,23213.3125,23213.3125,20868.84766,20877.55273,
2022-08-20,20872.8418,21350.80664,20856.73047,21166.060547,
2022-08-21,21160.39258,21668.8457,21103.19727,21534.12109,
2022-08-22,21531.46289,21531.46289,20939.18359,21398.9082,
2022-08-23,21401.044922,21646.20312,20955.13867,21528.087891,
2022-08-24,21526.45508,21783.076172,21195.0058594,21395.019531,
2022-08-25,21395.45898,21789.63672,21362.44141,21600.9043,
2022-08-26,21596.085938,21804.9082,20199.48242,20260.019531,
2022-08-27,20262.48047,20340.77539,19890.52344,20041.73828,
2022-08-28,20041.035156,20139.054688,19616.81445,19616.81445,
2022-08-29,19615.1543,20357.46289,19600.78516,20297.99414,
2022-08-30,20298.61133,20542.64453,19617.64062,19796.80859,
2022-08-31,19799.58203,20420.99023,19799.58203,20049.76367,
2022-09-01,20050.49805,20198.39062,19653.96875,20127.14062,
2022-09-02,20126.072266,20401.56836,19814.76562,19969.77148,
2022-09-03,19969.71875,20037.0097656,19698.35547,19832.087891,
2022-09-04,19832.4707,19999.68945,19636.81641,19986.71289,
2022-09-05,19988.78906,20031.16016,19673.046875,19812.37109,
2022-09-06,19817.72461,20155.26953,18800.17188,18837.66797,
2022-09-07,18837.68359,19427.17188,18644.4668,19290.32422,
2022-09-08,19289.94141,19417.35156,19076.71484,19329.83398,
2022-09-09,19328.14062,21439.41016,19310.96289,21381.15234,
2022-09-10,21376.91211,21760.27539,21168.72266,21680.53906,
2022-09-11,21678.54297,21770.55273,21406.94531,21769.25586,
2022-09-12,21770.14844,22439.18164,21603.89648,22370.44922,
2022-09-13,22371.48047,22673.82031,20062.66992,20296.70703,
2022-09-14,20184.55469,20467.20117,19793.39648,20241.089844,
2022-09-15,20242.28906,20318.16602,19636.73438,19701.21094,
2022-09-16,19704.0058594,19870.62891,19400.076172,19772.58398,
2022-09-17,19777.033203,20162.53125,19777.033203,20127.57617,
2022-09-18,20127.23438,20127.23438,19387.49219,19419.50586,
2022-09-19,19418.57227,19639.48047,18390.31836,19544.12891,
2022-09-20,19545.5918,19602.45703,18813.45508,18890.78906,
2022-09-21,18891.2832,19674.63086,18290.31445,18547.40039,
2022-09-22,18534.65039,19456.91016,18415.5918,19413.55078,
2022-09-23,19412.40039,19464.67188,18617.55273,19297.63867,
2022-09-24,19296.99023,19310.19727,18861.97461,18937.011719,
2022-09-25,18936.31055,19134.73242,18696.46875,18802.097656,
2022-09-26,18803.90039,19274.87305,18721.28516,19222.67188,
2022-09-27,19221.83984,20338.45508,18915.66797,19110.54688,
2022-09-28,19104.62109,19688.34375,18553.29688,19426.7207,
2022-09-29,19427.7793,19589.26562,18924.35352,19573.050781,
2022-09-30,19573.43164,20109.84961,19265.66211,19431.78906,
2022-10-01,19431.10547,19471.1543,19231.082031,19312.095703,
2022-10-02,19311.84961,19370.30859,18970.62109,19044.10742,
2022-10-03,19044.068359,19653.54297,19025.22656,19623.58008,
2022-10-04,19623.58398,20380.34375,19523.83984,20336.84375,
2022-10-05,20335.90039,20343.74805,19801.80078,20160.7168,
2022-10-06,20161.039062,20408.39258,19900.087891,19955.44336,
2022-10-07,19957.55859,20041.085938,19395.79297,19546.84961,
2022-10-08,19546.32812,19601.69531,19299.41406,19416.56836,
2022-10-09,19417.47852,19542.53906,19349.25977,19446.42578,
2022-10-10,19446.41602,19515.4668,19102.97852,19141.48438,
2022-10-11,19139.0,19241.96094,18925.60352,19051.41797,
2022-10-12,19052.64648,19203.19922,19029.75781,19157.44531,
2022-10-13,19156.9668,19453.32812,18319.82227,19382.9043,
2022-10-14,19382.5332,19889.14648,19115.4082,19185.65625,
2022-10-15,19185.4375,19212.54102,19019.25,19067.63477,
2022-10-16,19068.91406,19389.60352,19068.91406,19268.09375,
2022-10-17,19268.5625,19635.80273,19173.33398,19550.75781,
2022-10-18,19550.4668,19666.99414,19144.76953,19334.41602,
2022-10-19,19335.027344,19348.41602,19127.6875,19139.53516,
2022-10-20,19138.085938,19315.19922,18971.45898,19053.74023,
2022-10-21,19053.20312,19237.38477,18770.9707,19172.46875,
2022-10-22,19172.38086,19248.068359,19132.24414,19208.18945,
2022-10-23,19207.73438,19646.65234,19124.19727,19567.0078125,
2022-10-24,19567.76953,19589.125,19206.32422,19345.57227,
2022-10-25,19344.96484,20348.41211,19261.44727,20095.85742,
2022-10-26,20092.23633,20938.13477,20076.11719,20770.44141,
2022-10-27,20772.80273,20854.044922,20255.37305,20285.83594,
2022-10-28,20287.95703,20724.98047,20086.068359,20595.35156,
2022-10-29,20595.10352,20988.39453,20566.48438,20818.47656,
2022-10-30,20817.98242,20917.0058594,20547.46289,20635.60352,
2022-10-31,20633.69531,20795.32031,20287.45898,20495.77344,
2022-11-01,20494.89844,20647.28906,20359.8457,20485.27344,
2022-11-02,20482.95898,20742.81055,20087.13477,20159.50391,
2022-11-03,20162.68945,20382.095703,20086.24023,20209.98828,
2022-11-04,20208.76953,21209.56055,20188.019531,21147.23047,
2022-11-05,21144.83203,21446.88672,21097.63477,21282.69141,
2022-11-06,21285.056641,21345.37695,20920.19141,20926.48633,
2022-11-07,20924.62109,21053.24609,20489.97266,20602.81641,
2022-11-08,20600.67188,20664.60742,17603.54492,18541.27148,
2022-11-09,18543.76172,18590.45898,15682.69238,15880.78027,
2022-11-10,15883.1582,18054.3125,15834.018555,17586.77148,
2022-11-11,17583.25195,17650.94336,16543.48242,17034.29297,
2022-11-12,17036.875,17066.67578,16651.77539,16799.18555,
2022-11-13,16799.72266,16920.76562,16320.63477,16353.36523,
2022-11-14,16352.02832,17109.32422,15872.94141,16618.19922,
2022-11-15,16617.48438,17051.96289,16542.55078,16884.61328,
2022-11-16,16884.3418,16960.29492,16430.11133,16669.43945,
2022-11-17,16670.42578,16726.43945,16460.68359,16687.51758,
2022-11-18,16687.91211,16947.058594,16564.61133,16697.77734,
2022-11-19,16696.2207,16797.87695,16570.41016,16711.54688,
2022-11-20,16712.91992,16746.7793,16248.69238,16291.83203,
2022-11-21,16291.22363,16291.22363,15599.046875,15787.28418,
2022-11-22,15782.30078,16253.047852,15656.60645,16189.76953,
2022-11-23,16195.58887,16638.19336,16170.50293,16610.70703,
2022-11-24,16611.63672,16771.47461,16501.76758,16604.46484,
2022-11-25,16602.26953,16603.31641,16388.4043,16521.8418,
2022-11-26,16521.57617,16666.86328,16416.22852,16464.28125,
2022-11-27,16463.88281,16594.40625,16437.025391,16444.62695,
2022-11-28,16440.22266,16482.93359,16054.53027,16217.32227,
2022-11-29,16217.63965,16522.25781,16139.39648,16444.98242,
2022-11-30,16445.47656,17190.9375,16445.47656,17168.56641,
2022-12-01,17168.0019531,17197.49805,16888.38867,16967.13281,
2022-12-02,16968.68359,17088.66016,16877.88086,17088.66016,
2022-12-03,17090.097656,17116.041016,16888.14062,16908.23633,
2022-12-04,16908.16992,17157.76758,16903.43945,17130.48633,
2022-12-05,17128.89453,17378.15234,16922.43164,16974.82617,
2022-12-06,16975.23828,17091.86328,16939.92188,17089.50391,
2022-12-07,17089.50586,17109.37695,16750.55859,16848.12695,
2022-12-08,16847.34961,17267.91602,16788.7832,17233.47461,
2022-12-09,17232.14844,17280.54688,17100.83594,17133.15234,
2022-12-10,17134.2207,17216.82617,17120.68359,17128.72461,
2022-12-11,17129.71094,17245.63477,17091.82031,17104.19336,
2022-12-12,17102.5,17212.56445,16899.39453,17206.4375,
2022-12-13,17206.44141,17930.085938,17111.76367,17781.31836,
2022-12-14,17782.066406,18318.53125,17739.51367,17815.65039,
2022-12-15,17813.64453,17846.74414,17322.58984,17364.86523,
2022-12-16,17364.54688,17505.52539,16584.70117,16647.48438,
2022-12-17,16646.98242,16800.58984,16614.029297,16795.091797,
2022-12-18,16795.60938,16815.38672,16697.82031,16757.97656,
2022-12-19,16759.041016,16807.52734,16398.13672,16439.67969,
2022-12-20,16441.78711,17012.98438,16427.86719,16906.30469,
2022-12-21,16904.52734,16916.80078,16755.91211,16817.53516,
2022-12-22,16818.38086,16866.67383,16592.4082,16830.3418,
2022-12-23,16829.64453,16905.21875,16794.45898,16796.95312,
2022-12-24,16796.97656,16864.70312,16793.52734,16847.75586,
2022-12-25,16847.50586,16860.55469,16755.25391,16841.98633,
2022-12-26,16842.25,16920.12305,16812.36914,16919.80469,
2022-12-27,16919.29102,16959.8457,16642.072266,16717.17383,
2022-12-28,16716.40039,16768.16992,16497.55664,16552.57227,
2022-12-29,16552.32227,16651.75586,16508.68359,16642.3418,
2022-12-30,16641.33008,16643.42773,16408.47461,16602.58594,
2022-12-31,16603.67383,16628.98633,16517.51953,16547.49609,
2023-01-01,16547.91406,16630.43945,16521.23438,16625.080078,
2023-01-02,16625.50977,16759.34375,16572.22852,16688.4707,
2023-01-03,16688.84766,16760.44727,16622.37109,16679.85742,
2023-01-04,16680.20508,16964.58594,16667.76367,16863.23828,
2023-01-05,16863.47266,16884.021484,16790.2832,16836.73633,
2023-01-06,16836.47266,16991.99414,16716.42188,16951.96875,
2023-01-07,16952.11719,16975.017578,16914.19141,16955.078125,
2023-01-08,16954.14648,17091.14453,16924.050781,17091.14453,
2023-01-09,17093.99219,17389.95703,17093.99219,17196.55469,
2023-01-10,17192.94922,17484.7207,17162.99023,17446.29297,
2023-01-11,17446.35938,17934.89648,17337.99414,17934.89648,
2023-01-12,18117.59375,19030.087891,17995.20312,18869.58789,
2023-01-13,18868.90625,19964.32227,18753.16406,19909.57422,
2023-01-14,19910.53711,21075.14258,19907.82812,20976.29883,
2023-01-15,20977.48438,20993.74805,20606.98633,20880.79883,
2023-01-16,20882.22461,21360.875,20715.74609,21169.63281,
2023-01-17,21175.83398,21438.66016,20978.5332,21161.51953,
2023-01-18,21161.050781,21564.50195,20541.54492,20688.78125,
2023-01-19,20686.74609,21163.011719,20685.38086,21086.79297,
2023-01-20,21085.37305,22692.35742,20919.12695,22676.55273,
2023-01-21,22677.42773,23282.34766,22511.83398,22777.625,
2023-01-22,22777.98633,23056.73047,22387.90039,22720.41602,
2023-01-23,22721.087891,23126.48633,22654.30469,22934.43164,
2023-01-24,22929.62695,23134.011719,22549.74414,22636.46875,
2023-01-25,22639.26758,23722.099609,22406.076172,23117.85938,
2023-01-26,23108.95508,23237.078125,22911.37305,23032.77734,
2023-01-27,23030.7168,23417.7207,22654.59375,23078.72852,
2023-01-28,23079.96484,23165.89648,22908.8457,23031.089844,
2023-01-29,23031.44922,23919.89062,22985.070312,23774.56641,
2023-01-30,23774.64844,23789.34766,22657.58203,22840.13867,
2023-01-31,22840.79688,23225.021484,22765.56836,23139.2832,
2023-02-01,23137.83594,23764.53906,22877.75,23723.76953,
2023-02-02,23720.82422,24167.21094,23468.5957,23471.87109,
2023-02-03,23469.41211,23678.10352,23279.95508,23449.32227,
2023-02-04,23446.32031,23556.94922,23291.79492,23331.84766,
2023-02-05,23332.24805,23423.43555,22841.75977,22955.66602,
2023-02-06,22954.021484,23119.2793,22692.025391,22760.10938,
2023-02-07,22757.26758,23310.97461,22756.25781,23264.29102,
2023-02-08,23263.41602,23367.95898,22731.097656,22939.39844,
2023-02-09,22946.56641,22996.4375,21773.97461,21819.039062,
2023-02-10,21819.0058594,21941.18555,21539.39258,21651.18359,
2023-02-11,21651.8418,21891.41016,21618.44922,21870.875,
2023-02-12,21870.90234,22060.99414,21682.82812,21788.20312,
2023-02-13,21787.0,21898.41406,21460.087891,21808.10156,
2023-02-14,21801.82227,22293.14062,21632.39453,22220.80469,
2023-02-15,22220.58594,24307.8418,22082.76953,24307.8418,
2023-02-16,24307.34961,25134.11719,23602.52344,23623.47461,
2023-02-17,23621.2832,24924.041016,23460.75586,24565.60156,
2023-02-18,24565.29688,24798.83594,24468.37305,24641.27734,
2023-02-19,24640.027344,25093.054688,24327.64258,24327.64258,
2023-02-20,24336.62305,25020.45898,23927.91016,24829.14844,
2023-02-21,24833.048828,25126.85156,24200.36328,24436.35352,
2023-02-22,24437.41797,24472.33984,23644.31836,24188.84375,
2023-02-23,24190.71875,24572.089844,23693.91992,23947.49219,
2023-02-24,23946.0078125,24103.70508,23007.072266,23198.12695,
2023-02-25,23200.125,23210.21094,22861.55859,23175.375,
2023-02-26,23174.15039,23654.36719,23084.2207,23561.21289,
2023-02-27,23561.45117,23857.89062,23205.87891,23522.87109,
2023-02-28,23521.83789,23585.38477,23077.65039,23147.35352,
2023-03-01,23150.92969,23880.63281,23088.62695,23646.55078,
2023-03-02,23647.019531,23739.13867,23245.021484,23475.4668,
2023-03-03,23476.63281,23479.34766,22213.23828,22362.67969,
2023-03-04,22362.92383,22405.17773,22198.98047,22353.34961,
2023-03-05,22354.14453,22613.68555,22307.14258,22435.51367,
2023-03-06,22436.81641,22584.29297,22331.31445,22429.75781,
2023-03-07,22428.32227,22527.41797,22011.26172,22219.76953,
2023-03-08,22216.44141,22268.89648,21708.050781,21718.080078,
2023-03-09,21720.080078,21802.7168,20210.30664,20363.021484,
2023-03-10,20367.0019531,20370.5957,19628.25391,20187.24414,
2023-03-11,20187.87695,20792.52539,20068.66016,20632.41016,
2023-03-12,20628.029297,22185.03125,20448.80664,22163.94922,
2023-03-13,22156.40625,24550.83789,21918.19922,24197.5332,
2023-03-14,24201.76562,26514.7168,24081.18359,24746.074219,
2023-03-15,24770.92578,25240.61523,23964.91016,24375.96094,
2023-03-16,24373.45703,25190.32617,24225.11133,25052.78906,
2023-03-17,25055.12305,27787.8125,24955.16992,27423.92969,
2023-03-18,27448.11719,27725.95312,26636.26172,26965.87891,
2023-03-19,26969.50391,28440.56055,26907.7168,28038.67578,
2023-03-20,28041.60156,28527.72461,27242.88086,27767.23633,
2023-03-21,27768.39258,28439.5625,27439.64648,28175.81641,
2023-03-22,28158.7207,28803.33594,26759.99609,27307.4375,
2023-03-23,27301.95703,28729.84375,27183.36328,28333.97266,
2023-03-24,28324.11133,28388.4375,27039.26562,27493.28516,
2023-03-25,27487.33789,27791.82617,27196.23438,27494.70703,
2023-03-26,27495.52344,28178.14453,27445.046875,27994.33008,
2023-03-27,27994.068359,28037.92578,26606.68945,27139.88867,
2023-03-28,27132.88867,27460.71875,26677.81836,27268.13086,
2023-03-29,27267.03125,28619.54297,27259.66211,28348.44141,
2023-03-30,28350.14062,29159.90234,27720.16016,28033.5625,
2023-03-31,28032.26172,28639.89648,27583.71484,28478.48438,
2023-04-01,28473.33203,28802.45703,28297.17188,28411.035156,
2023-04-02,28462.8457,28518.95898,27884.087891,28199.30859,
2023-04-03,28183.080078,28475.62305,27276.7207,27790.2207,
2023-04-04,27795.27344,28433.74219,27681.30469,28168.089844,
2023-04-05,28169.72656,28739.23828,27843.76367,28177.98438,
2023-04-06,28175.22656,28178.38477,27738.75977,28044.14062,
2023-04-07,28038.9668,28111.59375,27794.03125,27925.85938,
2023-04-08,27920.51367,28159.86328,27883.38672,27947.79492,
2023-04-09,27952.36719,28532.83008,27828.48047,28333.050781,
2023-04-10,28336.027344,29771.46484,28189.27148,29652.98047,
2023-04-11,29653.67969,30509.083984,29609.30078,30235.058594,
2023-04-12,30231.58203,30462.48047,29725.57422,30139.052734,
2023-04-13,29892.74023,30539.8457,29878.62305,30399.066406,
2023-04-14,30409.5625,31005.60742,30044.49805,30485.69922,
2023-04-15,30490.75,30601.74023,30245.88281,30318.49609,
2023-04-16,30315.97656,30555.53711,30157.83203,30315.35547,
2023-04-17,30317.14648,30319.19727,29275.37109,29445.044922,
2023-04-18,29449.091797,30470.30273,29154.84961,30397.55273,
2023-04-19,30394.1875,30411.054688,28669.89844,28822.67969,
2023-04-20,28823.68359,29076.40039,28037.25781,28245.98828,
2023-04-21,28249.23047,28349.96875,27177.36523,27276.91016,
2023-04-22,27265.89453,27872.14258,27169.57031,27817.5,
2023-04-23,27816.14453,27820.24414,27400.31445,27591.38477,
2023-04-24,27591.73047,27979.98242,27070.84961,27525.33984,
2023-04-25,27514.87305,28371.078125,27207.93164,28307.59766,
2023-04-26,28300.058594,29995.83789,27324.54883,28422.70117,
2023-04-27,28428.46484,29871.54688,28402.88672,29473.78711,
2023-04-28,29481.013672,29572.79102,28929.60938,29340.26172,
2023-04-29,29336.56641,29452.45508,29088.042969,29248.48828,
2023-04-30,29245.51562,29952.029297,29114.021484,29268.80664,
2023-05-01,29227.10352,29329.93555,27680.79297,28091.56836,
2023-05-02,28087.17578,28881.29883,27924.12305,28680.53711,
2023-05-03,28680.49414,29259.5332,28178.38867,29006.30859,
2023-05-04,29031.30469,29353.18555,28694.039062,28847.71094,
2023-05-05,28851.48047,29668.9082,28845.50977,29534.38477,
2023-05-06,29538.85938,29820.12695,28468.9668,28904.62305,
2023-05-07,28901.62305,29157.51758,28441.36719,28454.97852,
2023-05-08,28450.45703,28663.27148,27310.13477,27694.27344,
2023-05-09,27695.068359,27821.40039,27375.60156,27658.77539,
2023-05-10,27654.63672,28322.6875,26883.66992,27621.75586,
2023-05-11,27621.085938,27621.94141,26781.82617,27000.78906,
2023-05-12,26987.66211,27055.64648,25878.42969,26804.99023,
2023-05-13,26807.76953,27030.48242,26710.87305,26784.078125,
2023-05-14,26788.97461,27150.97656,26661.35547,26930.63867,
2023-05-15,26931.38477,27646.34766,26766.097656,27192.69336,
2023-05-16,27171.51367,27299.30469,26878.94727,27036.65039,
2023-05-17,27035.4707,27465.92773,26600.14453,27398.80273,
2023-05-18,27401.65039,27466.52734,26415.10156,26832.20898,
2023-05-19,26826.75391,27128.61914,26700.21094,26890.12891,
2023-05-20,26888.8418,27155.1582,26843.27734,27129.58594,
2023-05-21,27118.42383,27265.91797,26706.92188,26753.82617,
2023-05-22,26749.89258,27045.73438,26549.73438,26851.27734,
2023-05-23,26855.96094,27434.68359,26816.17969,27225.72656,
2023-05-24,27224.60352,27224.60352,26106.57617,26334.81836,
2023-05-25,26329.46094,26591.51953,25890.59375,26476.20703,
2023-05-26,26474.18164,26916.66992,26343.94922,26719.29102,
2023-05-27,26720.18164,26888.88281,26621.14062,26868.35352,
2023-05-28,26871.1582,28193.44922,26802.75195,28085.64648,
2023-05-29,28075.5918,28432.039062,27563.87695,27745.88477,
2023-05-30,27745.12305,28044.75977,27588.50195,27702.34961,
2023-05-31,27700.5293,27831.67773,26866.45312,27219.6582,
2023-06-01,27218.41211,27346.10547,26671.7207,26819.97266,
2023-06-02,26824.55664,27303.86133,26574.64453,27249.58984,
2023-06-03,27252.32422,27317.052734,26958.0039062,27075.12891,
2023-06-04,27075.12305,27407.019531,26968.22461,27119.066406,
2023-06-05,27123.10938,27129.98242,25445.16797,25760.097656,
2023-06-06,25732.10938,27313.82031,25434.86719,27238.7832,
2023-06-07,27235.65039,27332.18164,26146.98828,26345.99805,
2023-06-08,26347.6543,26797.51367,26246.66406,26508.2168,
2023-06-09,26505.92383,26770.28906,26339.31445,26480.375,
2023-06-10,26481.76172,26531.044922,25501.83594,25851.24023,
2023-06-11,25854.03125,26203.43945,25668.98633,25940.16797,
2023-06-12,25934.28516,26087.91992,25675.19727,25902.5,
2023-06-13,25902.94141,26376.35156,25728.36523,25918.72852,
2023-06-14,25920.25781,26041.80078,24902.15234,25124.67578,
2023-06-15,25121.67383,25735.30859,24797.16797,25576.39453,
2023-06-16,25575.2832,26463.17383,25245.35742,26327.46289,
2023-06-17,26328.67969,26769.39453,26174.49219,26510.67578,
2023-06-18,26510.45703,26675.92578,26325.89062,26336.21289,
2023-06-19,26335.44141,26984.61133,26312.83203,26851.029297,
2023-06-20,26841.66406,28388.96875,26668.79102,28327.48828,
2023-06-21,28311.31055,30737.33008,28283.41016,30027.29688,
2023-06-22,29995.93555,30495.99805,29679.1582,29912.28125,
2023-06-23,29896.38281,31389.53906,29845.21484,30695.46875,
2023-06-24,30708.73828,30804.14844,30290.14648,30548.69531,
2023-06-25,30545.15039,31041.27148,30327.94336,30480.26172,
2023-06-26,30480.52344,30636.029297,29955.74414,30271.13086,
2023-06-27,30274.32031,31006.78711,30236.65039,30688.16406,
2023-06-28,30696.56055,30703.2793,29921.82227,30086.24609,
2023-06-29,30086.1875,30796.25,30057.20312,30445.35156,
2023-06-30,30441.35352,31256.86328,29600.27539,30477.25195,
2023-07-01,30471.84766,30641.28906,30328.86523,30590.078125,
2023-07-02,30587.26953,30766.14062,30264.019531,30620.76953,
2023-07-03,30624.51562,31375.61328,30586.51367,31156.43945,
2023-07-04,31156.86523,31325.19727,30659.35547,30777.58203,
2023-07-05,30778.72461,30877.33008,30225.61328,30514.16602,
2023-07-06,30507.15039,31460.052734,29892.22656,29909.33789,
2023-07-07,29907.99805,30434.64453,29777.28516,30342.26562,
2023-07-08,30346.92188,30374.4375,30080.16016,30292.54102,
2023-07-09,30291.61133,30427.58984,30085.5918,30171.23438,
2023-07-10,30172.42383,31026.083984,29985.39453,30414.4707,
2023-07-11,30417.63281,30788.31445,30358.097656,30620.95117,
2023-07-12,30622.24609,30959.96484,30228.83594,30391.64648,
2023-07-13,30387.48828,31814.51562,30268.35156,31476.048828,
2023-07-14,31474.7207,31582.25391,29966.38672,30334.068359,
2023-07-15,30331.7832,30407.78125,30263.46289,30295.80664,
2023-07-16,30297.47266,30437.56055,30089.66992,30249.13281,
2023-07-17,30249.62695,30336.40039,29685.7832,30145.88867,
2023-07-18,30147.070312,30233.65625,29556.42773,29856.5625,
2023-07-19,29862.046875,30184.18164,29794.26953,29913.92383,
2023-07-20,29915.25,30195.53125,29638.095703,29792.015625,
2023-07-21,29805.11133,30045.99805,29733.85156,29908.74414,
2023-07-22,29908.69727,29991.61523,29664.12109,29771.80273,
2023-07-23,29790.11133,30330.64062,29741.52734,30084.53906,
2023-07-24,30081.66211,30093.39453,28934.29492,29176.91602,
2023-07-25,29178.9707,29353.16016,29062.43359,29227.39062,
2023-07-26,29225.75977,29675.55273,29113.91211,29354.97266,
2023-07-27,29353.79883,29560.9668,29099.35156,29210.68945,
2023-07-28,29212.16406,29521.51367,29125.8457,29319.24609,
2023-07-29,29319.44531,29396.84375,29264.16602,29356.91797,
2023-07-30,29357.09375,29443.16992,29059.50195,29275.30859,
2023-07-31,29278.31445,29489.87305,29131.57812,29230.11133,
2023-08-01,29230.87305,29675.73242,28657.023438,29675.73242,
2023-08-02,29704.14648,29987.99805,28946.50977,29151.95898,
2023-08-03,29161.8125,29375.70703,28959.48828,29178.67969,
2023-08-04,29174.38281,29302.078125,28885.33594,29074.091797,
2023-08-05,29075.38867,29102.46484,28957.79688,29042.12695,
2023-08-06,29043.70117,29160.82227,28963.83398,29041.85547,
2023-08-07,29038.51367,29244.28125,28724.14062,29180.57812,
2023-08-08,29180.019531,30176.79688,29113.81445,29765.49219,
2023-08-09,29766.69531,30093.43555,29376.80078,29561.49414,
2023-08-10,29563.97266,29688.56445,29354.44727,29429.5918,
2023-08-11,29424.90234,29517.77344,29253.51758,29397.71484,
2023-08-12,29399.78711,29465.11328,29357.58789,29415.96484,
2023-08-13,29416.59375,29441.43359,29265.80664,29282.91406,
2023-08-14,29283.26367,29660.25391,29124.10547,29408.44336,
2023-08-15,29408.048828,29439.12109,29088.85352,29170.34766,
2023-08-16,29169.074219,29221.97656,28701.7793,28701.7793,
2023-08-17,28699.80273,28745.94727,25409.11133,26664.55078,
2023-08-18,26636.078125,26808.19531,25668.92188,26049.55664,
2023-08-19,26047.83203,26249.44922,25802.4082,26096.20508,
2023-08-20,26096.86133,26260.68164,26004.31445,26189.58398,
2023-08-21,26188.69141,26220.20117,25846.087891,26124.14062,
2023-08-22,26130.74805,26135.50781,25520.72852,26031.65625,
2023-08-23,26040.47461,26786.89844,25804.99805,26431.64062,
2023-08-24,26431.51953,26554.91016,25914.92578,26162.37305,
2023-08-25,26163.67969,26248.10352,25786.8125,26047.66797,
2023-08-26,26047.23438,26107.38477,25983.87891,26008.46289,
2023-08-27,26008.24219,26165.37305,25965.097656,26089.69336,
2023-08-28,26089.61523,26198.57812,25880.59961,26106.15039,
2023-08-29,26102.48633,28089.33789,25912.62891,27727.39258,
2023-08-30,27726.083984,27760.16016,27069.20703,27297.26562,
2023-08-31,27301.92969,27456.078125,25752.92969,25931.47266,
2023-09-01,25934.021484,26125.86914,25362.60938,25800.72461,
2023-09-02,25800.91016,25970.28516,25753.09375,25868.79883,
2023-09-03,25869.47266,26087.14844,25817.03125,25969.56641,
2023-09-04,25968.16992,26081.52539,25657.025391,25812.41602,
2023-09-05,25814.95703,25858.375,25589.98828,25779.98242,
2023-09-06,25783.93164,25953.015625,25404.35938,25753.23633,
2023-09-07,25748.3125,26409.30273,25608.20117,26240.19531,
2023-09-08,26245.20898,26414.0058594,25677.48047,25905.6543,
2023-09-09,25905.42578,25921.97656,25810.49414,25895.67773,
2023-09-10,25895.21094,25978.13086,25640.26172,25832.22656,
2023-09-11,25831.71484,25883.94727,24930.29688,25162.6543,
2023-09-12,25160.6582,26451.93945,25133.078125,25833.34375,
2023-09-13,25837.55469,26376.11328,25781.12305,26228.32422,
2023-09-14,26228.27734,26774.62305,26171.45117,26539.67383,
2023-09-15,26533.81836,26840.49805,26240.70117,26608.69336,
2023-09-16,26606.19922,26754.76953,26473.89062,26568.28125,
2023-09-17,26567.92773,26617.99805,26445.074219,26534.1875,
2023-09-18,26532.99414,27414.73438,26415.51562,26754.28125,
2023-09-19,26760.85156,27488.76367,26681.60547,27211.11719,
2023-09-20,27210.22852,27379.50586,26864.082031,27132.0078125,
2023-09-21,27129.83984,27152.93945,26389.30078,26567.63281,
2023-09-22,26564.056641,26726.078125,26495.5332,26579.56836,
2023-09-23,26578.55664,26634.18555,26520.51953,26579.39062,
2023-09-24,26579.37305,26716.058594,26221.050781,26256.82617,
2023-09-25,26253.77539,26421.50781,26011.46875,26298.48047,
2023-09-26,26294.75781,26389.88477,26090.71289,26217.25,
2023-09-27,26209.49805,26817.8418,26111.46484,26352.7168,
2023-09-28,26355.8125,27259.5,26327.32227,27021.54688,
2023-09-29,27024.8418,27225.9375,26721.76367,26911.7207,
2023-09-30,26911.68945,27091.79492,26888.96875,26967.91602,
2023-10-01,26967.39648,28047.23828,26965.09375,27983.75,
2023-10-02,27976.79883,28494.45898,27347.78711,27530.78516,
2023-10-03,27508.25195,27667.19141,27216.0019531,27429.97852,
2023-10-04,27429.074219,27826.6582,27248.10547,27799.39453,
2023-10-05,27798.64648,28091.86133,27375.60156,27415.91211,
2023-10-06,27412.12305,28252.53711,27215.55273,27946.59766,
2023-10-07,27946.78125,28028.091797,27870.42383,27968.83984,
2023-10-08,27971.67773,28102.16992,27740.66211,27935.089844,
2023-10-09,27934.47266,27989.4707,27302.5625,27583.67773,
2023-10-10,27589.20117,27715.84766,27301.6543,27391.019531,
2023-10-11,27392.076172,27474.11523,26561.099609,26873.32031,
2023-10-12,26873.29297,26921.43945,26558.32031,26756.79883,
2023-10-13,26752.87891,27092.69727,26686.32227,26862.375,
2023-10-14,26866.20312,26969.0,26814.58594,26861.70703,
2023-10-15,26858.011719,27289.16992,26817.89453,27159.65234,
2023-10-16,27162.62891,29448.13867,27130.47266,28519.4668,
2023-10-17,28522.097656,28618.75195,28110.18555,28415.74805,
2023-10-18,28413.53125,28889.0097656,28174.25195,28328.3418,
2023-10-19,28332.41602,28892.47461,28177.98828,28719.80664,
2023-10-20,28732.8125,30104.085938,28601.66992,29682.94922,
2023-10-21,29683.38086,30287.48242,29481.75195,29918.41211,
2023-10-22,29918.6543,30199.43359,29720.3125,29993.89648,
2023-10-23,30140.68555,34370.4375,30097.82812,33086.23438,
2023-10-24,33077.30469,35150.43359,32880.76172,33901.52734,
2023-10-25,33916.042969,35133.75781,33709.10938,34502.82031,
2023-10-26,34504.28906,34832.91016,33762.32422,34156.64844,
2023-10-27,34156.5,34238.21094,33416.88672,33909.80078,
2023-10-28,33907.72266,34399.39062,33874.80469,34089.57422,
2023-10-29,34089.37109,34743.26172,33947.56641,34538.48047,
2023-10-30,34531.74219,34843.93359,34110.97266,34502.36328,
2023-10-31,34500.078125,34719.25391,34083.30859,34667.78125,
2023-11-01,34657.27344,35527.92969,34170.69141,35437.25391,
2023-11-02,35441.57812,35919.84375,34401.57422,34938.24219,
2023-11-03,34942.47266,34942.47266,34133.44141,34732.32422,
2023-11-04,34736.32422,35256.03125,34616.69141,35082.19531,
2023-11-05,35090.011719,35340.33984,34594.24219,35049.35547,
2023-11-06,35044.78906,35286.027344,34765.36328,35037.37109,
2023-11-07,35047.79297,35892.41797,34545.81641,35443.5625,
2023-11-08,35419.47656,35994.41797,35147.80078,35655.27734,
2023-11-09,35633.63281,37926.25781,35592.10156,36693.125,
2023-11-10,36702.25,37493.80078,36362.75391,37313.96875,
2023-11-11,37310.070312,37407.09375,36773.66797,37138.050781,
2023-11-12,37133.99219,37227.69141,36779.11719,37054.51953,
2023-11-13,37070.30469,37405.11719,36399.60547,36502.35547,
2023-11-14,36491.78906,36753.35156,34948.5,35537.64062,
2023-11-15,35548.11328,37964.89453,35383.78125,37880.58203,
2023-11-16,37879.98047,37934.625,35545.47266,36154.76953,
2023-11-17,36164.82422,36704.48438,35901.23438,36596.68359,
2023-11-18,36625.37109,36839.28125,36233.3125,36585.70312,
2023-11-19,36585.76562,37509.35547,36414.59766,37386.54688,
2023-11-20,37374.074219,37756.82031,36882.53125,37476.95703,
2023-11-21,37469.16016,37631.14062,35813.8125,35813.8125,
2023-11-22,35756.55469,37856.98047,35670.97266,37432.33984,
2023-11-23,37420.43359,37643.91797,36923.86328,37289.62109,
2023-11-24,37296.31641,38415.33984,37261.60547,37720.28125,
2023-11-25,37721.41406,37892.42969,37617.41797,37796.79297,
2023-11-26,37796.82812,37820.30078,37162.75,37479.12109,
2023-11-27,37454.19141,37559.35547,36750.12891,37254.16797,
2023-11-28,37247.99219,38368.48047,36891.089844,37831.085938,
2023-11-29,37826.10547,38366.11328,37612.63281,37858.49219,
2023-11-30,37861.11719,38141.75391,37531.14062,37712.74609,
2023-12-01,37718.0078125,38954.10938,37629.35938,38688.75,
2023-12-02,38689.27734,39678.9375,38652.59375,39476.33203,
2023-12-03,39472.20703,40135.60547,39298.16406,39978.39062,
2023-12-04,39978.62891,42371.75,39978.62891,41980.097656,
2023-12-05,41986.26562,44408.66406,41421.14844,44080.64844,
2023-12-06,44080.023438,44265.76953,43478.082031,43746.44531,
2023-12-07,43769.13281,44042.58984,42880.64844,43292.66406,
2023-12-08,43293.13672,44705.51562,43125.29688,44166.60156,
2023-12-09,44180.019531,44361.25781,43627.59766,43725.98438,
2023-12-10,43728.38281,44034.625,43593.28516,43779.69922,
2023-12-11,43792.019531,43808.375,40234.57812,41243.83203,
2023-12-12,41238.73438,42048.30469,40667.5625,41450.22266,
2023-12-13,41468.46484,43429.78125,40676.86719,42890.74219,
2023-12-14,42884.26172,43390.85938,41767.089844,43023.97266,
2023-12-15,43028.25,43087.82422,41692.96875,41929.75781,
2023-12-16,41937.74219,42664.94531,41723.11328,42240.11719,
2023-12-17,42236.10938,42359.49609,41274.54297,41364.66406,
2023-12-18,41348.20312,42720.29688,40530.25781,42623.53906,
2023-12-19,42641.51172,43354.29688,41826.33594,42270.52734,
2023-12-20,42261.30078,44275.58594,42223.81641,43652.25,
2023-12-21,43648.125,44240.66797,43330.050781,43869.15234,
2023-12-22,43868.98828,44367.95703,43441.96875,43997.90234,
2023-12-23,44012.19922,44015.69922,43351.35547,43739.54297,
2023-12-24,43728.36719,43945.52344,42786.91797,43016.11719,
2023-12-25,43010.57422,43765.09375,42765.76953,43613.14062,
2023-12-26,43599.84766,43603.17578,41676.48828,42520.40234,
2023-12-27,42518.46875,43683.16016,42167.58203,43442.85547,
2023-12-28,43468.19922,43804.78125,42318.55078,42627.85547,
2023-12-29,42614.64453,43124.32422,41424.0625,42099.40234,
2023-12-30,42091.75391,42584.125,41556.22656,42156.90234,
2023-12-31,42152.097656,42860.9375,41998.25391,42265.1875,
2024-01-01,42280.23438,44175.4375,42214.97656,44167.33203,
2024-01-02,44187.14062,45899.70703,44176.94922,44957.96875,
2024-01-03,44961.60156,45503.24219,40813.53516,42848.17578,
2024-01-04,42855.81641,44770.023438,42675.17578,44179.92188,
2024-01-05,44192.98047,44353.28516,42784.71875,44162.69141,
2024-01-06,44178.95312,44227.63281,43475.15625,43989.19531,
2024-01-07,43998.46484,44495.57031,43662.23047,43943.097656,
2024-01-08,43948.70703,47218.0,43244.082031,46970.50391,
2024-01-09,46987.64062,47893.69922,45244.71484,46139.73047,
2024-01-10,46121.53906,47647.22266,44483.15234,46627.77734,
2024-01-11,46656.074219,48969.37109,45678.64453,46368.58594,
2024-01-12,46354.79297,46498.13672,41903.76953,42853.16797,
2024-01-13,42799.44531,43234.66016,42464.14453,42842.38281,
2024-01-14,42842.26172,43065.59766,41724.61328,41796.26953,
2024-01-15,41715.066406,43319.72266,41705.41797,42511.96875,
2024-01-16,42499.33594,43566.27344,42085.99609,43154.94531,
2024-01-17,43132.10156,43189.89062,42189.30859,42742.65234,
2024-01-18,42742.3125,42876.34766,40631.17188,41262.058594,
2024-01-19,41278.46094,42134.16016,40297.45703,41618.40625,
2024-01-20,41624.58984,41877.89453,41446.82422,41665.58594,
2024-01-21,41671.48828,41855.36719,41497.0078125,41545.78516,
2024-01-22,41553.65234,41651.20703,39450.11719,39507.36719,
2024-01-23,39518.71484,40127.35156,38521.89453,39845.55078,
2024-01-24,39877.59375,40483.78516,39508.79688,40077.074219,
2024-01-25,40075.55078,40254.48047,39545.66406,39933.80859,
2024-01-26,39936.81641,42209.38672,39825.69141,41816.87109,
2024-01-27,41815.625,42195.63281,41431.28125,42120.054688,
2024-01-28,42126.125,42797.17578,41696.91016,42035.59375,
2024-01-29,42030.91406,43305.86719,41818.33203,43288.24609,
2024-01-30,43300.22656,43838.94531,42711.37109,42952.60938,
2024-01-31,42946.25,43717.40625,42298.94531,42582.60547,
2024-02-01,42569.76172,43243.16797,41879.19141,43075.77344,
2024-02-02,43077.64062,43422.48828,42584.33594,43185.85938,
2024-02-03,43184.96484,43359.94141,42890.80859,42992.25,
2024-02-04,42994.94141,43097.64453,42374.83203,42583.58203,
2024-02-05,42577.62109,43494.25,42264.81641,42658.66797,
2024-02-06,42657.39062,43344.14844,42529.019531,43084.67188,
2024-02-07,43090.019531,44341.94922,42775.95703,44318.22266,
2024-02-08,44332.125,45575.83984,44332.125,45301.56641,
2024-02-09,45297.38281,48152.49609,45260.82422,47147.19922,
2024-02-10,47153.52734,48146.17188,46905.32031,47771.27734,
2024-02-11,47768.96875,48535.9375,47617.40625,48293.91797,
2024-02-12,48296.38672,50280.47656,47745.76172,49958.22266,
2024-02-13,49941.35938,50358.39062,48406.49609,49742.44141,
2024-02-14,49733.44531,52021.37109,49296.83203,51826.69531,
2024-02-15,51836.78516,52820.066406,51371.62891,51938.55469,
2024-02-16,51937.72656,52537.96875,51641.36719,52160.20312,
2024-02-17,52161.67578,52191.91406,50669.66797,51662.99609,
2024-02-18,51661.96875,52356.96484,51233.70703,52122.54688,
2024-02-19,52134.8125,52483.32422,51711.82031,51779.14453,
2024-02-20,51777.72656,52945.050781,50792.3125,52284.875,
2024-02-21,52273.53516,52368.81641,50671.75781,51839.17969,
2024-02-22,51854.64453,52009.61328,50926.29297,51304.97266,
2024-02-23,51283.90625,51497.93359,50561.77734,50731.94922,
2024-02-24,50736.37109,51684.19531,50585.44531,51571.10156,
2024-02-25,51565.21484,51950.027344,51306.17188,51733.23828,
2024-02-26,51730.53906,54938.17578,50931.03125,54522.40234,
2024-02-27,54519.36328,57537.83984,54484.19922,57085.37109,
2024-02-28,57071.097656,63913.13281,56738.42578,62504.78906,
2024-02-29,62499.18359,63585.64453,60498.73047,61198.38281,
2024-03-01,61168.0625,63155.10156,60802.52734,62440.63281,
2024-03-02,62431.65234,62458.69922,61657.28906,62029.84766,
2024-03-03,62031.57812,63230.21094,61435.023438,63167.37109,
2024-03-04,63137.0039062,68537.03125,62386.51953,68330.41406,
2024-03-05,68341.054688,69170.625,59323.91016,63801.19922,
2024-03-06,63776.050781,67637.92969,62848.67188,66106.80469,
2024-03-07,66099.74219,68029.92188,65655.53125,66925.48438,
2024-03-08,66938.09375,70083.054688,66230.45312,68300.09375,
2024-03-09,68299.25781,68673.054688,68053.125,68498.88281,
2024-03-10,68500.25781,70005.20312,68239.97656,69019.78906,
2024-03-11,69020.54688,72850.71094,67194.88281,72123.90625,
2024-03-12,72125.125,72825.65625,68728.85156,71481.28906,
2024-03-13,71482.11719,73637.47656,71334.09375,73083.5,
2024-03-14,73079.375,73750.070312,68563.023438,71396.59375,
2024-03-15,71387.875,72357.13281,65630.69531,69403.77344,
2024-03-16,69392.48438,70046.27344,64801.39453,65315.11719,
2024-03-17,65316.34375,68845.71875,64545.31641,68390.625,
2024-03-18,68371.30469,68897.13281,66594.22656,67548.59375,
2024-03-19,67556.13281,68106.92969,61536.17969,61912.77344,
2024-03-20,61930.15625,68115.25781,60807.78516,67913.67188,
2024-03-21,67911.58594,68199.99219,64580.91797,65491.39062,
2024-03-22,65489.92969,66623.75,62355.37109,63778.76172,
2024-03-23,63802.72266,65976.39844,63038.49219,64062.20312,
2024-03-24,64070.75391,67622.75781,63825.85156,67234.17188,
2024-03-25,67234.09375,71162.59375,66414.83594,69958.8125,
2024-03-26,69931.32812,71535.74219,69335.60938,69987.83594,
2024-03-27,69991.89844,71727.6875,68381.92969,69455.34375,
2024-03-28,69452.77344,71546.023438,68895.50781,70744.95312,
2024-03-29,70744.79688,70913.09375,69076.65625,69892.82812,
2024-03-30,69893.44531,70355.49219,69601.0625,69645.30469,
2024-03-31,69647.78125,71377.78125,69624.86719,71333.64844,
2024-04-01,71333.48438,71342.09375,68110.69531,69702.14844,
2024-04-02,69705.023438,69708.38281,64586.59375,65446.97266,
2024-04-03,65446.67188,66914.32031,64559.89844,65980.8125,
2024-04-04,65975.69531,69291.25781,65113.79688,68508.84375,
2024-04-05,68515.75781,68725.75781,66011.47656,67837.64062,
2024-04-06,67840.57031,69629.60156,67491.71875,68896.10938,
2024-04-07,68897.10938,70284.42969,68851.63281,69362.55469,
2024-04-08,69362.55469,72715.35938,69064.24219,71631.35938,
2024-04-09,71632.5,71742.50781,68212.92188,69139.015625,
2024-04-10,69140.24219,71093.42969,67503.5625,70587.88281,
2024-04-11,70575.73438,71256.23438,69571.8125,70060.60938,
2024-04-12,70061.38281,71222.74219,65254.83594,67195.86719,
2024-04-13,67188.375,67931.42969,60919.10547,63821.47266,
2024-04-14,63836.23047,65824.42969,62205.85156,65738.72656,
2024-04-15,65739.64844,66878.64844,62332.070312,63426.21094,
2024-04-16,63419.29688,64355.66797,61716.40234,63811.86328,
2024-04-17,63831.84766,64486.36328,59768.58594,61276.69141,
2024-04-18,61275.31641,64125.6875,60833.48047,63512.75391,
2024-04-19,63510.75,65481.59766,59651.39062,63843.57031,
2024-04-20,63851.10156,65442.45703,63172.40234,64994.44141,
2024-04-21,64992.81641,65723.24219,64277.72266,64926.64453,
2024-04-22,64935.63281,67233.96094,64548.17969,66837.67969,
2024-04-23,66839.89062,67199.24219,65864.86719,66407.27344,
2024-04-24,66408.71875,67075.36719,63589.87109,64276.89844,
2024-04-25,64275.019531,65275.20703,62783.63281,64481.70703,
2024-04-26,64485.37109,64789.65625,63322.39844,63755.32031,
2024-04-27,63750.98828,63898.36328,62424.71875,63419.14062,
2024-04-28,63423.51562,64321.48438,62793.59766,63113.23047,
2024-04-29,63106.36328,64174.87891,61795.45703,63841.12109,
2024-04-30,63839.41797,64703.33203,59120.066406,60636.85547,
2024-05-01,60609.49609,60780.5,56555.29297,58254.011719,
2024-05-02,58253.70312,59602.29688,56937.20312,59123.43359,
2024-05-03,59122.30078,63320.50391,58848.3125,62889.83594,
2024-05-04,62891.03125,64494.95703,62599.35156,63891.47266,
2024-05-05,63892.45312,64610.89062,62955.30469,64031.13281,
2024-05-06,64038.3125,65494.90234,62746.23828,63161.94922,
2024-05-07,63162.76172,64390.45703,62285.98047,62334.81641,
2024-05-08,62332.64062,62986.085938,60877.12891,61187.94141,
2024-05-09,61191.19922,63404.91406,60648.074219,63049.96094,
2024-05-10,63055.19141,63446.74219,60208.78125,60792.77734,
2024-05-11,60793.35547,61451.15234,60492.625,60793.71094,
2024-05-12,60793.50391,61818.15625,60632.60156,61448.39453,
2024-05-13,61451.21875,63422.66016,60769.83984,62901.44922,
2024-05-14,62900.77344,63092.125,61123.76562,61552.78906,
2024-05-15,61553.98828,66454.45312,61330.41016,66267.49219,
2024-05-16,66244.68,66731.50781,64588.5,65252.18,
2024-05-17,65252.17,67500.0,65113.46,67046.33,
2024-05-18,67046.34,67407.79,66624.06,66923.87,
2024-05-19,66923.87,67701.91,65852.02,66261.62,
2024-05-20,66260.04,71560.9,66057.03,71432.17,
2024-05-21,71432.16,71980.0,69146.01,70142.84,
2024-05-22,70142.88,70659.99,68887.52,69109.93,
2024-05-23,69109.93,70066.95,66259.0,67940.45,
2024-05-24,67932.79,69278.75,66587.91,68547.8,
2024-05-25,68545.52,69605.03,68487.44,69289.67,
2024-05-26,69289.69,69522.0,68097.38,68473.72,
2024-05-27,68470.8,70613.39,68210.12,69368.72,
2024-05-28,69366.31,69533.96,67194.59,68321.98,
2024-05-29,68321.99,68864.11,67081.66,67569.45,
2024-05-30,67569.44,69536.89,67092.91,68338.58,
2024-05-31,68338.58,69024.71,66599.95312,67478.60938,
2024-06-01,67471.99219,67816.27344,67376.96875,67725.53125,
2024-06-02,67726.34375,68406.023438,67301.50781,67748.10156,
2024-06-03,67748.10156,70237.75781,67582.50781,68802.52344,
2024-06-04,68795.35938,71108.9,68547.97656,70542.32,
2024-06-05,70541.68,71804.13,70356.49,71121.11,
2024-06-06,71120.65,71650.56,70093.98,70773.64,
2024-06-07,70773.63,71974.04,68298.55,69324.53,
2024-06-08,69326.71,69546.58,69126.22,69304.05,
2024-06-09,69303.8,69848.94,69123.99,69637.87,
2024-06-10,69641.08,70187.53,69141.51,69497.73,
2024-06-11,69495.97,69547.82,66018.69,67316.53,
2024-06-12,67316.52,70032.0,66883.32,68248.6,
2024-06-13,68248.59,68474.49,66200.0,66738.85,
2024-06-14,66746.46,67322.72,65005.0,66004.39,
2024-06-15,66004.36,66428.57,65800.86,66192.0,
2024-06-16,66192.0,66931.18,65999.0,66628.75,
2024-06-17,66629.38,67274.96,65050.0,66481.81,
2024-06-18,66481.81,66574.33,64010.01,65152.8,
2024-06-19,65150.9,65709.26,64635.48,64943.79,
2024-06-20,64945.67,66455.52,64500.0,64840.88,
2024-06-21,64840.89,65017.1,63300.93,64120.28,
2024-06-22,64120.28,64523.91,63910.01,64235.01,
2024-06-23,64235.0,64499.95,63125.75,63171.43,
2024-06-24,63169.36,63343.91,58414.28,60263.0,
2024-06-25,60262.16,62400.0,60217.36,61789.71,
2024-06-26,61794.47,62470.0,60656.8,60816.68,
2024-06-27,60818.86,62346.16,60546.94,61615.39,
2024-06-28,61611.43,62170.62,59868.0,60313.35,
2024-06-29,60312.36,61122.66,60273.8,60885.67,
2024-06-30,60884.44,62942.67,60611.01,62668.26,
2024-07-01,62669.14,63801.26,62448.46,62830.13,
2024-07-02,62830.94,63223.57,61000.0,62040.22,
2024-07-03,62039.44,62197.01,59332.76,60145.01,
2024-07-04,60145.01,60429.27,56709.73,57042.14,
2024-07-05,57036.45,57515.6,53499.9,56639.43,
2024-07-06,56634.53,58481.97,56020.32,58244.75,
2024-07-07,58240.36,58448.89,55717.23,55854.09,
2024-07-08,55852.61,58200.0,54278.93,56699.43,
2024-07-09,56701.18,58295.31,56276.37,58047.86,
2024-07-10,58047.86,59481.93,57157.28,57712.59,
2024-07-11,57713.4,59533.06,57036.41,57340.77,
2024-07-12,57343.66,58550.0,56538.33,57909.03,
2024-07-13,57908.61,59875.0,57770.92,59224.58,
2024-07-14,59224.58,61428.67,59209.2,60808.42,
2024-07-15,60804.97,64943.61,60666.59,64757.16,
2024-07-16,64757.16,65405.89,62410.33,65088.99,
2024-07-17,65086.55,66139.0,63853.99,64085.81,
2024-07-18,64085.82,65130.88,63222.6,63982.86,
2024-07-19,63977.64,67504.22,63289.15,66707.61,
2024-07-20,66707.61,67635.0,66271.0,67163.83,
2024-07-21,67163.82,68380.0,65820.18,68181.28,
2024-07-22,68181.16,68495.0,66569.42,67558.22,
2024-07-23,67560.03,67786.84,65444.3,65939.24,
2024-07-24,65939.24,67131.17,65090.61,65366.4,
2024-07-25,65358.86,66161.98,63412.46,65795.42,
2024-07-26,65795.52,68216.66,65705.6,67924.08,
2024-07-27,67921.46,69418.15,66635.28,67899.41,
2024-07-28,67901.81,68308.82,67021.8,68244.3,
2024-07-29,68244.3,70000.0,66400.01,66771.45,
2024-07-30,66767.14,66994.15,65283.68,66169.68,
2024-07-31,66169.68,66837.4,64500.0,64609.62,
2024-08-01,64609.61,65593.56,62212.81,65288.18,
2024-08-02,65293.48,65557.86,61150.0,61418.06,
2024-08-03,61418.06,62171.58,59819.13,60674.93,
2024-08-04,60674.93,61082.3,57123.0,58130.95,
2024-08-05,58131.31,58282.83,49050.01,53970.57812,
2024-08-06,53986.85156,57061.37109,53986.85156,56062.73828,
2024-08-07,56062.73828,57686.92188,54592.51172,55111.41016,
2024-08-08,55049.070312,62708.46875,54750.0,61736.17969,
2024-08-09,61705.57812,61738.60938,59552.46,60862.13,
2024-08-10,60864.71,61500.0,60255.61,60935.02,
2024-08-11,60935.01,61868.69,58312.63,58722.49,
2024-08-12,58717.44,60721.77,57653.31,59358.78,
2024-08-13,59358.78,61615.43,58402.01,60603.19,
2024-08-14,60603.19,61827.2,58453.56,58690.62,
2024-08-15,58690.62,59883.49,56120.0,57543.61,
2024-08-16,57543.57,59871.61,57096.56,58887.63,
2024-08-17,58888.99,59711.02,58803.45,59497.49,
2024-08-18,59497.49,60284.99,58422.0,58437.9,
2024-08-19,58436.2,59639.81,57820.0,59452.67,
2024-08-20,59455.81,61457.03,58571.96,59017.59,
2024-08-21,59017.59,61849.98,58793.89,61163.28,
2024-08-22,61167.54,61430.48,59750.0,60383.29,
2024-08-23,60383.28,64987.0,60343.2,64086.72,
2024-08-24,64091.63,64529.78,63564.22,64179.63,
2024-08-25,64179.63,65050.08,63793.74,64251.93,
2024-08-26,64250.01,64509.36,62806.8,62840.0,
2024-08-27,62840.09,63226.26,58025.49,59439.64,
2024-08-28,59437.68,60236.98,57851.62,59045.88,
2024-08-29,59047.94,61194.09,58729.39,59364.47,
2024-08-30,59353.12,59929.63,57700.0,59112.77,
2024-08-31,59117.59,59446.99,58739.31,58968.37,
2024-09-01,58968.37,59070.55,57200.0,57299.0,
2024-09-02,57291.21,59423.0,57119.01,59139.83,
2024-09-03,59138.89,59825.7,57394.49,57468.84,
2024-09-04,57460.5,58531.25,55555.0,57971.0,
2024-09-05,57971.0,58326.12,55628.04,56156.82,
2024-09-06,56156.82,56995.0,52530.0,53950.01,
2024-09-07,53950.0,54847.0,53733.1,54156.33,
2024-09-08,54159.6,55315.95,53623.95,54881.11,
2024-09-09,54881.1,58119.97,54565.56,57053.9,
2024-09-10,57047.82,58050.35,56377.76,57645.59,
2024-09-11,57641.15,58014.35,55534.41,57352.79,
2024-09-12,57352.92,58600.0,57311.15,58137.54,
2024-09-13,58137.33,60670.0,57630.01,60543.35,
2024-09-14,60543.35,60660.0,59436.8,60012.35,
2024-09-15,60012.34,60402.34,58695.75,59122.33,
2024-09-16,59122.7,59214.15,57477.0,58208.75,
2024-09-17,58209.76,61373.41,57620.27,60312.6,
2024-09-18,60317.38,61800.0,59174.5,61769.18,
2024-09-19,61770.38,63891.82,61569.16,62960.14,
2024-09-20,62956.04,64140.67,62340.0,63210.69,
2024-09-21,63210.94,63575.63,62755.0,63362.74,
2024-09-22,63362.74,64000.0,62380.55,63577.66,
2024-09-23,63580.39,64739.67,62566.28,63338.87,
2024-09-24,63338.85,64700.0,62689.15,64272.93,
2024-09-25,64272.93,64811.0,62932.8,63130.89,
2024-09-26,63131.13,65865.0,62652.99,65177.21,
2024-09-27,65176.39,66550.0,64827.85,65789.0,
2024-09-28,65787.53,66266.39,65400.0,65858.99,
2024-09-29,65857.33,66059.0,65449.35938,65600.01,
2024-09-30,65600.01,65624.95,62833.95,63301.25,
2024-10-01,63305.52,64106.75,60150.89,60790.0,
2024-10-02,60792.63,62376.51,59981.91,60649.8,
2024-10-03,60632.59,61480.78,59829.05,60746.37,
2024-10-04,60746.98,62483.94,60464.56,62086.44,
2024-10-05,62087.19,62370.38,61692.29,62001.6,
2024-10-06,61991.02,62970.98,61811.24,62830.06,
2024-10-07,62828.63,64465.08,62127.3,62249.83,
2024-10-08,62258.97,63208.38,61869.42,62168.31,
2024-10-09,62168.3,62545.55,60303.51,60635.91,
2024-10-10,60626.76,61363.06,58929.86,60330.71,
2024-10-11,60330.71,63424.28,60100.0,62541.68,
2024-10-12,62541.51,63478.48,62499.0,63194.9,
2024-10-13,63254.48,63291.23,62050.67,62882.25,
2024-10-14,62886.25,66515.34,62459.63,66107.28,
2024-10-15,66114.59,67962.51,64797.64,67120.25,
2024-10-16,67135.14,68416.38,66765.04,67628.96,
2024-10-17,67641.2,67936.81,66665.07,67413.45,
2024-10-18,67383.8,69025.66,67186.51,68430.49,
2024-10-19,68429.07,68689.75,68011.38,68394.13,
2024-10-20,68394.12,69405.07,68109.38,69039.28,
2024-10-21,69048.78,69525.33,66847.98,67381.26,
2024-10-22,67383.52,67841.71,66573.98,67431.31,
2024-10-23,67439.31,67470.47,65238.67,66673.03,
2024-10-24,66686.0,68852.34,66516.36,68205.56,
2024-10-25,68254.25,68778.0,65593.25,66673.87,
2024-10-26,66684.93,67459.43,66445.28,67113.51,
2024-10-27,67086.0,68333.67,66938.55,68051.95,
2024-10-28,68054.91,70283.11,67630.57,69977.45,
2024-10-29,70008.08,73624.98,69764.03,72724.35,
2024-10-30,72724.35,72948.6,71400.01,72322.91,
2024-10-31,72322.91,72684.02,69559.33,70197.83,
2024-11-01,70198.02,71620.0,68720.0,69467.29,
2024-11-02,69466.64,69891.92,69000.0,69358.94,
2024-11-03,69360.95,69364.65,67444.0,68738.18,
2024-11-04,68736.4,69453.94,66783.77,67807.48,
2024-11-05,67810.15,70557.67,67427.53,69380.73,
2024-11-06,69380.64,76509.56,69285.82,75646.55,
2024-11-07,75646.55,76999.0,74463.96,75920.0,
2024-11-08,75925.0,77312.18,75654.26,76566.73,
2024-11-09,76566.72,76952.67,75758.58,76716.06,
2024-11-10,76716.06,81534.28,76535.33,80428.92,
2024-11-11,80427.69,89666.0,80277.34,88770.73,
2024-11-12,88770.74,90100.0,85010.0,88035.43,
2024-11-13,88035.43,93495.0,86220.5,90493.82,
2024-11-14,90499.4,91831.25,86672.07,87340.4,
2024-11-15,87338.96,91934.62,87100.83,91058.36,
2024-11-16,91058.36,91820.73,90069.21,90636.24,
2024-11-17,90638.54,91439.82,88713.64,89886.69,
2024-11-18,89877.11,92674.8,89372.65,90520.3,
2024-11-19,90521.32,94105.84,90403.24,92435.89,
2024-11-20,92445.04,94989.99,91600.0,94393.15,
2024-11-21,94384.15,99073.53,94127.2,98439.09,
2024-11-22,98439.1,99860.0,97209.52,99024.03,
2024-11-23,99024.03,99044.11,97215.01,97778.77,
2024-11-24,97778.78,98700.0,95780.77,98028.18,
2024-11-25,98032.06,98999.0,92534.93,93000.01,
2024-11-26,93001.48,95004.92,90682.58,91929.54,
2024-11-27,91929.53,97386.06,91747.46,95951.19,
2024-11-28,95951.19,96676.31,94671.59,95665.53,
2024-11-29,95665.53,98750.0,95383.46,97490.56,
2024-11-30,97489.8,97509.6,96129.73,96465.42,
2024-12-01,96464.95,97895.9,95753.42,97263.18,
2024-12-02,97259.17,98200.0,94400.63,95862.89,
2024-12-03,95862.89,96310.1,93571.3,95924.52,
2024-12-04,95924.85,99263.2,94634.85,98746.24,
2024-12-05,98746.24,104000.0,92055.86,97044.23,
2024-12-06,97049.47,102104.12,96424.2,99891.35,
2024-12-07,99885.37,100583.27,99012.73,99929.32,
2024-12-08,99919.2,101435.05,98729.66,101174.99,
2024-12-09,101175.0,101290.73,94220.8,97324.81,
2024-12-10,97330.66,98338.17,94273.38,96660.76,
2024-12-11,96660.75,101984.98,95722.79,101202.11,
2024-12-12,101211.61,102595.0,99298.39,100030.47,
2024-12-13,100024.75,101959.13,99220.81,101428.75,
2024-12-14,101428.74,102650.0,100600.0,101399.99,
2024-12-15,101400.0,105100.0,101221.34,104447.76,
2024-12-16,104445.15,107857.79,103289.21,106099.81,
2024-12-17,106099.98,108388.88,105337.97,106136.99,
2024-12-18,106145.83,106528.13,99939.82,100150.73,
2024-12-19,100148.6,102796.22,95539.67,97372.21,
2024-12-20,97372.2,98132.47,92115.66,97765.0,
2024-12-21,97762.75,99596.57,96368.0,97230.08,
2024-12-22,97230.09,97387.98,94182.98,95087.75,
2024-12-23,95091.15,96430.08,92360.91,94764.56,
2024-12-24,94767.88,99444.0,93426.25,98594.47,
2024-12-25,98594.47,99484.92,97557.48,99346.28,
2024-12-26,99358.67,99887.0,95083.93,95669.49,
2024-12-27,95669.4,97340.47,93234.31,94171.89,
2024-12-28,94171.7,95534.17,94002.72,95130.82,
2024-12-29,95125.59,95170.06,92841.48,93563.35,
2024-12-30,93563.35,94910.48,91271.19,92620.71,
2024-12-31,92620.7,96148.94,91887.13,93354.22,
2025-01-01,93347.59,94960.91,92743.63,94383.59,
2025-01-02,94383.59,97776.99,94177.0,96903.19,
2025-01-03,96905.48,98969.92,96016.63,98136.51,
2025-01-04,98139.85,98761.02,97516.65,98209.85,
2025-01-05,98209.85,98814.0,97250.0,98345.33,
2025-01-06,98347.65,102500.0,97900.0,102279.41,
2025-01-07,102279.41,102735.99,96105.11,96941.98,
2025-01-08,96941.98,97254.35,92500.0,95036.63,
2025-01-09,95033.18,95363.26,91187.0,92547.44,
2025-01-10,92547.44,95862.92,92209.25,94701.18,
2025-01-11,94701.48,94983.65,93804.05,94565.02,
2025-01-12,94569.91,95383.84,93670.3,94509.62,
2025-01-13,94507.24,95900.0,89028.64,94506.45,
2025-01-14,94507.35,97353.29,94311.36,96534.96,
2025-01-15,96534.97,100716.45,96400.0,100510.23,
2025-01-16,100504.27,100880.0,97277.58,99981.78,
2025-01-17,99981.46,105970.0,99937.81,104107.0,
2025-01-18,104107.0,104933.15,102233.45,104435.0,
2025-01-19,104435.01,106314.44,99518.0,101211.13,
2025-01-20,101217.78,109358.01,99416.27,102145.43,
2025-01-21,102145.42,107291.1,100051.0,106159.26,
2025-01-22,106159.27,106431.34,103100.0,103667.11,
2025-01-23,103659.6,106870.87,101200.01,103926.36,
2025-01-24,103926.36,107200.0,102751.92,104852.51,
2025-01-25,104866.13,105294.0,104104.0,104733.56,
2025-01-26,104729.92,105478.8,102452.24,102563.0,
2025-01-27,102565.28,103228.46,97715.03,102062.42,
2025-01-28,102063.92,103770.85,100213.8,101290.0,
2025-01-29,101290.01,104829.64,101275.6,103747.25,
2025-01-30,103747.25,106484.77,103289.74,104742.64,
2025-01-31,104742.63,106090.0,101506.0,102411.26,
2025-02-01,102414.05,102781.65,100250.0,100623.85,
2025-02-02,100623.88,101459.84,96179.0,97676.52,
2025-02-03,97676.53,102599.85,91178.01,101460.2,
2025-02-04,101460.15,101812.23,96145.76,97795.05,
2025-02-05,97795.06,99230.49,96161.01,96638.33,
2025-02-06,96635.62,99182.15,95674.96,96564.62,
2025-02-07,96575.24,100235.79,95614.96,96537.08,
2025-02-08,96536.93,96919.05,95682.33,96476.25,
2025-02-09,96476.24,97342.28,94730.67,96475.82,
2025-02-10,96481.47,98367.23,95257.2,97444.41,
2025-02-11,97451.66,98500.0,94831.07,95774.08,
2025-02-12,95770.95,98119.98,94066.92,97862.53,
2025-02-13,97864.28,98100.0,95220.0,96625.29,
2025-02-14,96625.29,98890.11,96268.56,97509.03,
2025-02-15,97507.94,97997.85,97225.01,97596.94,
2025-02-16,97596.54,97738.22,96057.68,96119.88,
2025-02-17,96119.88,97050.64,95200.0,95781.8,
2025-02-18,95781.8,96730.0,93333.0,95607.4,
2025-02-19,95612.97,96880.0,95000.01,96632.03,
2025-02-20,96632.03,98768.54,96419.07,98347.2,
2025-02-21,98347.2,99517.52,94721.92,96157.03,
2025-02-22,96157.03,96982.52,95767.95,96582.12,
2025-02-23,96578.49,96679.93,95243.91,96265.98,
2025-02-24,96266.23,96515.41,91300.0,91510.82,
2025-02-25,91509.88,92549.99,85836.18,88583.74,
2025-02-26,88583.17,89305.68,82111.12,84111.78,
2025-02-27,84111.77,86993.87,82554.11,84625.19,
2025-02-28,84627.5,85116.19,78167.81,84297.73,
2025-03-01,84297.74,86534.96,83772.54,86018.76,
2025-03-02,86018.82,95128.88,85003.35,94265.48,
2025-03-03,94265.47,94415.61,85007.01,86161.1,
2025-03-04,86161.09,88977.27,81444.0,87249.96,
2025-03-05,87247.93,91000.0,86329.22,90603.73,
2025-03-06,90607.73,92817.29,87790.5,89921.85,
2025-03-07,89915.02,91280.0,84608.27,86756.98,
2025-03-08,86753.3,86863.38,85200.0,86206.69,
2025-03-09,86206.64,86480.0,80000.0,80699.17,
2025-03-10,80708.21,84033.66,77389.0,78544.71,
2025-03-11,78534.67,83600.0,76555.0,82914.51,
2025-03-12,82911.81,84442.69,80572.21,83659.43,
2025-03-13,83659.45,84310.8,79890.0,81073.43,
2025-03-14,81071.5,85318.61,80771.17,83980.49,
2025-03-15,83989.86,84690.43,83612.24,84351.46,
2025-03-16,84351.45,85092.35,81969.44,82562.57,
2025-03-17,82575.23,84758.46,82416.98,84011.4,
2025-03-18,84011.39,84029.67,81125.0,82698.76,
2025-03-19,82699.53,87045.45,82535.53,86877.96,
2025-03-20,86877.97,87492.87,83596.75,84183.42,
2025-03-21,84183.41,84809.72,83100.0,84061.96,
2025-03-22,84061.96,84517.75,83659.69,83852.03,
2025-03-23,83852.06,86128.99,83804.67,86092.94,
2025-03-24,86092.95,88804.64,85533.06,87523.62,
2025-03-25,87518.09,88584.34,86321.97,87427.88,
2025-03-26,87432.82,88304.1,85850.0,86926.01,
2025-03-27,86926.01,87790.12,85784.0,87217.48,
2025-03-28,87214.07,87498.15,83533.4,84381.8,
2025-03-29,84381.81,84584.13,81608.99,82616.83,
2025-03-30,82624.06,83508.98,81538.88,82379.98,
2025-03-31,82379.98,83920.8,81265.16,82534.32,
2025-04-01,82534.31,85566.53,82403.32,85170.37,
2025-04-02,85166.92,88530.0,82283.01,82490.08,
2025-04-03,82490.1,83953.45,81177.7,83174.33,
2025-04-04,83178.68,84720.67,81643.54,83857.99,
2025-04-05,83859.78,84238.35,82346.61,83498.25,
2025-04-06,83505.88,83773.58,77058.99,78370.75,
2025-04-07,78370.15,81223.67,74420.69,79140.01,
2025-04-08,79140.02,80849.98,76167.35,76251.64,
2025-04-09,76258.8,83583.35,74553.01,82594.75,
2025-04-10,82593.15,82730.93,78387.24,79552.34,
2025-04-11,79552.34,84299.0,78919.94,83380.47,
2025-04-12,83379.64,85909.97,82765.26,85271.01,
2025-04-13,85271.02,86092.99,83010.0,83733.07,
2025-04-14,83733.07,85818.06,83655.27,84590.36,
2025-04-15,84590.36,86491.4,83592.77,83629.78,
2025-04-16,83622.52,85526.4,83088.02,84028.72,
2025-04-17,84028.71,85494.94,83711.69,84961.97,
2025-04-18,84961.97,85150.94,84287.06,84466.47,
2025-04-19,84466.47,85625.0,84353.45,85074.99,
2025-04-20,85074.59,85319.21,83972.82,85177.34,
2025-04-21,85177.33,88575.62,85135.98,87522.07,
2025-04-22,87513.53,93952.62,87077.17,93489.1,
2025-04-23,93486.57,94686.0,91902.19,93740.92,
2025-04-24,93740.93,94061.02,91685.18,94021.96,
2025-04-25,94021.97,95976.34,92880.01,94708.79,
2025-04-26,94707.79,95273.52,93903.01,94666.64,
2025-04-27,94666.64,95351.11,93654.77,93780.57,
2025-04-28,93780.56,95652.66,92829.44,95042.57,
2025-04-29,95042.56,95499.0,93761.26,94271.09,
2025-04-30,94271.08,95263.74,92911.88,94182.54,
2025-05-01,94182.55,97546.99,94136.79,96524.98,
2025-05-02,96524.98,97948.56,96369.69,96929.81,
2025-05-03,96929.81,96974.78,95765.13,95861.33,
2025-05-04,95865.47,96312.51,94151.67,94272.55,
2025-05-05,94272.54,95218.82,93500.01,94733.99,
2025-05-06,94733.99,96916.25,93363.28,96839.17,
2025-05-07,96843.84,97738.05,95800.0,97058.32,
2025-05-08,97058.33,104176.05,96888.25,103253.49,
2025-05-09,103252.2,104352.6,102330.76,102986.96,
2025-05-10,102986.94,104997.0,102831.41,104821.19,
2025-05-11,104817.83,104980.89,103360.22,104137.62,
2025-05-12,104137.58,105787.37,100703.71,102800.21,
2025-05-13,102800.22,105038.53,101447.78,104131.06,
2025-05-14,104131.2,104373.0,102603.27,103545.38,
2025-05-15,103540.91,104200.0,101400.01,103786.43,
2025-05-16,103786.4,104616.71,103125.51,103500.03,
2025-05-17,103500.03,103741.98,102612.0,103161.07,
2025-05-18,103162.53,106692.97,103130.95,106473.46,
2025-05-19,106488.77,107137.68,102105.0,105616.18,
2025-05-20,105616.21,107355.0,104209.18,106883.24,
2025-05-21,106883.24,110788.98,106128.14,109699.54,
2025-05-22,109697.19,112000.0,109217.23,111722.53,
2025-05-23,111722.54,111824.07,106800.01,107329.61,
2025-05-24,107332.08,109517.79,106895.77,107794.01,
2025-05-25,107794.01,109371.04,106632.35,109048.68,
2025-05-26,109048.41,110474.41,108706.04,109464.32,
2025-05-27,109464.33,110829.42,107536.41,108978.46,
2025-05-28,108978.45,109344.89,106790.16,107819.29,
2025-05-29,107819.26,108943.35,105315.0,105572.58,
2025-05-30,105572.58,106377.66,103634.48,104033.26,
2025-05-31,104033.0,104965.5,103110.01,104645.87,
2025-06-01,104645.87,105937.46,103800.81,105697.94,
2025-06-02,105697.93,106000.0,103685.23,105904.94,
2025-06-03,105909.79,106901.68,104910.01,105447.82,
2025-06-04,105443.95,106058.47,104202.0,104753.38,
2025-06-05,104753.37,105999.68,100345.73,101570.2,
2025-06-06,101570.2,105439.01,101132.91,104397.99,
2025-06-07,104398.0,106000.0,103969.7,105619.02,
2025-06-08,105619.02,106548.9,105028.3,105784.4,
2025-06-09,105784.41,110651.12,105368.27,110301.15,
2025-06-10,110299.69,110420.08,108362.14,110300.24,
2025-06-11,110300.25,110435.05,108091.74,108669.37,
2025-06-12,108673.77,108853.74,105706.78,105721.05,
2025-06-13,105716.45,106233.0,102746.01,106118.7,
2025-06-14,106114.53,106264.36,104351.72,105465.42,
2025-06-15,105465.42,106184.13,104505.05,105599.25,
2025-06-16,105600.21,109000.0,104982.26,106853.38,
2025-06-17,106853.38,107792.9,103363.3,104590.44,
2025-06-18,104590.44,105603.63,103512.38,104915.6,
2025-06-19,104915.6,105266.61,103916.37,104671.9,
2025-06-20,104671.4,106553.86,102357.25,103317.8,
2025-06-21,103317.79,104013.64,100919.19,102160.03,
2025-06-22,102160.36,103417.0,98225.01,100996.87,
2025-06-23,100996.87,106135.47,99677.07,105419.39,
2025-06-24,105418.4,106366.29,104681.83,106141.0,
2025-06-25,106141.01,108206.0,105875.0,107400.22,
2025-06-26,107400.22,108345.0,106605.88,107029.64,
2025-06-27,107029.63,107804.2,106413.79,107113.38,
2025-06-28,107119.17,107599.81,106868.94,107352.2,
2025-06-29,107352.2,108550.0,107230.0,108386.44,
2025-06-30,108386.44,108800.0,106724.76,107173.21,
2025-07-01,107173.21,107579.3,105262.0,105711.78,
2025-07-02,105711.77,109823.08,105119.7,108888.32,
2025-07-03,108887.03,110590.0,108574.31,109628.83,
2025-07-04,109628.83,109812.94,107268.84,108028.6,
2025-07-05,108028.6,108454.19,107783.1,108246.65,
2025-07-06,108246.66,109736.64,107837.7,109217.98,
2025-07-07,109217.98,109741.64,107507.0,108269.84,
2025-07-08,108271.49,109255.99,107438.33,108958.04,
2025-07-09,108953.58,112152.91,108329.87,111282.85,
2025-07-10,111282.84,116842.0,110541.87,116031.3,
2025-07-11,116031.29,118909.74,115211.74,117582.16,
2025-07-12,117582.16,118244.51,116940.82,117472.65,
2025-07-13,117472.65,119500.0,117238.69,119130.81,
2025-07-14,119130.81,123231.07,118949.18,119863.71,
2025-07-15,119863.71,119973.3,115697.37,117781.64,
2025-07-16,117781.63,120134.8,117033.23,118681.68,
2025-07-17,118681.67,120998.76,117469.0,119273.69,
2025-07-18,119273.7,120918.68,116892.42,118023.05,
2025-07-19,118023.06,118564.59,117337.59,117914.17,
2025-07-20,117914.17,118921.76,116525.0,117312.7,
2025-07-21,117315.68,119745.93,116565.01,117428.79,
2025-07-22,117428.79,120300.0,116185.0,120026.42,
2025-07-23,120034.21,120180.93,117342.21,118810.44,
2025-07-24,118810.44,119557.7,117190.0,118397.04,
2025-07-25,118400.0,118518.2,114750.0,117633.27,
2025-07-26,117633.27,118371.35,117095.73,117969.63,
2025-07-27,117981.73,119800.0,117849.99,119465.52,
2025-07-28,119465.52,119839.0,117380.6,118070.59,
2025-07-29,118074.43,119284.78,116900.0,117933.39,
2025-07-30,117933.39,118809.43,115728.49,117830.15,
2025-07-31,117830.15,118920.0,115500.0,115761.13,
2025-08-01,115756.12,116065.12,112659.0,113248.73,
2025-08-02,113248.83,114023.58,112000.0,112542.74,
2025-08-03,112542.75,114794.99,111903.68,114215.73,
2025-08-04,114215.7,115756.06,114118.18,115051.85,
2025-08-05,115056.14,115112.75,112622.14,114112.95,
2025-08-06,114112.95,115749.99,113347.87,115028.83,
2025-08-07,115028.83,117687.0,114268.6,117515.49,
2025-08-08,117515.69,117687.0,115800.0,116683.79,
2025-08-09,116683.79,117937.89,116343.34,116492.51,
2025-08-10,116492.5,119324.08,116480.0,119309.37,
2025-08-11,119309.37,122319.14,118050.0,118701.84,
2025-08-12,118701.83,120327.0,118190.81,120113.18,
2025-08-13,120109.04,123740.24,118931.34,123365.63,
2025-08-14,123365.63,124533.0,117208.97,118389.79,
2025-08-15,118389.79,119339.57,116859.32,117436.96,
2025-08-16,117436.95,118028.68,117222.01,117455.68,
2025-08-17,117455.69,118641.6,117249.49,117488.6,
2025-08-18,117488.59,117633.8,114703.26,116286.76,
2025-08-19,116286.75,116792.87,112696.56,112856.19,
2025-08-20,112853.66,114627.37,112344.11,114276.0,
2025-08-21,114276.0,114812.0,111964.0,112480.3,
2025-08-22,112480.29,117416.73,111649.75,116908.68,
2025-08-23,116911.9,116999.03,114505.0,115383.87,
2025-08-24,115383.87,115616.53,110635.0,113478.0,
2025-08-25,113478.0,113645.32,109275.74,110127.74,
2025-08-26,110127.74,112399.99,108670.0,111788.01,
2025-08-27,111788.04,112683.39,110351.11,111253.21,
2025-08-28,111253.22,113480.0,110858.78,112574.85,
2025-08-29,112574.84,112642.53,107469.13,108378.32,
2025-08-30,108378.32,108928.79,107369.69,108827.93,
2025-08-31,108827.92,109489.79,108060.79,108247.95,
2025-09-01,108247.95,109907.51,107250.0,109240.55,
2025-09-02,109240.55,111801.86,108400.0,111247.94,
2025-09-03,111247.94,112600.0,110533.77,111756.41,
2025-09-04,111756.4,112235.6,109321.0,110720.79,
2025-09-05,110714.48,113390.0,110202.36,110670.02,
2025-09-06,110670.02,111317.65,109993.0,110212.6,
2025-09-07,110214.21,111600.0,110200.01,111129.61,
2025-09-08,111120.38,112940.84,110600.0,112072.57,
2025-09-09,112072.57,113292.96,110765.72,111549.32,
2025-09-10,111546.61,114362.1,110919.55,113983.97,
2025-09-11,113983.98,115554.53,113433.92,115540.0,
2025-09-12,115540.01,116833.25,114774.19,116106.03,
2025-09-13,116106.03,116378.04,115177.53,115968.35,
2025-09-14,115968.33,116226.61,115166.0,115314.13,
2025-09-15,115314.12,116802.0,114395.84,115381.08,
2025-09-16,115381.07,117000.0,114750.0,116832.56,
2025-09-17,116832.56,117327.24,114724.57,116484.4,
2025-09-18,116484.4,117998.17,116125.08,117117.99,
2025-09-19,117117.99,117516.36,115132.71,115690.55,
2025-09-20,115690.55,116194.63,115463.22,115752.4,
2025-09-21,115752.9,115900.02,115237.16,115282.27,
2025-09-22,115282.26,115441.37,111761.22,112736.59,
2025-09-23,112736.59,113357.0,111502.08,112017.21,
2025-09-24,112017.21,113999.98,111066.07,113348.17,
2025-09-25,113348.16,113561.35,108623.7,109035.72,
2025-09-26,109036.0,110369.99,108645.02,109697.29,
2025-09-27,109697.29,109815.08,109116.0,109681.16,
2025-09-28,109681.15,112385.84,109230.98,112197.67,
2025-09-29,112197.66,114490.0,111582.65,114365.07,
2025-09-30,114361.66,114850.0,112695.85,114067.71,
2025-10-01,114067.71,118718.8,113975.5,118659.97,
2025-10-02,118662.72,121111.0,118336.01,120621.32,
2025-10-03,120621.33,123996.81,119327.83,122318.4,
2025-10-04,122318.39,122896.0,121572.64,122458.56,
2025-10-05,122458.55,125750.0,122195.28,123520.79,
2025-10-06,123520.8,126296.0,123115.77,124720.09,
2025-10-07,124723.57,125226.34,120636.0,121393.95,
2025-10-08,121393.96,124254.31,121090.06,123343.25,
2025-10-09,123343.24,123822.08,119713.65,121714.51,
2025-10-10,121714.51,122600.0,107000.0,112980.28,
2025-10-11,112976.01,113439.99,109683.96,110768.89,
2025-10-12,110768.9,115847.0,109687.46,115067.98,
2025-10-13,115067.96,116077.51,113700.27,115274.03,
2025-10-14,115274.03,115514.91,109945.86,113068.0,
2025-10-15,113072.18,113671.99,110185.87,110804.12,
2025-10-16,110804.11,112021.07,107464.53,108198.0,
2025-10-17,108197.99,109269.97,103516.75,106463.3,
2025-10-18,106462.09,107535.68,106357.69,107208.91,
2025-10-19,107208.91,109499.0,106091.25,108676.78,
2025-10-20,108676.77,111748.6,107449.91,110568.06,
2025-10-21,110568.05,114082.29,107444.6,108362.27,
2025-10-22,108357.99,109188.27,106639.0,107585.98,
2025-10-23,107588.02,111342.6,107511.46,110116.03,
2025-10-24,110116.02,112158.39,109725.51,111042.13,
2025-10-25,111042.13,111968.52,110693.01,111666.21,
2025-10-26,111666.22,115542.0,111260.33,114548.09,
2025-10-27,114561.69,116410.06,113833.12,114087.06,
2025-10-28,114087.06,116114.13,112203.0,112906.75,
2025-10-29,112906.75,113690.17,109000.0,110032.13,
2025-10-30,110031.65,111629.2,106279.33,108308.18,
2025-10-31,108308.02,111066.1,108266.11,109555.27,
2025-11-01,109555.63,110500.0,109342.47,110052.25,
2025-11-02,110052.25,111221.99,108800.0,110536.01,
2025-11-03,110533.83,110749.0,105271.67,106557.98,
2025-11-04,106557.98,107269.85,98892.97,101468.15,
2025-11-05,101468.16,104550.0,98950.0,103869.0,
2025-11-06,103866.67,104191.19,100235.02,101290.5,
2025-11-07,101290.5,104041.99,99170.0,103284.27,
2025-11-08,103281.79,103350.0,101422.74,102285.57,
2025-11-09,102285.58,105471.04,101372.58,104694.95,
2025-11-10,104694.23,106653.0,104240.76,105979.38,
2025-11-11,105979.38,107482.0,102422.43,103009.35,
2025-11-12,103017.21,105316.64,100803.2,101639.01,
2025-11-13,101636.03,104050.0,97870.0,99614.54,
2025-11-14,99610.49,99836.1,93951.32,94503.96,
2025-11-15,94501.08,96747.02,94222.2,95544.94,
2025-11-16,95544.94,96559.61,92943.83,94183.97,
2025-11-17,94182.03,95950.0,91158.35,92100.6,
2025-11-18,92100.6,93775.0,89183.48,92914.46,
2025-11-19,92914.45,92948.0,88483.12,91461.6,
2025-11-20,91465.04,93080.91,85980.7,86536.88,
2025-11-21,86531.87,87395.93,80524.65,85068.88,
2025-11-22,85068.85,85547.11,83441.91,84684.0,
2025-11-23,84683.99,88100.0,84614.11,86808.28,
2025-11-24,86808.28,89225.6,85213.17,88266.2,
2025-11-25,88264.0,88486.82,86067.02,87325.01,
2025-11-26,87325.0,90628.53,86266.95,90468.84,
2025-11-27,90468.83,91925.4,90067.81,91316.7,
2025-11-28,91316.7,93161.86,90220.5,90902.7,
2025-11-29,90902.69,91199.99,90200.0,90828.06,
2025-11-30,90829.68,91980.8,90353.96,90369.51,
2025-12-01,90364.0,90433.7,83800.0,86282.36,
2025-12-02,86282.35,92342.0,86181.38,91308.05,
2025-12-03,91308.05,94181.41,91024.47,93453.84,
2025-12-04,93452.02,94087.05,90904.73,92093.54,
2025-12-05,92093.7,92716.42,88099.05,89345.29,
2025-12-06,89345.29,90296.32,88932.0,89267.97,
2025-12-07,89262.8,91779.99,87733.18,90402.29,
2025-12-08,90402.3,92291.96,89599.0,90653.86,
2025-12-09,90653.86,94640.66,89537.55,92690.0,
2025-12-10,92690.0,94500.0,91556.64,92035.99,
2025-12-11,92035.85,93594.76,89257.98,92542.0,
2025-12-12,92539.63,92791.26,89500.0,90278.0,
2025-12-13,90278.0,90657.0,89777.79,90255.32,
2025-12-14,90255.32,90496.16,87565.38,88171.61,
2025-12-15,88174.37,90064.74,85129.63,86417.5,
2025-12-16,86417.5,88148.0,85250.0,87854.01,
2025-12-17,87854.0,90336.36,85267.69,86209.77,
2025-12-18,86209.79,89447.75,84400.0,85460.02,
2025-12-19,85460.85,89365.85,85052.78,88092.65,
2025-12-20,88092.65,88530.6,87780.0,88324.0,
2025-12-21,88322.01,89046.44,87501.01,88639.95,
2025-12-22,88639.87,90541.8,87846.17,88556.77,
2025-12-23,88555.03,88896.63,86533.86,87429.32,
2025-12-24,87429.32,88001.2,86350.0,87609.03,
2025-12-25,87609.02,88534.4,86899.0,87171.68,
2025-12-26,87171.46,89496.07,86569.53,87296.01,
2025-12-27,87296.17,87914.62,86944.24,87808.0,
2025-12-28,87806.75,88000.0,87349.52,87877.29,
2025-12-29,87877.28,90325.0,86675.0,87110.78,
2025-12-30,87110.77,89343.52,86704.98,88397.5,
2025-12-31,88397.24,89100.0,87082.64,87497.94,
2026-01-01,87497.95,88798.99,87361.74,88738.34,
2026-01-02,88742.0,90935.22,88272.08,89957.99,
2026-01-03,89958.0,90697.0,89284.13,90598.02,
2026-01-04,90598.01,91764.64,90598.01,91494.0,
2026-01-05,91489.03,94825.27,91479.28,93870.06,
2026-01-06,93870.06,94439.63,91203.13,93722.01,
2026-01-07,93722.01,93722.01,90576.24,91279.73,
2026-01-08,91279.73,91580.01,89200.0,91026.0,
2026-01-09,91024.01,91944.52,89583.58,90515.45,
2026-01-10,90515.12,90698.0,90251.43,90385.54,
2026-01-11,90387.36,91173.12,90109.0,90872.01,
2026-01-12,90878.51,92406.3,90003.46,91188.09,
2026-01-13,91188.08,96250.0,90925.17,95384.23,
2026-01-14,95385.59,97963.62,94518.63,96955.16,
2026-01-15,96954.02,97176.42,95066.19,95587.65,
2026-01-16,95578.2,95830.49,94229.04,95504.0,
2026-01-17,95503.99,95600.0,94980.12,95109.99,
2026-01-18,95109.99,95485.0,93559.78,93633.53,
2026-01-19,93630.0,93630.0,91935.3,92559.66,
2026-01-20,92559.65,92807.99,90558.99,90858.64,
