date,open,high,low,close,volume
2019-04-21,4696.2998,4729.02002,4662.24023,4724.089844,
2019-04-22,4724.089844,4840.25977,4683.0,4789.16016,
2019-04-23,4789.0097656,5022.12012,4776.7998,4942.12012,
2019-04-24,4942.10986,5025.75977,4825.20996,4885.0097656,
2019-04-25,4889.0,4956.7002,4500.0,4623.5498,
2019-04-26,4623.5498,4747.080078,4533.45996,4629.2002,
2019-04-27,4629.2002,4688.12012,4600.0,4653.68994,
2019-04-28,4653.68994,4695.25977,4587.58984,4633.0097656,
2019-04-29,4633.0097656,4649.97998,4554.58008,4601.79004,
2019-04-30,4601.79004,4726.20996,4582.25977,4703.85986,
2019-05-01,4703.85986,4759.99023,4703.0097656,4751.8999,
2019-05-02,4751.8999,4858.0,4735.43018,4830.0,
2019-05-03,4830.0,5184.99023,4810.12012,5048.02002,
2019-05-04,5048.02002,5186.0,4925.0,5160.81982,
2019-05-05,5160.81982,5169.0,5031.0097656,5110.87012,
2019-05-06,5110.87012,5135.62012,4988.080078,5080.91016,
2019-05-07,5080.99023,5328.99023,5080.99023,5147.31982,
2019-05-08,5147.31982,5341.72998,5080.0,5299.29004,
2019-05-09,5302.0,5520.5,5297.45996,5472.68018,
2019-05-10,5481.99023,5722.1499,5435.72998,5651.29004,
2019-05-11,5651.99023,6550.0,5650.0,6320.0,
2019-05-12,6309.91016,6765.4502,5858.0097656,6203.029785,
2019-05-13,6203.029785,7302.91992,6108.68994,6963.22998,
2019-05-14,6972.27979,7440.0,6810.0,7124.52979,
2019-05-15,7124.52979,7403.0,7000.31006,7311.77979,
2019-05-16,7326.29004,7468.3501,6862.0097656,7055.0,
2019-05-17,7055.0097656,7097.99023,6000.0,6607.41016,
2019-05-18,6608.3999,6749.0,6474.81006,6540.0097656,
2019-05-19,6540.0097656,7437.12988,6522.1001,7343.14014,
2019-05-20,7348.33008,7348.33008,6810.0,7164.12012,
2019-05-21,7162.22998,7274.75,7030.0,7130.6001,
2019-05-22,7129.72998,7200.0,6747.2998,6850.0,
2019-05-23,6846.31982,7141.75,6725.0,7047.29004,
2019-05-24,7047.29004,7288.83008,6990.60986,7135.0,
2019-05-25,7134.99023,7250.0,7100.0,7206.8999,
2019-05-26,7206.8999,7864.029785,7056.97021,7782.75,
2019-05-27,7782.75,7977.069824,7707.49023,7834.54004,
2019-05-28,7834.52979,7885.12988,7638.0,7824.18018,
2019-05-29,7824.18018,7870.0,7539.31982,7792.60986,
2019-05-30,7792.60986,8187.0,7201.089844,7469.97021,
2019-05-31,7468.0097656,7700.0,7318.16016,7674.97998,
2019-06-01,7670.6001,7725.0,7577.6499,7661.060059,
2019-06-02,7661.060059,7898.83984,7661.060059,7839.50977,
2019-06-03,7838.97021,7842.22998,7176.060059,7240.0,
2019-06-04,7231.89014,7231.89014,6611.02002,6817.39014,
2019-06-05,6817.39014,7070.4502,6751.70996,6945.0097656,
2019-06-06,6945.0,7010.0,6618.68994,6923.64014,
2019-06-07,6923.64014,7189.91992,6890.25977,7071.62012,
2019-06-08,7071.62012,7122.43018,6875.029785,7005.99023,
2019-06-09,7005.99023,7034.2998,6685.93994,6788.95996,
2019-06-10,6788.95996,7160.0,6659.52979,7093.81006,
2019-06-11,7093.6001,7119.0,6829.0,6986.8501,
2019-06-12,6986.83984,7336.7998,6915.0097656,7245.0,
2019-06-13,7245.0,7396.77979,7146.0097656,7315.75977,
2019-06-14,7315.75977,7791.75,7262.91992,7758.3999,
2019-06-15,7758.3999,7900.0,7648.97021,7859.99023,
2019-06-16,7859.99023,8216.0,7670.0,7984.50977,
2019-06-17,7993.52979,8440.0,7990.31982,8321.58008,
2019-06-18,8321.58008,8333.4502,7997.0,8108.68018,
2019-06-19,8108.68018,8300.0,8069.33008,8273.70996,
2019-06-20,8273.70996,8500.0,8164.029785,8445.33984,
2019-06-21,8445.33984,9000.0,8438.2002,8992.25977,
2019-06-22,8992.25977,9877.58008,8877.21973,9314.90039,
2019-06-23,9314.90039,9879.63965,9160.0,9456.99023,
2019-06-24,9456.99023,9744.82031,9269.98047,9678.95996,
2019-06-25,9678.95996,10340.0,9655.46973,10330.0,
2019-06-26,10337.84961,12193.0,9998.0,11337.95996,
2019-06-27,11337.95996,11654.75,8890.0,9760.49023,
2019-06-28,9760.49023,10944.9502,9446.49023,10890.0,
2019-06-29,10890.0,10890.0,10000.0,10429.32031,
2019-06-30,10433.84961,10690.0,9401.099609,9479.91992,
2019-07-01,9466.75977,9890.4502,8784.030273,9345.0,
2019-07-02,9344.99023,9700.0,8544.91016,9594.16016,
2019-07-03,9594.16016,10635.66016,9594.16016,10614.5498,
2019-07-04,10604.98047,10682.75,9813.19043,9913.099609,
2019-07-05,9913.099609,10211.19043,9570.51953,9800.7998,
2019-07-06,9800.7998,10435.0,9800.7998,10022.7998,
2019-07-07,10022.7998,10343.37012,9905.0,10236.41016,
2019-07-08,10236.41016,11049.17969,10111.099609,10963.57031,
2019-07-09,10963.57031,11442.80957,10781.33008,11216.91016,
2019-07-10,11216.88965,11700.0,10285.0,10768.34961,
2019-07-11,10768.2998,10768.2998,9780.17969,10099.99023,
2019-07-12,10099.99023,10599.67969,9852.0,10486.59961,
2019-07-13,10486.59961,10518.29004,9608.5498,10120.44043,
2019-07-14,10120.44043,10178.98047,8999.0,9074.019531,
2019-07-15,9060.98047,9850.48047,8780.0,9653.66016,
2019-07-16,9653.66016,9808.080078,8369.12988,8396.76953,
2019-07-17,8396.76953,8911.41992,8100.0,8643.2998,
2019-07-18,8643.2998,9579.0,8300.9502,9450.0,
2019-07-19,9450.0,9550.0,9010.0,9390.019531,
2019-07-20,9390.019531,9917.16016,9258.12012,9602.25977,
2019-07-21,9602.25977,9675.4502,9210.0,9444.63965,
2019-07-22,9444.63965,9541.42969,9000.0097656,9222.82031,
2019-07-23,9222.82031,9222.82031,8814.099609,8851.20996,
2019-07-24,8838.57031,8921.58984,8551.0,8770.44043,
2019-07-25,8770.42969,9140.0,8740.11035,8881.41016,
2019-07-26,8871.40039,8924.0,8685.5498,8854.87988,
2019-07-27,8854.88965,9186.23047,8400.0,8521.040039,
2019-07-28,8521.040039,8672.0,8212.040039,8574.63965,
2019-07-29,8574.63965,8724.25,8425.11035,8538.20996,
2019-07-30,8538.20996,8740.0,8421.0,8585.040039,
2019-07-31,8585.040039,9098.19043,8572.32031,9097.84961,
2019-08-01,9097.84961,9444.0,8942.0,9377.2998,
2019-08-02,9377.2998,9605.0,9291.5,9469.84961,
2019-08-03,9469.84961,9800.0,9450.41016,9731.48047,
2019-08-04,9729.53027,9947.080078,9500.0,9860.83984,
2019-08-05,9858.24023,10649.99023,9858.24023,10490.91992,
2019-08-06,10486.24023,10980.0,9955.0,10214.37988,
2019-08-07,10219.99023,10810.86035,10127.13965,10652.54004,
2019-08-08,10652.54004,10778.96973,10251.2002,10711.28027,
2019-08-09,10720.75,10758.48047,10421.0,10582.48047,
2019-08-10,10593.48047,10689.0,10025.0097656,10091.9502,
2019-08-11,10090.94043,10350.0,9905.0,10306.0097656,
2019-08-12,10314.45996,10314.45996,10050.50977,10156.0097656,
2019-08-13,10156.0097656,10204.12012,9618.37988,9725.099609,
2019-08-14,9725.099609,9732.0097656,8913.0097656,9005.0,
2019-08-15,9005.0,9424.73047,8515.0,9287.79004,
2019-08-16,9282.21973,9518.86035,8766.95996,9349.75,
2019-08-17,9349.75,9449.0,9027.42969,9211.57031,
2019-08-18,9211.57031,9475.0,9090.19043,9319.24023,
2019-08-19,9319.24023,9867.53027,9266.0097656,9862.30957,
2019-08-20,9862.30957,9902.33984,9531.0,9700.0,
2019-08-21,9703.90039,9747.11035,8889.0097656,9134.83984,
2019-08-22,9134.91016,9247.87012,8825.0,9132.92969,
2019-08-23,9129.5,9437.46973,9056.63965,9343.55957,
2019-08-24,9345.71973,9364.26953,8900.5,9108.51953,
2019-08-25,9100.33984,9286.49023,8922.37012,9122.42969,
2019-08-26,9107.41016,9562.91992,9107.41016,9338.66016,
2019-08-27,9336.53027,9348.0,9040.0,9185.94043,
2019-08-28,9185.94043,9289.0,8601.0097656,8787.0,
2019-08-29,8786.9502,8786.9502,8436.0,8586.17969,
2019-08-30,8586.17969,8838.76953,8476.28027,8732.0,
2019-08-31,8732.0,8820.0097656,8618.0,8743.32031,
2019-09-01,8742.86035,8967.20996,8701.0097656,8898.049805,
2019-09-02,8899.99023,9550.0,8886.25,9475.019531,
2019-09-03,9475.019531,9836.55957,9380.0097656,9685.37012,
2019-09-04,9685.37012,9800.0,9420.0097656,9585.61035,
2019-09-05,9585.58984,9644.99023,9460.0,9589.98047,
2019-09-06,9586.12012,9900.0,9260.0,9360.019531,
2019-09-07,9360.030273,9585.96973,9349.41992,9511.32031,
2019-09-08,9508.75977,9605.0,9304.0,9450.0,
2019-09-09,9434.83984,9538.38965,9141.0,9343.76953,
2019-09-10,9332.25977,9407.0,9003.0,9139.73047,
2019-09-11,9146.55957,9295.42969,8930.099609,9234.55957,
2019-09-12,9234.55957,9460.65039,9130.0,9444.7998,
2019-09-13,9435.70996,9449.0,9181.12012,9350.84961,
2019-09-14,9350.86035,9410.0,9217.24023,9352.45996,
2019-09-15,9354.82031,9369.83008,9288.0,9300.0,
2019-09-16,9299.61035,9423.57031,9174.0,9332.87012,
2019-09-17,9330.049805,9332.87012,9210.0,9217.2002,
2019-09-18,9210.0097656,9270.0,9149.33008,9214.62012,
2019-09-19,9218.41016,9433.74023,8750.0,9304.30957,
2019-09-20,9304.30957,9339.92969,9135.0,9239.28027,
2019-09-21,9236.73047,9241.73047,9020.019531,9067.9502,
2019-09-22,9065.78027,9161.2002,8956.99023,9123.019531,
2019-09-23,9123.019531,9130.38965,8759.0,8821.080078,
2019-09-24,8821.080078,8918.25977,7500.0,7815.25977,
2019-09-25,7815.25977,7998.79004,7497.31006,7724.20996,
2019-09-26,7724.20996,7768.049805,7085.0,7377.52979,
2019-09-27,7377.52979,7575.75,7180.37988,7495.1001,
2019-09-28,7495.1001,7625.0,7343.56006,7526.31006,
2019-09-29,7513.52979,7535.52979,7235.8999,7380.2998,
2019-09-30,7380.31006,7680.0,7067.12012,7637.79004,
2019-10-01,7637.79004,7850.0,7538.70996,7643.35986,
2019-10-02,7631.62012,7657.029785,7489.0,7649.0,
2019-10-03,7648.62988,7688.91992,7361.0,7520.0,
2019-10-04,7520.0,7520.0,7320.0,7429.35986,
2019-10-05,7430.0,7460.0,7319.0,7428.39014,
2019-10-06,7422.52002,7448.89014,7121.6001,7168.27979,
2019-10-07,7168.27979,7570.0,7100.5,7493.2998,
2019-10-08,7489.4502,7599.0,7391.0097656,7479.97021,
2019-10-09,7470.2998,7920.0,7414.0097656,7833.99023,
2019-10-10,7833.99023,7869.41992,7677.99023,7815.6499,
2019-10-11,7815.6499,8024.29004,7461.12988,7500.0,
2019-10-12,7500.0,7628.97998,7490.27002,7539.18994,
2019-10-13,7539.18994,7685.0,7378.080078,7527.0097656,
2019-10-14,7525.5,7634.56982,7470.0,7579.089844,
2019-10-15,7579.080078,7633.37012,7347.069824,7400.25977,
2019-10-16,7400.25977,7421.2998,7165.20996,7228.56982,
2019-10-17,7222.14014,7311.35986,7170.0,7269.080078,
2019-10-18,7269.080078,7298.87988,7030.0,7129.33008,
2019-10-19,7124.52979,7253.93994,7050.0,7125.14014,
2019-10-20,7125.14014,7449.97998,7070.0,7386.41992,
2019-10-21,7386.41992,7494.7998,7324.0,7380.1001,
2019-10-22,7377.27979,7468.089844,7202.0097656,7219.3999,
2019-10-23,7219.3999,7249.27979,6600.35986,6726.52979,
2019-10-24,6726.52979,6769.99023,6621.0,6700.68994,
2019-10-25,6700.0097656,7948.81006,6675.0,7810.58984,
2019-10-26,7810.58984,9425.0,7793.25977,8313.88965,
2019-10-27,8313.87012,8826.54004,8187.0,8580.34961,
2019-10-28,8580.34961,8890.44043,8278.54004,8300.0,
2019-10-29,8300.0,8614.049805,8189.0,8493.11035,
2019-10-30,8498.05957,8498.2002,8103.0,8220.019531,
2019-10-31,8220.019531,8457.75977,8032.10986,8221.46973,
2019-11-01,8218.12988,8335.0,8131.0,8298.54004,
2019-11-02,8298.54004,8425.99023,8264.0,8342.67969,
2019-11-03,8342.69043,8400.0,8150.0,8253.040039,
2019-11-04,8245.33008,8605.0,8180.0,8459.86035,
2019-11-05,8463.92969,8525.0,8248.84961,8418.41016,
2019-11-06,8420.099609,8524.0,8380.0,8448.94043,
2019-11-07,8450.91992,8470.0,8218.66016,8328.50977,
2019-11-08,8328.50977,8369.7002,7865.0,7970.2002,
2019-11-09,7968.0,8065.72021,7927.89014,8003.27979,
2019-11-10,8003.27979,8298.92969,7960.0,8198.70996,
2019-11-11,8198.70996,8237.25,7809.54004,7910.99023,
2019-11-12,7910.99023,8066.0,7789.0,8003.0,
2019-11-13,8003.0,8028.5,7921.0,7967.81006,
2019-11-14,7967.7998,7985.0,7750.0,7839.81006,
2019-11-15,7833.0097656,7964.0,7611.0,7662.8999,
2019-11-16,7662.8999,7730.0,7631.5498,7683.68018,
2019-11-17,7683.68018,7830.0,7585.27979,7699.68994,
2019-11-18,7703.35986,7703.35986,7273.0,7390.0,
2019-11-19,7390.0,7421.58984,7230.0,7333.72021,
2019-11-20,7333.72021,7441.97998,7265.060059,7293.64014,
2019-11-21,7293.64014,7330.0,6705.12988,6896.75977,
2019-11-22,6896.77002,7019.9502,6153.0,6628.16992,
2019-11-23,6619.31982,6691.16016,6460.29004,6663.10986,
2019-11-24,6663.10986,6682.20996,6248.99023,6280.089844,
2019-11-25,6290.31982,6722.75,5929.83984,6481.54004,
2019-11-26,6472.68018,6679.6499,6381.0,6510.16016,
2019-11-27,6516.22021,6986.8999,6230.0097656,6848.16992,
2019-11-28,6849.81006,6968.089844,6698.97998,6762.12012,
2019-11-29,6762.12012,7145.87012,6751.68018,7047.74023,
2019-11-30,7043.39014,7113.16016,6779.1499,6874.060059,
2019-12-01,6874.060059,6877.68994,6589.0,6734.20996,
2019-12-02,6732.99023,6741.87012,6513.97021,6601.41992,
2019-12-03,6600.0097656,6687.87012,6532.27979,6592.31982,
2019-12-04,6592.64014,7029.0,6405.0,6497.52002,
2019-12-05,6489.02002,6750.0,6465.0,6668.1001,
2019-12-06,6668.1001,6886.56982,6592.97021,6832.54004,
2019-12-07,6825.0097656,6890.18018,6775.0097656,6793.1499,
2019-12-08,6792.7002,6864.66992,6689.99023,6809.47998,
2019-12-09,6809.47998,6907.87988,6582.0,6638.6001,
2019-12-10,6637.10986,6689.68994,6470.95996,6522.25,
2019-12-11,6522.25,6561.7002,6440.0,6475.12988,
2019-12-12,6475.12988,6550.0,6355.45996,6433.37988,
2019-12-13,6430.72021,6563.27979,6430.72021,6521.47021,
2019-12-14,6523.97998,6537.12988,6311.0,6366.5,
2019-12-15,6361.0097656,6472.81982,6312.62012,6397.66016,
2019-12-16,6398.3501,6406.0097656,6134.54004,6179.91016,
2019-12-17,6179.91016,6219.97998,5902.7002,5946.95996,
2019-12-18,5941.18994,6715.0,5810.0,6556.7002,
2019-12-19,6559.74023,6639.68994,6320.0,6430.22021,
2019-12-20,6430.22021,6525.0,6375.0,6492.47998,
2019-12-21,6495.68994,6497.10986,6426.62988,6456.47998,
2019-12-22,6451.45996,6792.83008,6440.0,6780.54004,
2019-12-23,6780.54004,6943.12012,6555.0,6602.9502,
2019-12-24,6600.0,6713.41016,6460.41016,6550.0,
2019-12-25,6544.20996,6559.14014,6420.0097656,6492.22998,
2019-12-26,6492.22998,6692.79004,6450.0,6489.31982,
2019-12-27,6486.0,6504.33984,6354.83984,6493.16992,
2019-12-28,6492.4502,6588.0,6478.41016,6547.77979,
2019-12-29,6541.81982,6730.0,6521.83984,6614.79004,
2019-12-30,6614.79004,6614.79004,6440.0097656,6473.31982,
2019-12-31,6473.31982,6530.049805,6341.14014,6405.0,
2020-01-01,6405.74023,6471.43994,6388.91016,6410.22021,
2020-01-02,6410.22021,6412.97998,6191.60986,6220.60986,
2020-01-03,6225.10986,6624.0,6147.0,6569.99023,
2020-01-04,6572.0,6629.0,6518.12012,6590.95996,
2020-01-05,6590.93994,6699.99023,6557.029785,6596.22998,
2020-01-06,6590.52979,6975.0,6582.7002,6935.7002,
2020-01-07,6935.91016,7377.72998,6935.91016,7326.47021,
2020-01-08,7322.75977,7590.0,7059.069824,7237.93018,
2020-01-09,7240.41992,7244.62012,6985.0,7047.02002,
2020-01-10,7045.49023,7371.52002,6929.39014,7369.6499,
2020-01-11,7369.6499,7447.97998,7200.75,7216.79004,
2020-01-12,7214.33984,7372.58984,7168.069824,7359.93994,
2020-01-13,7360.41992,7371.0,7242.0,7290.0,
2020-01-14,7290.0,7982.029785,7290.0,7949.54004,
2020-01-15,7949.54004,7990.31982,7700.0,7906.60986,
2020-01-16,7906.60986,7930.0,7701.22021,7829.99023,
2020-01-17,7826.60986,8110.97998,7784.3999,8028.75977,
2020-01-18,8021.24023,8091.56006,7951.64014,8045.7998,
2020-01-19,8040.0,8277.76953,7649.99023,7860.29004,
2020-01-20,7860.29004,7880.89014,7684.0,7782.0,
2020-01-21,7784.87988,7916.25,7633.0,7878.0097656,
2020-01-22,7878.0097656,7940.0,7738.0,7826.35986,
2020-01-23,7826.35986,7829.99023,7480.0097656,7601.56006,
2020-01-24,7601.56006,7720.75977,7457.77002,7652.58984,
2020-01-25,7652.58984,7657.029785,7502.16016,7568.58984,
2020-01-26,7568.58008,7800.0,7527.18994,7798.85986,
2020-01-27,7801.0,8149.0,7756.069824,8074.31006,
2020-01-28,8074.31006,8530.63965,8067.8501,8505.49023,
2020-01-29,8501.23047,8584.37012,8371.0,8433.90039,
2020-01-30,8431.0,8678.9502,8334.0,8622.83008,
2020-01-31,8616.55957,8640.0,8322.070312,8410.70996,
2020-02-01,8410.70996,8524.78027,8375.17969,8454.089844,
2020-02-02,8454.049805,8538.0,8260.0,8412.4502,
2020-02-03,8421.65039,8668.74023,8338.030273,8402.36035,
2020-02-04,8402.36035,8450.0,8217.019531,8299.67969,
2020-02-05,8299.54004,8879.99023,8285.62012,8739.44043,
2020-02-06,8741.73047,8969.99023,8670.0,8900.71973,
2020-02-07,8900.71973,9029.99023,8871.15039,8964.17969,
2020-02-08,8962.66016,9085.0,8835.0,9063.049805,
2020-02-09,9065.65039,9296.20996,9033.83984,9283.65039,
2020-02-10,9283.65039,9315.94043,8914.58984,9038.0097656,
2020-02-11,9028.87988,9484.25,8905.0,9419.90039,
2020-02-12,9419.91016,9619.91016,9400.019531,9532.58984,
2020-02-13,9537.99023,9700.0,9290.0,9458.30957,
2020-02-14,9458.30957,9589.99023,9340.0,9577.0097656,
2020-02-15,9574.65039,9597.0,9070.0,9159.98047,
2020-02-16,9159.98047,9301.0,8842.089844,9149.16016,
2020-02-17,9149.15039,9196.40039,8734.67969,8984.36035,
2020-02-18,8984.36035,9530.0,8914.11035,9447.019531,
2020-02-19,9448.71973,9539.99023,8656.84961,8906.58008,
2020-02-20,8900.0,8999.98047,8753.2998,8911.44043,
2020-02-21,8911.17969,9068.79004,8842.41016,8951.66992,
2020-02-22,8951.66992,8977.5498,8846.0,8921.9502,
2020-02-23,8921.9502,9229.96973,8913.86035,9190.36035,
2020-02-24,9190.36035,9227.26953,8746.30957,8916.080078,
2020-02-25,8916.080078,8950.88965,8501.80957,8560.0,
2020-02-26,8558.69043,8628.7998,7925.89014,8077.1001,
2020-02-27,8071.81982,8193.66016,7840.0,8028.62988,
2020-02-28,8028.62988,8112.25977,7676.0,7887.39014,
2020-02-29,7887.39014,7986.8999,7755.0,7755.0097656,
2020-03-01,7755.0,7947.02002,7639.99023,7724.02002,
2020-03-02,7720.4502,8084.1499,7688.27002,8024.72021,
2020-03-03,8024.72021,8038.85986,7760.6001,7845.97998,
2020-03-04,7845.97998,7933.49023,7813.60986,7880.089844,
2020-03-05,7880.089844,8213.0,7879.79004,8105.060059,
2020-03-06,8105.060059,8159.99023,7995.0097656,8119.97998,
2020-03-07,8119.97998,8166.4502,7853.35986,7894.33008,
2020-03-08,7894.41016,7894.41016,7049.3999,7079.02002,
2020-03-09,7078.27979,7216.37012,6558.0,6934.12988,
2020-03-10,6933.24023,7200.0,6814.1001,6971.60986,
2020-03-11,6971.60986,7093.52979,6727.37988,7069.7002,
2020-03-12,7069.7002,7069.7002,4280.0097656,4424.91016,
2020-03-13,4424.91992,5638.77002,3589.0,5118.20996,
2020-03-14,5148.9502,5148.9502,4571.89014,4707.25977,
2020-03-15,4707.25977,5395.0,4637.89014,4826.62012,
2020-03-16,4826.62012,4848.33984,4024.0,4527.9502,
2020-03-17,4527.9502,5074.97998,4428.02002,4882.54004,
2020-03-18,4880.0,5000.0,4600.95996,4950.68994,
2020-03-19,4950.68994,6053.47998,4850.0,5831.1001,
2020-03-20,5831.1001,6500.0,5250.0,5821.54004,
2020-03-21,5803.16016,6074.7002,5500.0,5819.74023,
2020-03-22,5819.74023,6006.56006,5406.12988,5469.41992,
2020-03-23,5469.43994,6148.0,5358.6499,6046.47021,
2020-03-24,6038.24023,6357.93018,5926.29004,6279.91016,
2020-03-25,6275.02002,6463.0,6010.93018,6165.6499,
2020-03-26,6163.45996,6247.029785,5973.4502,6136.83008,
2020-03-27,6133.33008,6230.0,5674.62012,5751.39014,
2020-03-28,5749.0,5749.0,5435.0097656,5632.56982,
2020-03-29,5630.0097656,5650.0,5284.47998,5284.47998,
2020-03-30,5284.0,5997.99023,5276.0,5805.91992,
2020-03-31,5805.91992,5946.22998,5805.52002,5840.99023,
2020-04-01,5836.31982,6132.2998,5650.0,6074.6499,
2020-04-02,6089.0,6649.97021,6013.060059,6233.81982,
2020-04-03,6237.41992,6524.91992,6139.8999,6245.52002,
2020-04-04,6246.7002,6479.0,6180.0,6368.27979,
2020-04-05,6363.79004,6396.43994,6205.1001,6287.3501,
2020-04-06,6287.3501,6814.040039,6272.25,6799.0,
2020-04-07,6805.080078,6907.81982,6500.0,6610.20996,
2020-04-08,6616.58984,6833.91992,6580.37988,6792.27002,
2020-04-09,6792.3501,6795.72998,6566.0,6686.6499,
2020-04-10,6685.45996,6698.45996,6169.43018,6298.0,
2020-04-11,6291.0097656,6370.0,6206.83984,6310.43018,
2020-04-12,6310.43018,6606.97998,6226.0097656,6334.33008,
2020-04-13,6326.79004,6332.049805,6050.18018,6289.8999,
2020-04-14,6284.2998,6389.6001,6214.0097656,6275.41992,
2020-04-15,6275.41992,6328.27979,6065.0,6081.41992,
2020-04-16,6081.37988,6634.72998,5953.56982,6537.4502,
2020-04-17,6543.49023,6599.99023,6449.069824,6484.41992,
2020-04-18,6483.47021,6715.0,6466.6499,6674.22021,
2020-04-19,6679.25,6691.18994,6520.0,6567.52002,
2020-04-20,6567.52002,6647.069824,6247.60986,6307.0,
2020-04-21,6307.0,6420.75,6271.25,6327.35986,
2020-04-22,6327.3501,6621.54004,6302.85986,6589.99023,
2020-04-23,6590.0097656,7119.040039,6501.0,6900.0,
2020-04-24,6893.27002,7049.99023,6825.0,6948.41016,
2020-04-25,6948.41016,7150.0,6891.22998,6994.5498,
2020-04-26,6990.74023,7143.93018,6975.0,7124.99023,
2020-04-27,7128.20996,7212.99023,7061.62012,7207.25977,
2020-04-28,7207.16992,7210.0,7107.62988,7180.27979,
2020-04-29,7180.0,8271.46973,7137.0,8080.1499,
2020-04-30,8073.93994,8744.99023,7682.91016,7903.39014,
2020-05-01,7894.6499,8295.0,7891.72021,8042.81982,
2020-05-02,8042.81982,8208.41992,7985.5498,8178.47998,
2020-05-03,8178.5,8366.53027,7980.0,8142.10986,
2020-05-04,8142.10986,8229.99023,7815.0,8158.4502,
2020-05-05,8147.24023,8385.95996,8100.029785,8338.30957,
2020-05-06,8338.30957,8716.90039,8242.73047,8497.05957,
2020-05-07,8497.05957,9251.0,8380.74023,9213.24023,
2020-05-08,9207.16016,9254.0,8980.099609,9065.019531,
2020-05-09,9065.019531,9159.48047,8785.0,8815.83008,
2020-05-10,8815.83008,8830.0,7623.8999,8077.77002,
2020-05-11,8069.7002,8507.58008,7605.87988,7941.68018,
2020-05-12,7941.68018,8290.0,7913.2002,8146.33008,
2020-05-13,8146.33008,8718.40039,8137.93994,8612.70996,
2020-05-14,8614.33008,9198.0,8581.37988,9043.7998,
2020-05-15,9043.7998,9090.030273,8451.0,8610.099609,
2020-05-16,8611.26953,8850.71973,8525.0,8687.37012,
2020-05-17,8687.37012,9076.25,8637.24023,8926.2002,
2020-05-18,8926.2002,9128.0,8763.40039,8914.37012,
2020-05-19,8914.37012,9030.0,8695.0,8952.019531,
2020-05-20,8952.019531,8998.15039,8550.05957,8683.94043,
2020-05-21,8683.94043,8735.33984,8041.0097656,8280.70996,
2020-05-22,8280.70996,8510.0,8188.080078,8418.58008,
2020-05-23,8418.58008,8537.0,8347.049805,8424.38965,
2020-05-24,8420.20996,8530.0,7985.0,7997.43018,
2020-05-25,7998.52002,8250.0,7928.0,8165.9502,
2020-05-26,8165.9502,8256.78027,7938.43018,8069.49023,
2020-05-27,8069.49023,8419.0,8055.64014,8355.55957,
2020-05-28,8355.55957,8669.0,8284.42969,8628.61035,
2020-05-29,8628.61035,8656.95996,8392.63965,8501.55957,
2020-05-30,8501.55957,8729.99023,8416.90039,8698.20996,
2020-05-31,8699.62988,8701.82031,8450.0,8505.17969,
2020-06-01,8505.17969,9200.0,8479.28027,9037.16016,
2020-06-02,9032.24023,9121.87012,8302.070312,8528.75,
2020-06-03,8522.38965,8633.75,8403.019531,8600.88965,
2020-06-04,8600.88965,8717.99023,8459.0097656,8647.46973,
2020-06-05,8647.46973,8703.0,8508.61035,8539.080078,
2020-06-06,8542.49023,8634.55957,8471.36035,8578.66992,
2020-06-07,8578.66992,8684.0,8343.66992,8616.49023,
2020-06-08,8616.49023,8679.99023,8531.0,8658.12988,
2020-06-09,8661.17969,8729.0,8486.0,8629.48047,
2020-06-10,8629.48047,8764.24023,8558.65039,8708.33008,
2020-06-11,8708.33008,8749.99023,8029.33984,8216.2002,
2020-06-12,8216.2002,8460.0,8191.43018,8413.070312,
2020-06-13,8413.070312,8431.40039,8314.040039,8412.80957,
2020-06-14,8412.80957,8417.0,8231.19043,8292.66016,
2020-06-15,8296.99023,8390.099609,7928.43994,8323.66016,
2020-06-16,8323.66016,8499.99023,8281.23047,8460.74023,
2020-06-17,8460.74023,8512.0,8225.0,8422.91992,
2020-06-18,8422.91992,8429.0,8275.0,8372.15039,
2020-06-19,8372.15039,8405.36035,8239.69043,8331.45996,
2020-06-20,8330.46973,8395.0,8219.25,8369.17969,
2020-06-21,8369.17969,8410.0,8302.040039,8310.7002,
2020-06-22,8310.7002,8670.0,8300.0,8574.91992,
2020-06-23,8574.91992,8599.99023,8482.0,8513.40039,
2020-06-24,8513.40039,8545.57031,8180.0,8266.66992,
2020-06-25,8266.66992,8333.11035,8025.0,8248.94043,
2020-06-26,8248.94043,8293.33984,8088.27979,8176.87012,
2020-06-27,8176.87012,8211.67969,7924.60986,8053.41992,
2020-06-28,8053.41992,8199.0,7990.29004,8138.8999,
2020-06-29,8134.74023,8204.0,8016.029785,8155.040039,
2020-06-30,8155.040039,8195.0,8090.0,8138.83984,
2020-07-01,8138.83984,8268.99023,8101.8999,8217.75977,
2020-07-02,8217.75977,8241.79004,7991.1499,8109.75977,
2020-07-03,8107.77002,8148.060059,8059.97021,8063.060059,
2020-07-04,8060.58984,8162.56982,8050.089844,8123.37012,
2020-07-05,8119.49023,8128.49023,8007.31982,8074.0097656,
2020-07-06,8073.41016,8245.9502,8052.8501,8245.9502,
2020-07-07,8242.91016,8242.91016,8195.7002,8220.66992,
2020-07-08,8220.66992,8325.95996,8220.66992,8325.95996,
2020-07-09,8325.95996,8325.95996,8196.99023,8196.99023,
2020-07-10,8196.99023,8232.59961,8179.83008,8232.59961,
2020-07-11,8232.59961,8232.59961,8170.56982,8195.98047,
2020-07-12,8193.79004,8239.99023,8169.97998,8239.99023,
2020-07-13,8239.99023,8240.0,8161.39014,8161.39014,
2020-07-14,8160.4502,8160.4502,8098.43018,8123.16016,
2020-07-15,8123.16016,8123.16016,8046.95996,8046.95996,
2020-07-16,8046.95996,8046.95996,7961.10986,8023.1499,
2020-07-17,8023.1499,8025.43994,8007.64014,8025.43994,
2020-07-18,8025.43994,8041.81982,8004.6001,8041.81982,
2020-07-19,8041.81982,8060.7998,8041.81982,8060.7998,
2020-07-20,8060.7998,8060.7998,8016.8999,8016.8999,
2020-07-21,8016.8999,8156.43994,8016.8999,8150.66016,
2020-07-22,8150.66016,8241.20996,8113.29004,8241.20996,
2020-07-23,8238.040039,8299.99023,8191.25977,8299.99023,
2020-07-24,8299.99023,8299.99023,8210.34961,8210.34961,
2020-07-25,8210.34961,8344.20996,8210.34961,8344.20996,
2020-07-26,8344.20996,8509.96973,8344.20996,8509.96973,
2020-07-27,8510.0,9216.16992,8510.0,9212.90039,
2020-07-28,9216.48047,9362.20996,9216.48047,9335.030273,
2020-07-29,9333.089844,9533.11035,9333.089844,9443.91992,
2020-07-30,9443.91992,9443.91992,9325.33008,9381.070312,
2020-07-31,9381.070312,9644.26953,9374.13965,9644.26953,
2020-08-01,9644.26953,10030.98047,9580.030273,10030.98047,
2020-08-02,10030.98047,10141.74023,9395.41016,9395.41016,
2020-08-03,9395.41016,9562.45996,9395.41016,9562.45996,
2020-08-04,9562.4502,9593.28027,9496.78027,9496.78027,
2020-08-05,9497.70996,9903.12012,9497.70996,9903.12012,
2020-08-06,9902.62012,9928.45996,9847.75,9928.45996,
2020-08-07,9928.45996,9928.45996,9741.099609,9856.7002,
2020-08-08,9857.76953,9982.49023,9857.76953,9982.49023,
2020-08-09,9982.49023,9982.49023,9909.34961,9934.070312,
2020-08-10,9934.070312,10195.66016,9934.070312,10141.0,
2020-08-11,10141.0,10141.0,9725.25977,9725.25977,
2020-08-12,9725.25977,9832.37988,9725.25977,9832.37988,
2020-08-13,9831.48047,9969.0,9667.2002,9969.0,
2020-08-14,9969.0,9988.49023,9956.24023,9956.24023,
2020-08-15,9955.40039,10015.0097656,9955.40039,10015.0097656,
2020-08-16,10015.0097656,10056.37012,9980.91016,10056.37012,
2020-08-17,10058.99023,10357.0,9979.66016,10357.0,
2020-08-18,10357.0,10357.0,10027.030273,10027.030273,
2020-08-19,10027.030273,10027.030273,9930.0097656,9945.38965,
2020-08-20,9945.38965,10043.019531,9907.83984,10004.41992,
2020-08-21,10004.54004,10014.78027,9800.030273,9800.030273,
2020-08-22,9800.030273,9910.25,9800.030273,9910.25,
2020-08-23,9910.25,9910.25,9862.24023,9890.48047,
2020-08-24,9890.48047,9986.13965,9890.48047,9986.13965,
2020-08-25,9986.13965,9986.13965,9584.83008,9599.80957,
2020-08-26,9599.80957,9691.98047,9598.66016,9691.98047,
2020-08-27,9687.83008,9687.83008,9600.0,9600.0,
2020-08-28,9600.0,9708.11035,9600.0,9708.11035,
2020-08-29,9708.11035,9708.11035,9662.91016,9662.91016,
2020-08-30,9662.91016,9833.73047,9662.91016,9833.73047,
2020-08-31,9835.26953,9835.26953,9772.44043,9772.44043,
2020-09-01,9772.44043,9998.12988,9737.78027,9998.12988,
2020-09-02,9998.12988,9998.12988,9585.030273,9646.33008,
2020-09-03,9646.33008,9667.95996,8630.0,8630.0,
2020-09-04,8628.45996,8863.34961,8628.45996,8863.34961,
2020-09-05,8863.34961,8890.28027,8525.7002,8604.25,
2020-09-06,8601.2998,8672.23047,8601.2998,8672.23047,
2020-09-07,8672.23047,8791.86035,8416.67969,8791.86035,
2020-09-08,8791.86035,8791.86035,8535.9502,8615.2002,
2020-09-09,8616.32031,8678.13965,8512.36035,8678.13965,
2020-09-10,8674.030273,8782.96973,8674.030273,8767.32031,
2020-09-11,8767.32031,8787.26953,8721.33008,8787.26953,
2020-09-12,8782.20996,8827.79004,8744.33008,8827.79004,
2020-09-13,8827.79004,8922.73047,8744.37012,8748.0,
2020-09-14,8748.0,9016.50977,8748.0,9016.50977,
2020-09-15,9014.37988,9172.44043,9014.37988,9117.29004,
2020-09-16,9117.29004,9283.75,9117.29004,9283.75,
2020-09-17,9283.75,9283.75,9224.62988,9242.75977,
2020-09-18,9242.75977,9252.4502,9207.91016,9252.4502,
2020-09-19,9252.4502,9371.20996,9252.4502,9371.20996,
2020-09-20,9369.75,9369.75,9199.42969,9235.30957,
2020-09-21,9233.32031,9233.32031,8870.2998,8870.2998,
2020-09-22,8864.23047,8999.24023,8864.23047,8999.24023,
2020-09-23,8999.5498,8999.5498,8792.99023,8792.99023,
2020-09-24,8792.99023,9194.49023,8792.99023,9194.49023,
2020-09-25,9202.71973,9202.71973,9129.40039,9197.089844,
2020-09-26,9197.089844,9245.0,9197.089844,9225.92969,
2020-09-27,9225.92969,9265.38965,9225.92969,9259.91992,
2020-09-28,9259.91992,9342.12012,9158.28027,9158.28027,
2020-09-29,9159.91992,9241.46973,9159.91992,9241.46973,
2020-09-30,9241.46973,9241.46973,9141.99023,9198.9502,
2020-10-01,9198.9502,9293.12988,9051.28027,9051.28027,
2020-10-02,9049.58008,9049.58008,8935.92969,9031.5,
2020-10-03,9028.54004,9028.54004,9010.76953,9018.30957,
2020-10-04,9018.30957,9111.55957,9018.30957,9111.55957,
2020-10-05,9111.55957,9151.32031,9084.4502,9151.32031,
2020-10-06,9151.32031,9151.32031,9044.030273,9044.030273,
2020-10-07,9044.030273,9072.19043,9021.71973,9072.19043,
2020-10-08,9067.099609,9278.32031,9042.45996,9278.32031,
2020-10-09,9282.50977,9335.55957,9230.48047,9335.55957,
2020-10-10,9335.55957,9608.58984,9335.55957,9517.33008,
2020-10-11,9517.33008,9601.79004,9517.33008,9601.79004,
2020-10-12,9601.79004,9757.2998,9601.79004,9757.2998,
2020-10-13,9757.2998,9757.2998,9712.88965,9732.87988,
2020-10-14,9732.87988,9732.87988,9702.57031,9730.41016,
2020-10-15,9731.25977,9831.54004,9731.25977,9831.54004,
2020-10-16,9828.78027,9828.78027,9666.42969,9672.87988,
2020-10-17,9672.87988,9706.040039,9672.87988,9706.040039,
2020-10-18,9706.040039,9822.70996,9706.040039,9822.70996,
2020-10-19,9825.0,9990.87988,9780.40039,9990.87988,
2020-10-20,9990.87988,10079.37988,9990.87988,10079.37988,
2020-10-21,10080.32031,11092.66992,10080.32031,10740.0,
2020-10-22,10740.0,11092.45996,10740.0,10971.51953,
2020-10-23,10966.080078,10966.080078,10857.049805,10898.21973,
2020-10-24,10891.88965,11059.5,10891.88965,11059.5,
2020-10-25,11059.5,11059.5,10967.33008,11001.91016,
2020-10-26,11001.91016,11090.2002,11001.91016,11074.41016,
2020-10-27,11071.37988,11695.17969,11071.37988,11695.17969,
2020-10-28,11695.17969,11695.17969,11319.099609,11319.099609,
2020-10-29,11319.099609,11533.05957,11278.49023,11530.0,
2020-10-30,11530.0,11738.95996,11530.0,11647.38965,
2020-10-31,11647.38965,11875.73047,11647.38965,11849.17969,
2020-11-01,11849.17969,11849.17969,11801.12012,11834.83008,
2020-11-02,11833.95996,11833.95996,11533.0,11655.53027,
2020-11-03,11655.53027,11937.58008,11528.69043,11937.58008,
2020-11-04,11940.95996,12065.95996,11725.30957,12065.95996,
2020-11-05,12065.95996,13193.030273,12065.95996,13193.030273,
2020-11-06,13196.4502,13319.99023,13127.83984,13127.83984,
2020-11-07,13127.83984,13127.83984,12391.099609,12391.099609,
2020-11-08,12387.25,12968.23047,12387.25,12968.23047,
2020-11-09,12968.23047,13149.45996,12816.41016,12967.66992,
2020-11-10,12967.66992,12995.33984,12951.15039,12959.42969,
2020-11-11,12959.42969,13322.83008,12959.42969,13322.83008,
2020-11-12,13317.11035,13813.65039,13317.11035,13813.65039,
2020-11-13,13810.019531,13810.019531,13548.4502,13794.12988,
2020-11-14,13794.12988,13794.12988,13575.71973,13601.57031,
2020-11-15,13600.20996,13616.79004,13485.41016,13485.41016,
2020-11-16,13485.41016,14086.080078,13485.41016,14086.080078,
2020-11-17,14086.080078,14887.12012,14086.080078,14887.12012,
2020-11-18,14886.49023,15011.16016,14886.49023,15011.16016,
2020-11-19,15012.95996,15032.92969,14796.55957,15032.92969,
2020-11-20,15032.92969,15735.5498,15032.92969,15735.5498,
2020-11-21,15724.36035,15826.91992,15707.83008,15752.55957,
2020-11-22,15752.55957,15752.55957,15342.12988,15537.0,
2020-11-23,15537.0,15657.040039,15463.25977,15524.7998,
2020-11-24,15514.66016,16240.0,15485.26953,16111.089844,
2020-11-25,16111.089844,16111.089844,15722.78027,15722.78027,
2020-11-26,15717.95996,15717.95996,14284.33008,14405.080078,
2020-11-27,14402.40039,14402.40039,14088.67969,14333.28027,
2020-11-28,14333.28027,14848.070312,14191.12012,14848.070312,
2020-11-29,14848.070312,15205.94043,14848.070312,15205.94043,
2020-11-30,15205.94043,16415.9707,15205.94043,16415.9707,
2020-12-01,16415.9707,16415.9707,15567.59961,15567.59961,
2020-12-02,15568.37988,15877.86035,15530.45996,15877.86035,
2020-12-03,15875.15039,16004.33984,15875.15039,16004.33984,
2020-12-04,16004.33984,16004.33984,15406.88965,15406.88965,
2020-12-05,15400.21973,15830.0,15400.21973,15830.0,
2020-12-06,15829.99023,15988.59961,15753.96973,15988.59961,
2020-12-07,15988.59961,15988.59961,15657.36035,15843.66016,
2020-12-08,15843.66016,15843.66016,15131.17969,15131.17969,
2020-12-09,15129.2998,15359.12988,15056.83984,15359.12988,
2020-12-10,15356.0,15356.0,15024.070312,15024.070312,
2020-12-11,15021.95996,15021.95996,14667.45996,14879.66016,
2020-12-12,14879.0,15540.0097656,14879.0,15540.0097656,
2020-12-13,15540.0097656,15777.83008,15540.0097656,15777.83008,
2020-12-14,15786.80957,15860.0097656,15750.30957,15860.0097656,
2020-12-15,15860.019531,15998.32031,15759.69043,15998.32031,
2020-12-16,15992.0,17492.74023,15992.0,17492.74023,
2020-12-17,17492.74023,18565.070312,17492.74023,18565.070312,
2020-12-18,18567.35938,18852.21094,18443.78906,18852.21094,
2020-12-19,18842.66016,19392.30078,18842.66016,19392.30078,
2020-12-20,19389.25,19389.25,18856.43945,19194.060547,
2020-12-21,19193.68945,19334.82031,18580.93945,18580.93945,
2020-12-22,18566.099609,19556.93945,18496.039062,19556.93945,
2020-12-23,19550.80078,19550.80078,19070.0,19070.0,
2020-12-24,19070.0,19473.41992,19020.75,19473.41992,
2020-12-25,19472.76953,20211.80078,19472.76953,20211.80078,
2020-12-26,20231.099609,21666.4707,20227.53906,21666.4707,
2020-12-27,21675.58984,23000.96094,21401.060547,21401.060547,
2020-12-28,21406.39062,22225.99023,21406.39062,22121.30078,
2020-12-29,22127.91992,22333.73047,21942.9707,22333.73047,
2020-12-30,22334.53906,23496.89062,22334.53906,23496.89062,
2020-12-31,23496.89062,23717.75977,23365.92969,23717.75977,
2021-01-01,23706.60938,24078.16992,23706.60938,24078.16992,
2021-01-02,24078.16992,26791.0097656,24078.16992,25915.89062,
2021-01-03,25907.34961,26775.050781,25645.18945,25645.18945,
2021-01-04,25644.41016,26108.56055,24420.5293,26108.56055,
2021-01-05,26115.93945,27649.060547,25260.0,27649.060547,
2021-01-06,27654.0097656,29829.57031,27523.88086,29829.57031,
2021-01-07,29838.51953,32410.80078,29838.51953,32139.30078,
2021-01-08,32148.25977,33407.16016,32148.25977,33204.87891,
2021-01-09,33170.66016,33176.26953,31998.53906,32611.56055,
2021-01-10,32611.56055,33193.39062,31045.060547,31045.060547,
2021-01-11,31015.050781,31015.050781,27712.30078,29019.84961,
2021-01-12,29000.96094,29000.96094,27898.56055,27898.56055,
2021-01-13,27898.56055,30748.44922,27686.91992,30748.44922,
2021-01-14,30739.029297,32358.68945,30354.83008,32207.35938,
2021-01-15,32167.38086,32167.38086,30479.61914,30479.61914,
2021-01-16,30479.61914,30729.66992,29799.57031,29799.57031,
2021-01-17,29823.089844,29823.089844,28796.24023,29636.74023,
2021-01-18,29636.74023,30266.53906,29094.31055,30266.53906,
2021-01-19,30282.88086,30593.84961,29583.53906,29583.53906,
2021-01-20,29583.53906,29583.53906,29036.089844,29285.83008,
2021-01-21,29260.43945,29260.43945,25366.65039,25366.65039,
2021-01-22,25366.14062,27123.91992,25366.14062,27123.91992,
2021-01-23,27110.019531,27110.019531,26377.11914,26377.11914,
2021-01-24,26377.11914,26513.0,26377.11914,26513.0,
2021-01-25,26515.88086,27213.61914,26515.88086,26612.4707,
2021-01-26,26596.050781,26846.5,26309.74023,26725.53906,
2021-01-27,26725.53906,26725.53906,25178.99023,25178.99023,
2021-01-28,25174.86914,27499.2793,25174.86914,27499.2793,
2021-01-29,27522.2207,31144.0,27522.2207,28210.2793,
2021-01-30,28210.2793,28260.46094,27737.51953,28260.46094,
2021-01-31,28260.46094,28260.46094,27349.88086,27349.88086,
2021-02-01,27349.88086,28614.91016,27349.88086,27790.53906,
2021-02-02,27790.53906,29463.0097656,27790.53906,29463.0097656,
2021-02-03,29463.0097656,31274.2793,29463.0097656,31274.2793,
2021-02-04,31262.039062,31262.039062,30929.71094,30929.71094,
2021-02-05,30911.33008,31813.18945,30911.33008,31813.18945,
2021-02-06,31813.18945,33023.58984,31813.18945,32606.50977,
2021-02-07,32600.0097656,32600.0097656,31930.41992,32270.0,
2021-02-08,32270.0,38505.71094,31875.16992,38505.71094,
2021-02-09,38533.089844,38533.089844,38349.92969,38349.92969,
2021-02-10,38349.92969,38349.92969,36943.011719,36994.19141,
2021-02-11,36994.19141,39500.0,36994.19141,39500.0,
2021-02-12,39524.51953,39544.26953,38877.0,39155.41016,
2021-02-13,39155.41016,39441.070312,39101.98047,39101.98047,
2021-02-14,39101.98047,40677.21875,39101.98047,40217.32812,
2021-02-15,40209.85156,40209.85156,39474.46875,39542.87891,
2021-02-16,39542.87891,40659.64844,39542.87891,40659.64844,
2021-02-17,40628.94922,43290.19141,40628.94922,43290.19141,
2021-02-18,43329.48047,43329.48047,42694.98828,42694.98828,
2021-02-19,42694.98828,46119.28906,42694.98828,46119.28906,
2021-02-20,46161.57031,46343.33984,45823.83984,46343.33984,
2021-02-21,46318.53906,47474.48828,46203.35938,47474.48828,
2021-02-22,47474.58984,47474.58984,43918.89844,44563.80078,
2021-02-23,44526.011719,44526.011719,39527.60156,40189.69922,
2021-02-24,40183.23047,41941.62109,39839.0,40927.60156,
2021-02-25,40888.26953,41670.050781,38752.14844,38752.14844,
2021-02-26,38789.60938,38789.60938,38408.37109,38463.94922,
2021-02-27,38463.94922,39350.83984,38367.5,38367.5,
2021-02-28,38331.41016,38500.0,36781.30859,37393.82031,
2021-03-01,37430.0,41218.92969,37430.0,41218.92969,
2021-03-02,41213.12891,41213.12891,39430.98828,40188.0,
2021-03-03,40150.46094,43396.98047,40150.46094,41850.039062,
2021-03-04,41850.0,42558.44922,40463.089844,40463.089844,
2021-03-05,40478.82812,40911.80859,39603.71875,40911.80859,
2021-03-06,40913.44922,41013.03125,40252.39844,41013.03125,
2021-03-07,41001.64062,42653.58984,41001.64062,42653.58984,
2021-03-08,42653.78125,44152.21094,42359.011719,44152.21094,
2021-03-09,44173.0,46135.53125,44173.0,46135.53125,
2021-03-10,46121.98828,47244.10938,45366.51953,46870.0,
2021-03-11,46870.0,48210.57031,46527.17188,48210.57031,
2021-03-12,48241.21094,48241.21094,47769.23047,47831.67188,
2021-03-13,47810.011719,50197.14844,47289.26953,50197.14844,
2021-03-14,50194.10156,50194.10156,49379.050781,49379.050781,
2021-03-15,49376.60156,49713.73828,46673.66016,46673.66016,
2021-03-16,46715.078125,47800.0,45655.0,47800.0,
2021-03-17,47781.19922,49124.33984,46220.12109,49124.33984,
2021-03-18,49146.67969,49146.67969,48400.48828,48400.48828,
2021-03-19,48400.48828,49218.94922,48400.48828,48808.69922,
2021-03-20,48781.60156,49452.89844,48781.60156,48907.51172,
2021-03-21,48907.51172,48907.51172,48162.57031,48305.69141,
2021-03-22,48290.71094,48294.28906,45447.23828,45447.23828,
2021-03-23,45440.92188,46847.14844,45052.96875,45972.089844,
2021-03-24,45972.089844,46993.0,44327.51172,44327.51172,
2021-03-25,44327.51172,44855.35156,43315.98828,43635.17969,
2021-03-26,43581.64844,46703.87891,43581.64844,46703.87891,
2021-03-27,46690.0,47361.48047,46585.039062,47361.48047,
2021-03-28,47346.57812,47559.67188,46685.71875,47338.39844,
2021-03-29,47310.17969,49100.0,47310.17969,48864.37109,
2021-03-30,48864.39062,50112.42188,48585.17969,50112.42188,
2021-03-31,50112.42188,50112.42188,49919.98828,50099.71094,
2021-04-01,50099.71094,50174.35156,49866.60156,49866.60156,
2021-04-02,49866.60156,50520.44141,49866.60156,50158.23828,
2021-04-03,50144.16016,50443.44141,48759.089844,48759.089844,
2021-04-04,48770.33984,49535.32812,48770.33984,49535.32812,
2021-04-05,49535.32812,50044.0,48639.011719,50044.0,
2021-04-06,50050.0,50050.0,48909.83984,48909.83984,
2021-04-07,48915.23047,48979.64062,47204.87891,47204.87891,
2021-04-08,47206.0,48749.76953,47206.0,48749.76953,
2021-04-09,48780.35156,49030.83984,48780.35156,48873.39062,
2021-04-10,48873.39062,50367.14844,48873.39062,50134.98828,
2021-04-11,50134.98828,50276.089844,49848.82812,50276.089844,
2021-04-12,50276.62109,50690.0,50219.92969,50219.92969,
2021-04-13,50219.92969,53167.10938,50219.92969,53167.10938,
2021-04-14,53175.14062,53175.14062,52575.69141,52575.69141,
2021-04-15,52570.011719,52978.98047,52467.39062,52820.80078,
2021-04-16,52826.67188,52826.67188,51269.92969,51269.92969,
2021-04-17,51269.92969,52100.0,50596.73047,50596.73047,
2021-04-18,50541.17969,50541.17969,46545.39844,47137.26953,
2021-04-19,47125.78906,47511.32031,46350.0,46350.0,
2021-04-20,46322.10156,47000.0,46322.10156,47000.0,
2021-04-21,46953.53906,46953.53906,44730.62891,44730.62891,
2021-04-22,44709.33984,45708.82812,43066.82812,43066.82812,
2021-04-23,43025.0,43025.0,40888.28906,42354.21875,
2021-04-24,42354.46875,42354.46875,41547.98828,41547.98828,
2021-04-25,41547.98828,41628.32812,40614.78906,40614.78906,
2021-04-26,40621.60156,44750.0,40621.60156,44750.0,
2021-04-27,44750.0,45569.78906,44750.0,45569.78906,
2021-04-28,45569.78906,45569.78906,44946.57031,45217.039062,
2021-04-29,45226.62109,45226.62109,44212.17188,44212.17188,
2021-04-30,44199.60938,48029.73828,44199.60938,48029.73828,
2021-05-01,48028.12109,48028.12109,47714.23047,47997.10938,
2021-05-02,47997.10938,47997.10938,47029.39844,47029.39844,
2021-05-03,47020.46875,48026.87109,47020.46875,47438.48828,
2021-05-04,47455.32031,47455.32031,44332.87891,44332.87891,
2021-05-05,44214.078125,47713.73047,44214.078125,47713.73047,
2021-05-06,47721.35156,47721.35156,46748.28906,46748.28906,
2021-05-07,46741.85156,47259.25,46741.85156,47259.25,
2021-05-08,47259.25,48400.69922,47259.25,48400.69922,
2021-05-09,48400.69922,48400.69922,47720.21094,47917.30078,
2021-05-10,47944.76172,47944.76172,45972.35156,45972.35156,
2021-05-11,45972.35156,46702.039062,45308.42188,46702.039062,
2021-05-12,46699.71094,47211.60938,41087.80078,41087.80078,
2021-05-13,41051.53906,41831.98828,40960.75,41162.64062,
2021-05-14,41167.83984,41953.83984,41107.46875,41107.46875,
2021-05-15,41109.87891,41645.92969,38527.75,38527.75,
2021-05-16,38519.87109,40281.96875,37610.41016,38142.92188,
2021-05-17,38164.94922,38164.94922,35788.89844,35788.89844,
2021-05-18,35813.12891,36977.21875,35023.32031,35112.94922,
2021-05-19,35083.69141,35083.69141,30186.060547,30186.060547,
2021-05-20,30158.42969,33269.58984,30158.42969,33269.58984,
2021-05-21,33287.48828,33881.12109,30676.5293,30676.5293,
2021-05-22,30669.75977,31437.080078,30197.5293,30819.64062,
2021-05-23,30838.75,30838.75,28086.64062,28480.019531,
2021-05-24,28503.050781,31828.7793,28503.050781,31828.7793,
2021-05-25,31848.080078,31848.080078,30714.16016,31326.74023,
2021-05-26,31326.74023,32230.58008,31192.88086,32230.58008,
2021-05-27,32236.83008,32420.66992,30793.30078,31641.41016,
2021-05-28,31643.23047,31643.23047,29305.99023,29305.99023,
2021-05-29,29310.24023,30246.51953,28362.4707,28458.82031,
2021-05-30,28472.19922,29462.78906,28472.19922,29280.060547,
2021-05-31,29272.85938,30481.82031,28460.64062,30481.82031,
2021-06-01,30469.93945,30469.93945,29448.23047,30033.23047,
2021-06-02,30025.81055,31063.7207,29866.0,30800.10938,
2021-06-03,30793.88086,32329.16992,30793.88086,32329.16992,
2021-06-04,32337.7207,32337.7207,30325.67969,30325.67969,
2021-06-05,30327.58984,30916.53906,29305.81055,29305.81055,
2021-06-06,29313.28906,29596.34961,29313.28906,29448.17969,
2021-06-07,29441.66992,29681.32031,27594.75,27594.75,
2021-06-08,27595.38086,27595.38086,26916.99023,27439.5293,
2021-06-09,27435.5293,30713.50977,27212.33008,30713.50977,
2021-06-10,30702.63086,30702.63086,30069.53906,30142.31055,
2021-06-11,30142.31055,30838.65039,30139.0097656,30838.65039,
2021-06-12,30838.65039,30838.65039,29133.94922,29410.2793,
2021-06-13,29421.81055,32191.2207,29421.81055,32191.2207,
2021-06-14,32193.019531,33469.57031,32193.019531,33423.69141,
2021-06-15,33431.14062,33431.14062,33022.23828,33153.30859,
2021-06-16,33153.30859,33257.30859,31946.86914,31946.86914,
2021-06-17,31951.63086,32899.76172,31951.63086,31981.050781,
2021-06-18,31987.57031,31987.57031,30256.25,30256.25,
2021-06-19,30262.23047,30532.69922,30011.28906,30011.28906,
2021-06-20,29978.13086,29978.13086,29603.029297,29930.93945,
2021-06-21,29930.93945,29930.93945,26550.0,26550.0,
2021-06-22,26555.21094,27586.39062,26555.21094,27236.11914,
2021-06-23,27245.9707,28685.32031,27245.9707,28236.17969,
2021-06-24,28241.099609,29049.96094,27868.53906,29049.96094,
2021-06-25,29056.32031,29352.5293,26530.5293,26530.5293,
2021-06-26,26516.7793,27089.5293,26169.75977,27089.5293,
2021-06-27,27080.11914,29036.21094,27080.11914,29036.21094,
2021-06-28,29067.82031,29067.82031,28622.25,28908.99023,
2021-06-29,28913.15039,30166.10938,28913.15039,30166.10938,
2021-06-30,30161.029297,30161.029297,29463.36914,29561.0097656,
2021-07-01,29561.0097656,29561.0097656,28042.14062,28323.93945,
2021-07-02,28296.050781,28524.30078,27940.40039,28510.060547,
2021-07-03,28484.93945,29269.99023,28461.75977,29269.99023,
2021-07-04,29874.099609,29906.19922,29761.80078,29761.80078,
2021-07-05,29753.4707,29753.4707,28397.81055,28409.50977,
2021-07-06,28402.81055,29168.35938,28402.81055,28888.88086,
2021-07-07,28963.80078,29648.74023,28673.0,28733.25,
2021-07-08,28733.25,28771.91016,27178.73047,27769.029297,
2021-07-09,27730.84961,28740.39062,27290.0,28497.23047,
2021-07-10,28509.71094,28867.26953,27855.0,28244.0097656,
2021-07-11,28244.0097656,29140.0,28111.71094,28847.10938,
2021-07-12,28847.10938,29212.34961,27551.91016,27911.98047,
2021-07-13,27900.36914,28165.80078,27343.10938,27803.15039,
2021-07-14,27792.019531,27969.11914,26840.0097656,27741.28906,
2021-07-15,27741.28906,28046.15039,26380.080078,26975.7207,
2021-07-16,26981.7207,27321.82031,26301.93945,26576.28906,
2021-07-17,26579.11914,27072.65039,26417.36914,26711.91992,
2021-07-18,26713.9707,27460.0,26400.019531,26910.029297,
2021-07-19,26910.029297,27030.089844,25756.78906,26143.11914,
2021-07-20,26140.17969,26316.0,24821.24023,25273.96094,
2021-07-21,25288.83008,27800.0,25050.0,27240.16992,
2021-07-22,27268.88086,27699.99023,26924.10938,27426.58984,
2021-07-23,27426.58984,28562.66016,27206.30078,28562.66016,
2021-07-24,28579.21094,28945.35938,28370.84961,28764.25,
2021-07-25,29187.74023,30070.0,28760.0097656,30069.92969,
2021-07-26,30060.099609,34356.0,29920.0,31555.24023,
2021-07-27,31555.23047,33468.25,30851.43945,33468.25,
2021-07-28,33468.25,34675.51953,32873.28906,33798.62891,
2021-07-29,33798.62891,34254.48828,33155.03125,33684.44141,
2021-07-30,33684.44141,35648.98047,32213.69922,35571.94922,
2021-07-31,35571.94922,35700.0,34616.35938,34947.12109,
2021-08-01,34950.039062,35860.0,33270.0,33627.23047,
2021-08-02,33624.80078,34083.87891,32608.7207,32981.5,
2021-08-03,32981.5,33517.87109,31756.57031,32200.16992,
2021-08-04,32201.85938,33757.78906,31692.67969,33569.94922,
2021-08-05,33569.94922,34946.44141,31561.26953,34506.46875,
2021-08-06,34510.0,36840.91016,33724.30078,36387.17188,
2021-08-07,36387.17188,37945.73828,36051.12109,37802.96875,
2021-08-08,37802.96875,38499.0,36683.19922,37303.41016,
2021-08-09,37303.41016,39592.23047,36445.42188,39422.60938,
2021-08-10,39422.60938,39754.66016,38092.91016,38907.89062,
2021-08-11,38907.89062,39861.53906,38691.60938,38805.011719,
2021-08-12,38792.44141,39379.98828,37311.80859,37872.57031,
2021-08-13,37863.33984,40569.89844,37720.0,40479.76172,
2021-08-14,40478.58984,40819.92188,39050.0,39930.25,
2021-08-15,39930.25,40135.12109,38659.64844,39820.019531,
2021-08-16,39820.019531,40698.35156,38800.0,38995.0,
2021-08-17,38995.0,40083.71094,37979.98047,38198.19141,
2021-08-18,38198.19141,39299.98828,37806.92188,38219.98828,
2021-08-19,38227.46875,40241.89844,37651.019531,40026.76953,
2021-08-20,40026.76953,42159.089844,39922.25,42131.96094,
2021-08-21,42131.96094,42577.37891,41326.67188,41722.98047,
2021-08-22,41722.98047,42333.0,41142.21875,42117.070312,
2021-08-23,42107.62109,43128.75,41750.0,42182.67188,
2021-08-24,42182.67188,42520.53906,40540.28906,40598.33984,
2021-08-25,40598.33984,41863.46094,40119.98828,41626.62891,
2021-08-26,41626.62891,41939.78125,39400.0,39877.44141,
2021-08-27,39877.44141,41690.0,39464.98047,41599.058594,
2021-08-28,41628.37891,41799.89844,41005.51172,41468.03125,
2021-08-29,41470.48828,42078.78125,40559.60938,41367.28906,
2021-08-30,41367.28906,41452.64844,39740.0,39834.39844,
2021-08-31,39828.60156,40810.67969,39595.92188,39903.10156,
2021-09-01,39903.10156,41466.89844,39428.94141,41222.37109,
2021-09-02,41222.37109,42510.35156,41054.82031,41520.92188,
2021-09-03,41501.91016,42934.039062,40713.60938,42079.41016,
2021-09-04,42079.41016,42589.21094,41601.96875,42009.42188,
2021-09-05,42019.55078,43616.94922,41653.71094,43522.44922,
2021-09-06,43514.14844,44470.51953,43019.85938,44391.94141,
2021-09-07,44387.39062,44569.21875,36334.0,39600.0,
2021-09-08,39628.76953,39999.0,37592.73828,38991.96875,
2021-09-09,38983.26172,40083.19922,38541.91016,39239.73047,
2021-09-10,39239.73047,39779.39844,37430.82031,38011.42188,
2021-09-11,38016.019531,39497.76172,37905.69141,38276.30859,
2021-09-12,38278.078125,39315.46875,37936.66016,38978.57031,
2021-09-13,38965.17969,39742.19922,36832.51172,38062.35156,
2021-09-14,38065.48828,40062.33984,37853.070312,39943.66016,
2021-09-15,39948.17969,41028.55859,39583.51172,40718.26953,
2021-09-16,40715.089844,41128.55859,39963.039062,40590.0,
2021-09-17,40582.21094,40920.070312,39887.011719,40345.48828,
2021-09-18,40354.92188,41644.48047,40143.91016,41233.35156,
2021-09-19,41226.03125,41285.25,39988.55078,40303.53125,
2021-09-20,40303.53125,40390.44141,36300.0,36699.17969,
2021-09-21,36694.019531,37215.28125,33768.44922,34730.0,
2021-09-22,34740.0,37499.83984,34618.73047,37299.25,
2021-09-23,37302.23828,38325.0,36879.98828,38238.89062,
2021-09-24,38227.85938,38489.039062,34765.12109,36578.69922,
2021-09-25,36577.51953,36751.37891,35614.82812,36472.67969,
2021-09-26,36472.67969,37482.55078,34864.92188,36862.41016,
2021-09-27,36862.41016,37843.078125,36023.0,36081.41016,
2021-09-28,36081.64062,36601.76953,35000.0,35138.55859,
2021-09-29,35138.55859,36555.55078,34909.25,35801.96875,
2021-09-30,35812.92969,38100.0,35709.0,37856.48828,
2021-10-01,37878.21875,41800.14844,37404.41016,41489.19141,
2021-10-02,41489.21094,41652.12891,40908.94141,41004.12109,
2021-10-03,41004.12109,42336.67188,40556.51172,41498.14062,
2021-10-04,41494.25,42585.23828,40365.98828,42370.21094,
2021-10-05,42370.21094,44729.78125,42185.67188,44375.37891,
2021-10-06,44375.37891,48123.0,43658.51953,47782.070312,
2021-10-07,47774.69922,47788.23047,46118.94141,46458.96875,
2021-10-08,46455.53125,48490.0,46362.070312,46623.10938,
2021-10-09,46665.30859,47933.25,46428.0,47457.35938,
2021-10-10,47468.28906,48779.26953,46779.58984,47299.94141,
2021-10-11,47299.94141,50016.0,47071.57812,49781.57031,
2021-10-12,49750.011719,49886.96094,46811.85938,48570.78906,
2021-10-13,48562.46875,49771.91016,47000.0,49445.26172,
2021-10-14,49445.26953,50439.019531,49011.92188,49462.51172,
2021-10-15,49451.46875,54013.12109,49020.0,53049.30078,
2021-10-16,53049.30078,53616.89062,51584.14844,52185.89062,
2021-10-17,52185.87891,53052.0,50758.87891,52924.85156,
2021-10-18,52914.0,53946.83984,51649.98047,53464.16016,
2021-10-19,53464.16016,55399.03125,52698.16016,55227.33984,
2021-10-20,55230.26953,57488.39844,54534.28906,56605.67969,
2021-10-21,56569.94141,57250.0,53354.94922,53502.46875,
2021-10-22,53502.10938,54775.51172,51615.89844,52136.57812,
2021-10-23,52136.53906,53047.80859,51299.53906,52727.011719,
2021-10-24,52722.17188,52887.85156,51202.41016,52292.69141,
2021-10-25,52289.26172,54919.35938,52098.050781,54341.57031,
2021-10-26,54347.96094,54534.26953,51654.69141,52018.23047,
2021-10-27,52038.92188,53000.0,50080.51172,50428.73047,
2021-10-28,50425.0,53407.92969,49587.64844,51889.51953,
2021-10-29,51882.67188,54500.0,51546.92188,53850.19141,
2021-10-30,53834.35938,53931.60156,52616.80859,53568.55859,
2021-10-31,53570.070312,53990.98047,52000.0,53075.12109,
2021-11-01,53074.48828,53987.0,51472.78125,52572.60156,
2021-11-02,52544.53125,55467.73047,52313.71094,54630.80078,
2021-11-03,54630.80078,54879.96875,52357.26172,54220.80078,
2021-11-04,54200.0,54361.80078,52601.35938,53221.30078,
2021-11-05,53221.30078,54246.23828,52586.39062,52832.64844,
2021-11-06,52803.058594,53360.21094,52133.71875,53310.69141,
2021-11-07,53310.69141,54794.26172,53185.92969,54777.89062,
2021-11-08,54790.60156,58494.71875,54778.96094,58295.12891,
2021-11-09,58278.10156,59106.39062,57160.0,57748.37109,
2021-11-10,57750.0,59687.87109,55000.0,56535.17969,
2021-11-11,56514.46094,57290.69922,55907.48047,56668.12891,
2021-11-12,56630.87891,57261.62891,54486.17969,56070.76953,
2021-11-13,56051.30078,56903.51172,55445.78906,56397.21875,
2021-11-14,56391.39062,57301.58984,55700.0,57289.76172,
2021-11-15,57310.87891,57964.92188,55830.60156,56019.26172,
2021-11-16,56019.57812,56019.57812,51683.089844,53148.94141,
2021-11-17,53138.71094,53841.80078,51709.73047,53378.41016,
2021-11-18,53384.85156,53869.48047,49731.75,50110.23828,
2021-11-19,50090.21875,51713.039062,49033.69141,51584.33984,
2021-11-20,51575.92969,53177.12891,51000.0,53055.58984,
2021-11-21,53055.66016,53283.82031,52001.53906,52081.42969,
2021-11-22,52074.51953,52716.32812,49583.78906,50101.46094,
2021-11-23,50101.46094,51463.80078,49299.48047,51208.62891,
2021-11-24,51201.98047,51334.80078,49921.91016,51053.35938,
2021-11-25,51032.23047,53035.82812,50911.87109,52629.85156,
2021-11-26,52638.42969,52826.28906,47419.55078,47649.26172,
2021-11-27,47649.26172,49025.0,47499.21875,48469.48828,
2021-11-28,48443.46875,50946.42969,47125.41016,50823.21875,
2021-11-29,50796.89062,52271.48828,50300.0,51222.12109,
2021-11-30,51231.94922,52077.98047,49437.32031,50237.53125,
2021-12-01,50309.76953,52145.53906,49922.14844,50559.058594,
2021-12-02,50555.10156,50708.80859,49285.23047,50030.78125,
2021-12-03,50007.69141,50964.82812,45900.0,47535.82031,
2021-12-04,47492.050781,47711.41016,37700.0,43611.30078,
2021-12-05,43604.66016,44071.64062,42274.26953,43745.98047,
2021-12-06,43769.73828,45209.64844,41806.0,44809.89844,
2021-12-07,44776.64062,46244.94922,44429.87891,44919.28125,
2021-12-08,44906.21875,45270.058594,43186.71094,44523.48047,
2021-12-09,44535.17969,44824.42969,41920.0,42141.37891,
2021-12-10,42115.92188,44307.55078,41500.0,41719.28125,
2021-12-11,41708.44141,43833.37891,41410.57812,43718.37109,
2021-12-12,43748.0,44936.71875,43086.070312,44304.17969,
2021-12-13,44304.0,44403.76172,40550.96875,41389.35938,
2021-12-14,41396.10938,43250.0,41021.60938,42968.76953,
2021-12-15,42955.019531,43857.12891,41385.10156,43288.21875,
2021-12-16,43300.73828,43799.98828,41963.82031,42032.39844,
2021-12-17,42034.10156,42398.98047,40282.39062,41070.19922,
2021-12-18,41068.76172,42133.73828,40527.80859,41681.69141,
2021-12-19,41690.62891,42963.60156,41340.53906,41530.82812,
2021-12-20,41528.69922,42170.39844,40361.75,41596.32031,
2021-12-21,41618.28906,43730.050781,41370.80859,43342.83984,
2021-12-22,43340.21875,43973.23828,42850.87891,42917.0,
2021-12-23,42920.058594,45358.89062,42417.12109,44875.58984,
2021-12-24,44876.25,45835.078125,44571.53906,44932.73828,
2021-12-25,44941.80078,45258.32812,44436.69922,44625.48047,
2021-12-26,44619.19141,45372.71875,43780.69922,44870.67969,
2021-12-27,44871.050781,45982.21875,44601.75,44760.69141,
2021-12-28,44774.76172,44780.16016,41869.71875,42050.39062,
2021-12-29,42048.37891,42644.058594,40628.87891,40930.51172,
2021-12-30,40930.51172,42397.46875,40519.12109,41638.83984,
2021-12-31,41638.83984,42969.21875,40145.60938,40652.16016,
2022-01-01,40659.78906,42205.12891,40659.78906,42024.69922,
2022-01-02,42024.87891,42238.82812,41101.19141,41650.42969,
2022-01-03,41650.42969,41923.25,40485.46094,41123.69141,
2022-01-04,41123.69141,42100.0,40417.60938,40636.21875,
2022-01-05,40636.21875,41621.73828,37601.0,38454.32031,
2022-01-06,38444.87891,38731.98047,37560.0,38174.53125,
2022-01-07,38165.14062,38220.5,35874.0,36581.14844,
2022-01-08,36581.14844,37345.76953,35735.60156,36746.91016,
2022-01-09,36740.30078,37752.78906,36333.0,36893.14844,
2022-01-10,36892.71875,37280.85156,35131.5,36920.35938,
2022-01-11,36938.14844,37991.76172,36481.0,37625.98047,
2022-01-12,37633.94141,38740.94922,37371.53125,38439.89062,
2022-01-13,38430.94141,38738.83984,36956.30859,37168.71094,
2022-01-14,37168.71094,38092.85938,36515.41016,37771.67969,
2022-01-15,37770.89844,38432.98828,37400.0,37786.76953,
2022-01-16,37781.64844,38123.85938,37386.80078,37786.0,
2022-01-17,37779.51953,37883.17188,36445.55859,37005.0,
2022-01-18,37008.078125,37717.87891,36350.019531,37419.14062,
2022-01-19,37408.33984,37573.96875,36314.28906,36750.71875,
2022-01-20,36750.71875,38360.0,35876.82031,36015.12891,
2022-01-21,35967.66016,36397.32031,31300.0,32178.60938,
2022-01-22,32155.98047,32488.78906,30000.39062,30970.98047,
2022-01-23,30976.7793,32230.59961,30566.34961,32017.34961,
2022-01-24,32017.60938,33128.92188,29175.58984,32413.48047,
2022-01-25,32413.48047,33275.48828,31584.58008,32721.67969,
2022-01-26,32721.67969,34535.73828,32267.68945,32774.76953,
2022-01-27,32774.76953,33410.57031,31677.11914,33400.0,
2022-01-28,33400.0,34113.89844,32519.46094,33891.03125,
2022-01-29,33879.39844,34772.44141,33556.23828,34320.80859,
2022-01-30,34296.89062,34446.57031,33586.55078,34016.67969,
2022-01-31,34036.78125,34502.28906,32880.73828,34303.98828,
2022-02-01,34273.17188,34916.51172,33817.82812,34360.76172,
2022-02-02,34360.76172,34505.48828,32432.76953,32697.58984,
2022-02-03,32697.58984,32889.039062,31790.13086,32641.89062,
2022-02-04,32628.92969,36422.078125,32375.46094,36308.92188,
2022-02-05,36308.92188,36643.89844,35762.55078,36235.039062,
2022-02-06,36235.039062,37202.14844,36002.039062,37039.33984,
2022-02-07,37039.33984,38962.16016,36396.87109,38335.71094,
2022-02-08,38335.71094,39819.12891,37426.62109,38605.89062,
2022-02-09,38605.89062,39272.83984,37800.0,38906.14844,
2022-02-10,38906.14844,39874.94922,37996.21094,38154.73047,
2022-02-11,38154.73047,38606.5,37010.0,37331.92188,
2022-02-12,37331.92188,37949.10156,36850.078125,37240.55859,
2022-02-13,37240.55859,37688.89062,36916.30859,37000.0,
2022-02-14,37000.0,37892.76172,36651.55859,37674.41016,
2022-02-15,37674.41016,39409.91016,37548.42188,39214.28125,
2022-02-16,39214.28125,39261.25,38179.87109,38628.39062,
2022-02-17,38628.39062,38856.21094,35304.87109,35703.28125,
2022-02-18,35703.28125,36063.0,34832.32031,35340.21094,
2022-02-19,35340.21094,35763.87891,35025.64062,35427.75,
2022-02-20,35427.75,35452.66016,33590.39844,33910.23828,
2022-02-21,33910.23828,34750.0,32589.83984,32760.34961,
2022-02-22,32760.34961,33937.69141,32200.50977,33778.19141,
2022-02-23,33778.19141,34588.46094,32838.39844,32943.03125,
2022-02-24,32943.03125,35182.48047,30577.80078,34290.30859,
2022-02-25,34290.30859,35368.5,34050.078125,34789.62109,
2022-02-26,34789.62109,35549.23047,34333.46094,34715.37891,
2022-02-27,34715.37891,35332.21094,33178.42188,33737.80859,
2022-02-28,33737.80859,39330.32812,33504.98828,38531.80078,
2022-03-01,38531.80078,40271.078125,38318.35938,39920.0,
2022-03-02,39920.0,40787.92188,39053.050781,39526.039062,
2022-03-03,39526.039062,39789.12109,37800.011719,38388.0,
2022-03-04,38388.0,39713.69141,35366.55078,35847.58984,
2022-03-05,35847.58984,37991.19141,35348.35156,36065.73047,
2022-03-06,35468.39844,36306.64062,34923.10156,35343.51953,
2022-03-07,35343.51953,36375.53125,34303.14062,35036.28125,
2022-03-08,35359.070312,35998.21094,34900.89844,35589.57031,
2022-03-09,35589.57031,38765.12891,35482.87891,37873.75,
2022-03-10,37873.75,38022.0,34963.94922,35828.39062,
2022-03-11,35828.39062,36454.078125,34801.67188,35526.69141,
2022-03-12,35526.69141,36098.039062,35465.19922,35582.019531,
2022-03-13,35582.019531,36015.011719,34432.83984,34609.75,
2022-03-14,34609.75,36453.89844,34432.19141,36261.67969,
2022-03-15,36261.67969,36384.17969,34802.98047,35838.78125,
2022-03-16,35838.78125,37992.42969,35501.82031,37319.30859,
2022-03-17,37319.32031,37556.46094,36475.89844,36886.73828,
2022-03-18,36886.73828,38295.39844,36291.058594,37778.19922,
2022-03-19,37778.19922,38337.96094,37578.26172,38184.0,
2022-03-20,38182.46875,38258.75,36985.19922,37353.98828,
2022-03-21,37363.53906,37668.87891,36661.78125,37259.050781,
2022-03-22,37275.23047,39378.37891,37152.48828,38429.32031,
2022-03-23,38419.85156,39064.71094,37917.0,39003.53906,
2022-03-24,38979.75,40244.23047,38859.30859,39943.67969,
2022-03-25,39967.21094,40939.44141,39572.82031,40358.23047,
2022-03-26,40358.23047,40790.75,40166.26953,40566.62109,
2022-03-27,40567.46875,42729.26172,40482.011719,42646.53125,
2022-03-28,42646.53125,43889.62109,42485.82031,42875.41016,
2022-03-29,42913.69141,43459.44922,42346.019531,42796.42188,
2022-03-30,42784.19922,42862.23828,41986.60156,42172.12891,
2022-03-31,42139.83984,42897.19141,40856.17969,41138.89062,
2022-04-01,41138.89062,42345.16016,39990.0,41889.37891,
2022-04-02,41889.37891,42679.87891,41314.58984,41466.14062,
2022-04-03,41466.14062,42924.98828,41278.25,42036.75,
2022-04-04,42036.75,42722.0,41189.37891,42478.44922,
2022-04-05,42478.28906,43048.87109,41647.058594,41712.050781,
2022-04-06,41712.050781,41835.82031,39581.62109,39624.011719,
2022-04-07,39620.55078,40269.14062,39219.98047,40005.82812,
2022-04-08,40022.82031,40481.85156,38742.25,38882.0,
2022-04-09,38882.0,39393.33984,38745.0,39380.17188,
2022-04-10,39353.67969,39851.89844,38508.80859,38685.5,
2022-04-11,38676.82812,38950.91016,36101.12891,36309.92969,
2022-04-12,36309.92969,37441.30859,36152.32812,37018.94922,
2022-04-13,37018.89062,38143.078125,36583.53906,37756.51953,
2022-04-14,37770.60156,38177.050781,36562.35156,36913.89844,
2022-04-15,36910.019531,37731.92969,36800.67188,37542.67188,
2022-04-16,37542.67188,37669.82812,37045.058594,37403.58984,
2022-04-17,37403.58984,37587.76172,36581.82812,36731.10938,
2022-04-18,36709.75,38116.21094,35750.12891,37860.5,
2022-04-19,37860.5,38701.92188,37590.0,38454.33984,
2022-04-20,38454.33984,38968.39062,37731.67969,38147.35156,
2022-04-21,38147.35156,39450.51172,36737.87891,37379.39844,
2022-04-22,37372.44141,37752.83984,36324.55078,36787.53906,
2022-04-23,36787.53906,37077.78125,36418.078125,36576.67188,
2022-04-24,36576.67188,37008.98047,36136.76172,36532.10156,
2022-04-25,36532.10156,37899.98828,35578.33984,37747.58984,
2022-04-26,37764.37109,38177.51172,35472.76953,35837.25,
2022-04-27,35837.25,37395.19141,35633.69141,37169.44141,
2022-04-28,37169.44141,38451.44922,37002.37109,37846.64844,
2022-04-29,37848.48828,37914.87891,36197.10156,36606.73047,
2022-04-30,36606.73047,36799.39844,35708.12109,35750.55859,
2022-05-01,35747.55078,36673.48828,35512.39062,36488.55859,
2022-05-02,36488.55859,37227.62109,36257.17969,36651.12109,
2022-05-03,36651.12109,36769.92969,35665.37109,35847.78125,
2022-05-04,35847.87891,37718.78125,35774.41016,37359.71875,
2022-05-05,37363.55078,37524.64062,34334.5,34684.37109,
2022-05-06,34678.35938,34773.82812,33374.73047,34139.85938,
2022-05-07,34139.85938,34266.98047,33031.46094,33636.10156,
2022-05-08,33630.94922,33659.80078,32010.0,32348.11914,
2022-05-09,32348.11914,32522.34961,28489.85938,28489.85938,
2022-05-10,28517.25,30919.10938,28210.10938,29453.58008,
2022-05-11,29447.83984,30415.33984,26372.11914,27491.30078,
2022-05-12,27491.30078,28687.0,24291.2793,27915.21094,
2022-05-13,27915.21094,29800.0,27609.53906,28099.51953,
2022-05-14,28099.51953,29088.15039,27511.5,28885.71094,
2022-05-15,28885.74023,30182.0,28309.84961,30054.19922,
2022-05-16,30054.19922,30092.48047,27902.0097656,28570.0,
2022-05-17,28570.0,29311.88086,27980.24023,28840.41992,
2022-05-18,28847.32031,29044.46094,27321.86914,27392.25,
2022-05-19,27392.25,28801.63086,27328.80078,28614.49023,
2022-05-20,28614.49023,29013.50977,27220.0,27622.2793,
2022-05-21,27622.2793,28035.78906,27406.5,27833.26953,
2022-05-22,27833.26953,28779.88086,27660.42969,28622.50977,
2022-05-23,28622.50977,28873.89062,27032.67969,27221.099609,
2022-05-24,27221.099609,27742.46094,26719.99023,27603.089844,
2022-05-25,27603.089844,28151.41992,27500.0,27625.66992,
2022-05-26,27622.68945,27913.73047,26178.66016,27168.98047,
2022-05-27,27193.089844,27345.39062,26351.75,26623.46094,
2022-05-28,26623.46094,27230.2793,26554.029297,27021.44922,
2022-05-29,27021.44922,27538.050781,26846.0,27438.84961,
2022-05-30,27445.66016,29811.0,27280.0097656,29445.88086,
2022-05-31,29424.099609,30157.78906,29167.78906,29610.5293,
2022-06-01,29598.50977,29788.050781,27561.7207,27956.9707,
2022-06-02,27961.10938,28530.41992,27636.41992,28320.080078,
2022-06-03,28314.070312,28512.78906,27321.59961,27716.66992,
2022-06-04,27716.66992,27948.40039,27503.88086,27840.42969,
2022-06-05,27840.42969,28144.92969,27550.0,27888.30078,
2022-06-06,27888.30078,29648.59961,27849.53906,29331.7207,
2022-06-07,29328.78906,29464.59961,27357.49023,29079.060547,
2022-06-08,29080.50977,29235.23047,27905.56055,28172.75977,
2022-06-09,28164.39062,28613.66992,27888.40039,28323.0,
2022-06-10,28323.0,28519.25,27437.31055,27642.9707,
2022-06-11,27642.2207,27969.5293,26739.99023,27007.51953,
2022-06-12,26970.48047,27129.38086,25329.099609,25329.099609,
2022-06-13,25360.15039,25585.30078,21100.11914,21539.2207,
2022-06-14,21548.33984,22345.28906,20047.56055,21207.25,
2022-06-15,21227.84961,21755.2793,19169.42969,21585.58984,
2022-06-16,21580.41016,21930.41992,19161.61914,19332.60938,
2022-06-17,19332.60938,20292.089844,19196.060547,19477.91016,
2022-06-18,19491.32031,19776.089844,16784.73047,18059.23047,
2022-06-19,18059.23047,19828.23047,17114.17969,19597.63086,
2022-06-20,19597.63086,19921.66016,18703.36914,19542.070312,
2022-06-21,19542.070312,20547.99023,19310.13086,19657.17969,
2022-06-22,19662.69922,19733.90039,18700.83008,18884.88086,
2022-06-23,18897.65039,20143.58008,18805.0,20037.82031,
2022-06-24,20037.82031,20388.2793,19648.78906,20082.0,
2022-06-25,20082.0,20438.55078,19816.11914,20370.58984,
2022-06-26,20370.58984,20725.029297,19848.0097656,19902.50977,
2022-06-27,19904.029297,20309.57031,19386.35938,19566.34961,
2022-06-28,19562.94922,20027.63086,19174.94922,19249.11914,
2022-06-29,19249.11914,19529.33008,18840.0,19224.38086,
2022-06-30,19228.55078,19270.80078,17806.91992,19028.33008,
2022-07-01,19028.33008,19834.5293,18176.66992,18461.0,
2022-07-02,18461.0,18630.44922,18215.25977,18439.56055,
2022-07-03,18439.56055,18824.2793,18019.58008,18486.23047,
2022-07-04,18486.17969,19440.58008,18250.0,19358.67969,
2022-07-05,19358.67969,20131.68945,18751.51953,19653.58008,
2022-07-06,19658.2207,20260.14062,19249.61914,20168.85938,
2022-07-07,20168.85938,21482.10938,19830.13086,21280.68945,
2022-07-08,21280.68945,21970.5293,20905.0,21203.0,
2022-07-09,21203.0,21566.060547,20956.029297,21184.36914,
2022-07-10,21184.36914,21206.41016,20293.31055,20490.75977,
2022-07-11,20490.75977,20563.060547,19793.15039,19863.41016,
2022-07-12,19863.41016,20010.060547,19173.75,19229.50977,
2022-07-13,19229.50977,20175.40039,18902.66016,20151.23047,
2022-07-14,20172.68945,20827.36914,19607.11914,20518.28906,
2022-07-15,20518.28906,20997.41992,20329.21094,20652.46094,
2022-07-16,20650.46094,21402.19922,20318.2207,21035.9707,
2022-07-17,21035.9707,21475.26953,20565.13086,20586.92969,
2022-07-18,20586.92969,22394.7793,20577.0,22190.33984,
2022-07-19,22190.33984,23245.90039,21178.51953,22890.070312,
2022-07-20,22869.0,23792.050781,22411.80078,22807.41992,
2022-07-21,22807.41992,22997.19922,21962.43945,22649.019531,
2022-07-22,22653.19922,23271.0,22046.75,22229.11914,
2022-07-23,22229.11914,22544.50977,21517.0,22008.21094,
2022-07-24,22008.21094,22528.41016,21821.42969,22142.78906,
2022-07-25,22142.78906,22228.050781,20809.0,20845.56055,
2022-07-26,20845.56055,21010.14062,20401.91992,21002.31055,
2022-07-27,21010.14062,22575.050781,20752.61914,22499.94922,
2022-07-28,22499.94922,23740.0,22273.5293,23411.11914,
2022-07-29,23411.11914,23840.98047,23053.0,23273.14062,
2022-07-30,23273.14062,24076.5,23012.30078,23145.0097656,
2022-07-31,23145.0097656,23658.73047,22763.39062,22836.82031,
2022-08-01,22850.85938,22932.7207,22308.11914,22694.029297,
2022-08-02,22694.029297,23012.86914,22134.16992,22630.16992,
2022-08-03,22630.16992,23217.7207,22345.90039,22500.14062,
2022-08-04,22500.15039,22831.070312,21914.26953,22069.51953,
2022-08-05,22068.38086,22944.0,22060.5,22877.070312,
2022-08-06,22877.070312,22934.0,22520.029297,22528.36914,
2022-08-07,22528.36914,22984.0,22445.34961,22784.16992,
2022-08-08,22784.94922,23761.65039,22781.73047,23347.24023,
2022-08-09,23347.24023,23454.099609,22379.94922,22674.7793,
2022-08-10,22674.7793,23508.86914,22239.029297,23256.7207,
2022-08-11,23256.7207,24039.90039,23136.25977,23205.039062,
2022-08-12,23207.53906,23822.33984,22951.15039,23780.88086,
2022-08-13,23780.88086,24237.82031,23682.73047,23842.5293,
2022-08-14,23842.5293,24409.24023,23564.40039,23701.16992,
2022-08-15,23701.16992,24590.0,23350.0,23699.48047,
2022-08-16,23699.48047,23877.25977,23270.75,23475.58984,
2022-08-17,23475.58984,24031.31055,22784.0,22937.070312,
2022-08-18,22937.070312,23236.25,22870.30078,22988.99023,
2022-08-19,22992.10938,22994.61914,20719.26953,20747.42969,
2022-08-20,20755.029297,21285.4707,20687.35938,21062.93945,
2022-08-21,21062.93945,21645.99023,21000.0,21441.66992,
2022-08-22,21441.66992,21647.15039,20897.19922,21546.85938,
2022-08-23,21546.85938,21712.92969,21063.25,21586.23047,
2022-08-24,21586.23047,21949.5293,21256.74023,21435.7793,
2022-08-25,21435.7793,21816.21094,21360.0,21636.41016,
2022-08-26,21636.41016,21784.15039,20199.25,20328.73047,
2022-08-27,20331.46094,20457.81055,19910.0,20123.98047,
2022-08-28,20123.98047,20234.0,19646.65039,19662.4707,
2022-08-29,19668.28906,20405.57031,19668.28906,20274.90039,
2022-08-30,20271.050781,20569.15039,19516.90039,19755.16016,
2022-08-31,19755.16016,20439.39062,19750.19922,19974.81055,
2022-09-01,19974.81055,20280.0,19682.5,20228.56055,
2022-09-02,20228.56055,20411.80078,19849.0,20054.83984,
2022-09-03,20054.83984,20143.17969,19756.91992,19913.57031,
2022-09-04,19921.21094,20183.5293,19686.84961,20171.7207,
2022-09-05,20171.7207,20203.080078,19790.59961,19886.68945,
2022-09-06,19886.68945,20248.81055,18910.14062,18980.39062,
2022-09-07,18997.029297,19444.18945,18767.64062,19292.16016,
2022-09-08,19292.16016,19451.93945,19088.46094,19308.5293,
2022-09-09,19303.39062,21460.64062,19229.5293,21262.59961,
2022-09-10,21262.59961,21687.40039,21019.60938,21548.80078,
2022-09-11,21534.25977,21685.58984,21256.10938,21642.63086,
2022-09-12,21689.65039,22214.0,21404.90039,22100.0,
2022-09-13,22100.0,22345.66992,19956.75,20209.42969,
2022-09-14,20218.28906,20540.039062,19658.050781,20259.25977,
2022-09-15,20259.25977,20404.44922,19547.5293,19725.61914,
2022-09-16,19727.89062,19944.93945,19334.25977,19777.019531,
2022-09-17,19777.019531,20160.25977,19743.7207,20094.21094,
2022-09-18,20100.31055,20100.31055,19335.9707,19383.67969,
2022-09-19,19383.67969,19624.0,18333.0,19484.32031,
2022-09-20,19484.32031,19556.33984,18806.82031,18932.23047,
2022-09-21,18932.23047,20094.96094,18466.75,18809.32031,
2022-09-22,18790.64062,19823.25977,18704.94922,19715.0,
2022-09-23,19720.050781,20008.68945,19054.91016,19897.49023,
2022-09-24,19897.49023,19908.83984,19400.0,19516.74023,
2022-09-25,19516.74023,19752.91992,19263.2793,19412.25977,
2022-09-26,19412.25977,20009.99023,19359.66992,19979.60938,
2022-09-27,19979.60938,21128.64062,19650.36914,19900.0,
2022-09-28,19900.0,20293.96094,19365.38086,19986.0,
2022-09-29,19986.0,20229.17969,19374.49023,19932.36914,
2022-09-30,19927.38086,20586.0,19633.99023,19818.41992,
2022-10-01,19818.41992,19876.56055,19591.83008,19698.75977,
2022-10-02,19698.75977,19791.61914,19317.98047,19457.93945,
2022-10-03,19454.68945,20035.7793,19392.78906,19962.0,
2022-10-04,19962.0,20467.83984,19871.76953,20381.58984,
2022-10-05,20376.13086,20577.31055,20068.55078,20350.7207,
2022-10-06,20350.7207,20632.68945,20222.41992,20393.4707,
2022-10-07,20395.31055,20483.60938,19800.0,20052.86914,
2022-10-08,20069.0,20156.34961,19787.0,19935.83008,
2022-10-09,19940.60938,20075.26953,19849.66992,19973.42969,
2022-10-10,19973.42969,20050.070312,19633.96094,19712.78906,
2022-10-11,19707.25977,19808.56055,19456.2793,19645.15039,
2022-10-12,19645.039062,19790.55078,19592.36914,19733.4707,
2022-10-13,19733.4707,19933.2793,18850.0,19840.33008,
2022-10-14,19840.33008,20343.38086,19633.11914,19739.019531,
2022-10-15,19739.019531,19770.7793,19556.11914,19620.5293,
2022-10-16,19620.5293,19967.23047,19620.5293,19772.91992,
2022-10-17,19772.91992,20091.76953,19668.66992,19856.35938,
2022-10-18,19856.35938,19981.17969,19408.50977,19609.81055,
2022-10-19,19606.92969,19712.5293,19491.58984,19589.36914,
2022-10-20,19589.36914,19664.43945,19384.73047,19482.90039,
2022-10-21,19482.90039,19562.0097656,19188.4707,19447.24023,
2022-10-22,19447.24023,19534.40039,19388.88086,19492.88086,
2022-10-23,19488.76953,19953.070312,19379.9707,19844.17969,
2022-10-24,19840.17969,19881.41992,19441.78906,19556.56055,
2022-10-25,19556.56055,20474.35938,19473.88086,20164.60938,
2022-10-26,20164.60938,20941.67969,20144.96094,20544.060547,
2022-10-27,20544.060547,20771.0,20271.16016,20349.61914,
2022-10-28,20357.2207,20877.69922,20136.0097656,20664.84961,
2022-10-29,20664.84961,21129.24023,20637.71094,20875.25977,
2022-10-30,20875.25977,20996.49023,20625.63086,20721.91016,
2022-10-31,20721.91016,20956.21094,20476.34961,20736.75977,
2022-11-01,20734.24023,20826.76953,20500.0,20740.060547,
2022-11-02,20739.88086,20912.4707,20439.0,20532.029297,
2022-11-03,20532.029297,20843.7207,20506.2207,20729.85938,
2022-11-04,20729.85938,21412.94922,20690.53906,21237.66016,
2022-11-05,21237.66016,21553.66016,21180.18945,21363.40039,
2022-11-06,21363.40039,21446.28906,21034.91992,21069.98047,
2022-11-07,21061.61914,21211.10938,20363.089844,20555.71094,
2022-11-08,20569.66016,20638.75,17254.56055,18406.48047,
2022-11-09,18406.48047,18491.67969,15583.19043,15858.84961,
2022-11-10,15858.84961,17762.73047,15756.13965,17247.43945,
2022-11-11,17247.43945,17335.33008,15960.0,16425.34961,
2022-11-12,16414.0097656,16459.59961,16047.29004,16184.4502,
2022-11-13,16184.4502,16315.83008,15620.0,15774.83008,
2022-11-14,15774.83008,16609.51953,15329.0,16074.91016,
2022-11-15,16074.91016,16447.76953,16010.0,16301.75,
2022-11-16,16301.75,16387.16992,15756.099609,15903.69043,
2022-11-17,16056.19043,16170.0,15828.50977,16116.070312,
2022-11-18,16234.15039,16250.0,16002.91992,16105.9502,
2022-11-19,16110.34961,16268.16992,16063.78027,16154.32031,
2022-11-20,16154.32031,16205.29004,15679.40039,15747.17969,
2022-11-21,15747.17969,15857.37012,15135.44043,15391.91992,
2022-11-22,15385.38965,15815.71973,15224.19043,15691.080078,
2022-11-23,15706.33984,16133.51953,15663.2998,15944.019531,
2022-11-24,15928.7998,16094.49023,15796.45996,15949.41992,
2022-11-25,15949.41992,15949.41992,15690.58008,15853.57031,
2022-11-26,15855.80957,16041.73047,15756.019531,15816.83984,
2022-11-27,15816.83984,15986.32031,15811.71973,15847.44043,
2022-11-28,15842.75,15879.21973,15423.019531,15666.41016,
2022-11-29,15665.83984,15982.66016,15553.19043,15918.089844,
2022-11-30,15918.089844,16540.68945,15900.54004,16472.080078,
2022-12-01,16469.9707,16517.92969,16040.21973,16123.90039,
2022-12-02,16134.5498,16242.26953,16047.75977,16228.48047,
2022-12-03,16231.0,16280.0,16016.0,16042.5498,
2022-12-04,16042.5498,16290.37012,16040.55957,16235.42969,
2022-12-05,16235.42969,16489.0,16098.75977,16165.92969,
2022-12-06,16166.42969,16335.0,16096.62012,16324.33984,
2022-12-07,16324.33984,16378.7002,15938.83008,16012.7002,
2022-12-08,16012.7002,16369.12988,15966.41016,16311.41016,
2022-12-09,16306.7002,16369.2998,16209.61035,16250.98047,
2022-12-10,16252.53027,16340.29004,16228.33008,16243.29004,
2022-12-11,16248.73047,16380.73047,16213.90039,16243.61035,
2022-12-12,16235.73047,16346.4502,16019.30957,16314.37012,
2022-12-13,16314.36035,16946.99023,16201.26953,16722.7207,
2022-12-14,16722.7207,17189.23047,16570.61914,16667.40039,
2022-12-15,16667.40039,16718.23047,16256.40039,16303.54004,
2022-12-16,16303.54004,16467.68945,15620.0,15714.05957,
2022-12-17,15714.05957,15857.58008,15666.12988,15841.62988,
2022-12-18,15841.62988,15880.59961,15740.0,15815.24023,
2022-12-19,15812.9502,15856.41016,15393.98047,15489.58984,
2022-12-20,15489.58984,16005.73047,15458.25,15910.37012,
2022-12-21,15910.37012,15940.75977,15760.0,15849.96973,
2022-12-22,15849.96973,15887.66016,15654.0,15865.7002,
2022-12-23,15865.7002,15937.34961,15782.20996,15788.030273,
2022-12-24,15788.030273,15858.05957,15785.76953,15833.50977,
2022-12-25,15833.50977,15859.75977,15740.0,15839.49023,
2022-12-26,15839.49023,15912.44043,15795.33008,15889.41016,
2022-12-27,15889.33984,15938.28027,15569.0,15693.33984,
2022-12-28,15693.33984,15735.15039,15508.5498,15554.33008,
2022-12-29,15554.26953,15637.62012,15505.0097656,15596.74023,
2022-12-30,15596.74023,15601.86035,15319.0,15506.46973,
2022-12-31,15506.46973,15527.37012,15363.5,15428.70996,
2023-01-01,15426.55957,15524.83008,15397.030273,15513.99023,
2023-01-02,15513.99023,15697.58008,15450.2998,15602.76953,
2023-01-03,15604.16016,15890.62988,15587.83008,15804.080078,
2023-01-04,15804.080078,16015.74023,15771.48047,15883.0,
2023-01-05,15883.0,16028.49023,15800.0097656,15991.9502,
2023-01-06,15991.9502,16015.46973,15809.33984,15911.87012,
2023-01-07,15911.87012,15939.79004,15881.63965,15916.2998,
2023-01-08,15916.2998,16072.67969,15885.25977,16057.91016,
2023-01-09,16057.91016,16187.24023,15959.25977,16012.29004,
2023-01-10,16012.29004,16292.15039,15988.11035,16248.62988,
2023-01-11,16248.62988,16700.039062,16097.61035,16655.32031,
2023-01-12,16661.11914,17580.089844,16639.90039,17364.74023,
2023-01-13,17364.74023,18461.0,17250.0,18407.90039,
2023-01-14,18407.90039,19634.019531,18368.5,19334.74023,
2023-01-15,19334.74023,19372.88086,18955.21094,19284.7207,
2023-01-16,19284.7207,19810.17969,19120.0,19541.80078,
2023-01-17,19569.51953,19840.99023,19295.99023,19598.67969,
2023-01-18,19601.83984,19845.86914,18855.91992,19135.16992,
2023-01-19,19135.16992,19556.41992,19119.40039,19459.31055,
2023-01-20,19459.31055,20934.32031,19278.84961,20892.34961,
2023-01-21,20892.34961,21532.64062,20700.28906,20981.75,
2023-01-22,20981.75,21249.86914,20527.53906,20915.0,
2023-01-23,20915.0,21318.16992,20758.61914,21088.75,
2023-01-24,21088.75,21283.9707,20680.089844,20791.36914,
2023-01-25,20791.36914,21786.99023,20533.5,21139.070312,
2023-01-26,21139.070312,21311.0,20970.0,21130.73047,
2023-01-27,21130.73047,21602.35938,20755.050781,21241.91992,
2023-01-28,21241.91992,21332.83984,21072.080078,21202.9707,
2023-01-29,21202.9707,22024.51953,21161.019531,21849.65039,
2023-01-30,21849.65039,21887.84961,20750.0,21050.060547,
2023-01-31,21050.060547,21443.35938,20939.67969,21298.91016,
2023-02-01,21298.91016,21671.23047,20935.7207,21542.21094,
2023-02-02,21542.21094,22094.78906,21428.41016,21500.89062,
2023-02-03,21494.40039,21857.4707,21382.0,21706.53906,
2023-02-04,21702.42969,21844.92969,21542.80078,21603.080078,
2023-02-05,21603.080078,21693.93945,21109.41992,21262.19922,
2023-02-06,21262.19922,21568.48047,20977.66016,21212.60938,
2023-02-07,21212.60938,21714.28906,21203.0097656,21658.34961,
2023-02-08,21658.34961,21825.63086,21142.0,21429.36914,
2023-02-09,21429.36914,21463.41016,20214.53906,20299.33984,
2023-02-10,20299.33984,20464.67969,20120.33984,20264.11914,
2023-02-11,20264.11914,20528.5293,20244.40039,20492.65039,
2023-02-12,20492.65039,20700.0,20281.21094,20410.089844,
2023-02-13,20405.81055,20505.25,19958.48047,20307.41016,
2023-02-14,20307.41016,20741.63086,20112.13086,20689.86914,
2023-02-15,20683.5,22749.10938,20568.78906,22737.23047,
2023-02-16,22737.23047,23642.81055,22049.61914,22057.7207,
2023-02-17,22080.40039,23393.49023,21897.83008,22970.19922,
2023-02-18,22970.19922,23242.43945,22853.46094,23026.0,
2023-02-19,23026.0,23521.78906,22700.0,22740.59961,
2023-02-20,22729.2207,23496.65039,22329.0,23243.050781,
2023-02-21,23239.51953,23555.0,22690.81055,22952.4707,
2023-02-22,22952.4707,22973.34961,22200.25977,22807.38086,
2023-02-23,22807.38086,23152.82031,22267.65039,22595.24023,
2023-02-24,22595.24023,22750.0,21731.32031,21997.16992,
2023-02-25,21997.16992,22018.75977,21623.16016,22007.51953,
2023-02-26,22003.25977,22457.39062,21902.92969,22331.33984,
2023-02-27,22331.33984,22546.60938,21813.74023,22154.16016,
2023-02-28,22154.16016,22241.51953,21778.69922,21865.13086,
2023-03-01,21865.13086,22525.0,21788.4707,22154.38086,
2023-03-02,22169.55078,22295.099609,21902.36914,22143.23047,
2023-03-03,22143.23047,22152.7207,20810.66016,21016.5,
2023-03-04,21016.5,21077.38086,20870.2793,21026.63086,
2023-03-05,21026.58008,21285.71094,20922.74023,21111.7793,
2023-03-06,21111.7793,21185.13086,20918.48047,20965.0097656,
2023-03-07,20969.7793,21135.66992,20740.90039,21032.60938,
2023-03-08,21032.60938,21115.75,20485.78906,20577.28906,
2023-03-09,20578.060547,20669.5293,18954.81055,19256.85938,
2023-03-10,19256.85938,19256.85938,18488.7207,18969.92969,
2023-03-11,18969.92969,19555.83984,18655.14062,19255.5,
2023-03-12,19255.5,20645.58984,19114.66992,20614.21094,
2023-03-13,20614.21094,22666.25,20160.26953,22289.2793,
2023-03-14,22287.58984,24490.0,22200.43945,23003.55078,
2023-03-15,23003.55078,23831.60938,22616.68945,23004.42969,
2023-03-16,23004.42969,23731.28906,22844.2793,23599.31055,
2023-03-17,23588.25977,26055.83008,23493.0097656,25684.57031,
2023-03-18,25684.57031,25976.90039,24938.050781,25244.99023,
2023-03-19,25244.99023,26642.19922,25169.88086,26237.33984,
2023-03-20,26237.33984,26776.0,25518.57031,25928.64062,
2023-03-21,25931.2793,26456.76953,25603.59961,26187.83984,
2023-03-22,26187.83984,26740.0,24561.75977,25144.85938,
2023-03-23,25144.85938,26416.28906,24983.90039,26171.19922,
2023-03-24,26171.19922,26274.75977,25151.50977,25576.80078,
2023-03-25,25574.92969,25846.75977,25289.46094,25573.58008,
2023-03-26,25575.73047,26182.53906,25530.4707,25983.96094,
2023-03-27,25984.14062,26049.74023,24662.82031,25122.64062,
2023-03-28,25122.64062,25373.49023,24657.41992,25165.71094,
2023-03-29,25174.24023,26422.089844,25148.69922,26144.63086,
2023-03-30,26144.63086,26904.91016,25454.93945,25727.86914,
2023-03-31,25727.86914,26394.94922,25349.59961,26261.46094,
2023-04-01,26256.43945,26554.14062,26095.66016,26260.25,
2023-04-02,26260.25,26315.51953,25749.38086,26097.40039,
2023-04-03,26097.40039,26249.41992,25000.0,25510.41016,
2023-04-04,25510.41016,26077.83008,25383.91992,25715.49023,
2023-04-05,25715.49023,26250.0,25510.75977,25846.71094,
2023-04-06,25846.71094,25846.71094,25465.98047,25696.56055,
2023-04-07,25696.56055,25773.029297,25483.4707,25616.38086,
2023-04-08,25616.38086,25853.88086,25572.68945,25680.43945,
2023-04-09,25682.78906,26199.80078,25530.0,25972.74023,
2023-04-10,25972.74023,27388.75977,25900.0,27269.39062,
2023-04-11,27274.63086,27984.65039,27229.5293,27678.99023,
2023-04-12,27678.99023,27792.41016,27104.84961,27200.68945,
2023-04-13,27200.68945,27660.49023,27192.63086,27518.089844,
2023-04-14,27518.14062,28000.50977,27372.48047,27715.74023,
2023-04-15,27715.74023,27826.81055,27517.5293,27591.039062,
2023-04-16,27591.039062,27794.42969,27439.92969,27606.11914,
2023-04-17,27606.11914,27615.96094,26765.43945,26937.30078,
2023-04-18,26937.30078,27777.16016,26673.2207,27692.94922,
2023-04-19,27692.94922,27717.40039,26130.0,26340.91992,
2023-04-20,26340.91992,26519.48047,25579.089844,25762.63086,
2023-04-21,25762.63086,25868.83008,24723.41016,24816.43945,
2023-04-22,24816.43945,25437.43945,24692.25,25376.93945,
2023-04-23,25376.93945,25378.029297,24966.10938,25119.38086,
2023-04-24,25119.38086,25463.24023,24494.57031,24900.46094,
2023-04-25,24900.46094,25881.11914,24649.82031,25793.61914,
2023-04-26,25793.61914,27160.81055,24763.56055,25755.90039,
2023-04-27,25740.070312,27111.050781,25706.57031,26729.60938,
2023-04-28,26729.60938,26841.5293,26256.2793,26614.43945,
2023-04-29,26614.43945,26715.85938,26380.55078,26534.58984,
2023-04-30,26534.58984,27154.81055,26410.30078,26564.81055,
2023-05-01,26564.81055,26649.41992,25221.99023,25618.74023,
2023-05-02,25619.34961,26263.28906,25395.66992,26043.089844,
2023-05-03,26045.41992,26430.0,25494.070312,26210.0,
2023-05-04,26210.0,26565.40039,26018.85938,26183.2207,
2023-05-05,26178.7207,26917.69922,26174.41992,26787.88086,
2023-05-06,26787.88086,27069.25,25818.64062,26237.53906,
2023-05-07,26237.53906,26481.080078,25827.0,25833.060547,
2023-05-08,25833.060547,26013.55078,24808.40039,25179.33984,
2023-05-09,25179.33984,25422.13086,24969.25,25224.25977,
2023-05-10,25224.25977,25820.0,24475.050781,25148.080078,
2023-05-11,25148.080078,25253.68945,24500.98047,24743.93945,
2023-05-12,24739.18945,24787.69922,23810.0,24687.25977,
2023-05-13,24687.25977,24918.65039,24598.5,24700.089844,
2023-05-14,24700.089844,25048.7207,24551.5,24817.080078,
2023-05-15,24816.41016,25440.070312,24657.5,25009.080078,
2023-05-16,25009.080078,25104.75,24705.53906,24882.17969,
2023-05-17,24882.17969,25357.58984,24514.35938,25268.60938,
2023-05-18,25268.60938,25409.60938,24502.41992,24890.099609,
2023-05-19,24890.099609,25117.34961,24635.2793,24884.11914,
2023-05-20,24884.11914,25126.16016,24833.5,25100.64062,
2023-05-21,25100.64062,25242.69922,24688.2207,24726.41992,
2023-05-22,24726.41992,25037.57031,24521.5,24828.2793,
2023-05-23,24828.2793,25414.4707,24787.63086,25276.25977,
2023-05-24,25276.67969,25278.11914,24224.099609,24474.26953,
2023-05-25,24474.26953,24805.41016,24085.92969,24690.75977,
2023-05-26,24690.75977,25126.19922,24532.0,24908.17969,
2023-05-27,24908.17969,25064.060547,24781.029297,25044.35938,
2023-05-28,25044.35938,26335.25977,24980.98047,26177.93945,
2023-05-29,26183.99023,26510.50977,25694.0,25906.35938,
2023-05-30,25906.35938,26120.17969,25713.63086,25814.74023,
2023-05-31,25814.74023,25936.92969,25196.61914,25456.75977,
2023-06-01,25456.75,25572.38086,24800.0,24932.18945,
2023-06-02,24932.18945,25502.0,24686.5,25453.75,
2023-06-03,25453.75,25525.18945,25168.41992,25287.66016,
2023-06-04,25287.66016,25645.91992,25181.58008,25365.15039,
2023-06-05,25359.13086,25377.73047,23748.0,24053.68945,
2023-06-06,24053.68945,25555.0,23787.36914,25444.91992,
2023-06-07,25444.91992,25585.41992,24421.089844,24604.25977,
2023-06-08,24600.51953,24846.0,24471.92969,24583.34961,
2023-06-09,24583.34961,24870.59961,24403.49023,24635.28906,
2023-06-10,24635.28906,24674.78906,23718.58008,24108.61914,
2023-06-11,24101.58984,24387.80078,23923.10938,24123.50977,
2023-06-12,24124.0,24223.19922,23869.7793,24065.26953,
2023-06-13,24065.26953,24424.33984,23826.050781,24024.43945,
2023-06-14,24024.43945,24127.40039,22914.68945,23181.14062,
2023-06-15,23181.14062,23529.7793,22783.41016,23369.83008,
2023-06-16,23369.83008,24192.25,23067.7793,24063.099609,
2023-06-17,24063.099609,24462.42969,23916.38086,24233.2207,
2023-06-18,24233.2207,24376.91016,24016.63086,24075.089844,
2023-06-19,24075.089844,24769.55078,24019.89062,24570.42969,
2023-06-20,24570.42969,25995.74023,24431.91016,25919.83008,
2023-06-21,25922.099609,28040.31055,25892.24023,27273.94922,
2023-06-22,27273.94922,27700.0,26938.74023,27274.38086,
2023-06-23,27274.38086,28862.69922,27241.5,28151.11914,
2023-06-24,28151.11914,28260.50977,27786.2207,28013.16016,
2023-06-25,28013.16016,28475.75,27781.83984,27940.71094,
2023-06-26,27940.71094,28063.39062,27436.53906,27735.33984,
2023-06-27,27735.33984,28298.13086,27653.83008,28006.83008,
2023-06-28,28006.83008,28026.44922,27381.60938,27564.26953,
2023-06-29,27564.26953,28334.029297,27554.42969,28009.4707,
2023-06-30,28009.4707,28750.40039,27196.59961,27911.51953,
2023-07-01,27912.099609,28089.0,27776.39062,28027.92969,
2023-07-02,28023.43945,28195.019531,27650.86914,28056.7793,
2023-07-03,28056.7793,28749.0,28032.070312,28531.84961,
2023-07-04,28536.40039,28697.029297,28132.41992,28268.10938,
2023-07-05,28268.10938,28397.42969,27734.65039,28110.0097656,
2023-07-06,28110.0097656,28963.0097656,27419.099609,27487.34961,
2023-07-07,27487.34961,27905.91016,27344.48047,27681.55078,
2023-07-08,27681.55078,27721.84961,27420.53906,27634.88086,
2023-07-09,27636.19922,27775.0,27426.92969,27511.16016,
2023-07-10,27509.94922,28222.46094,27351.66992,27643.089844,
2023-07-11,27643.089844,28002.36914,27595.17969,27805.85938,
2023-07-12,27809.7793,27998.35938,27143.81055,27296.53906,
2023-07-13,27281.2793,28339.14062,27145.16992,28034.64062,
2023-07-14,28030.43945,28126.26953,26648.96094,27055.0097656,
2023-07-15,27055.0097656,27116.69922,26987.060547,27031.11914,
2023-07-16,27031.11914,27148.32031,26833.0,26955.33008,
2023-07-17,26955.75977,27052.18945,26408.92969,26826.98047,
2023-07-18,26826.98047,26891.83984,26420.96094,26619.44922,
2023-07-19,26619.44922,26903.56055,26592.99023,26712.019531,
2023-07-20,26712.019531,27131.63086,26602.63086,26764.30078,
2023-07-21,26764.30078,27013.75977,26709.36914,26884.38086,
2023-07-22,26884.38086,26965.56055,26650.0,26786.73047,
2023-07-23,26786.73047,27275.39062,26744.91992,27048.86914,
2023-07-24,27060.33008,27061.88086,26101.33984,26384.28906,
2023-07-25,26384.28906,26609.17969,26251.75,26453.25,
2023-07-26,26453.25,26775.76953,26327.099609,26496.66016,
2023-07-27,26496.66016,26788.13086,26417.13086,26587.86914,
2023-07-28,26587.86914,26769.90039,26490.0,26593.56055,
2023-07-29,26593.56055,26675.84961,26539.41016,26637.31055,
2023-07-30,26637.31055,26714.28906,26340.0,26555.070312,
2023-07-31,26554.080078,26769.33008,26467.68945,26565.5,
2023-08-01,26565.5,26964.85938,26075.39062,26946.099609,
2023-08-02,26946.099609,27289.64062,26421.070312,26637.51953,
2023-08-03,26637.51953,26881.99023,26503.32031,26634.35938,
2023-08-04,26634.35938,26696.50977,26163.91992,26412.75,
2023-08-05,26412.75,26437.34961,26312.7207,26408.88086,
2023-08-06,26408.88086,26480.78906,26331.019531,26400.16016,
2023-08-07,26400.16016,26572.76953,26083.16992,26516.089844,
2023-08-08,26516.089844,27557.74023,26508.24023,27149.26953,
2023-08-09,27149.26953,27414.30078,26743.57031,26915.080078,
2023-08-10,26915.080078,27000.0,26653.86914,26794.98047,
2023-08-11,26795.019531,26930.7793,26675.99023,26847.48047,
2023-08-12,26847.48047,26928.089844,26808.60938,26883.66016,
2023-08-13,26883.66016,26906.51953,26736.93945,26756.14062,
2023-08-14,26756.14062,27113.11914,26612.0,26948.80078,
2023-08-15,26948.80078,26966.61914,26632.26953,26739.91992,
2023-08-16,26743.93945,26797.16992,26374.80078,26387.2793,
2023-08-17,26387.2793,26442.25977,23113.0,24541.88086,
2023-08-18,24522.2793,24683.25977,23593.91992,23983.35938,
2023-08-19,23983.35938,24209.66016,23753.82031,24057.18945,
2023-08-20,24057.18945,24202.67969,23957.48047,24096.33984,
2023-08-21,24092.099609,24092.099609,23736.4707,23971.67969,
2023-08-22,23971.67969,24010.40039,23525.58984,23998.23047,
2023-08-23,24008.82031,24681.17969,23850.80078,24332.61914,
2023-08-24,24338.84961,24458.13086,23961.76953,24225.92969,
2023-08-25,24225.92969,24254.2793,23926.96094,24134.98047,
2023-08-26,24134.98047,24187.85938,24069.080078,24107.7207,
2023-08-27,24107.7207,24253.5293,24059.86914,24174.55078,
2023-08-28,24174.55078,24260.43945,23925.0,24097.089844,
2023-08-29,24096.74023,25906.98047,23948.56055,25497.16992,
2023-08-30,25497.16992,25529.56055,24765.90039,24972.19922,
2023-08-31,24981.42969,25279.39062,23720.75,23909.65039,
2023-09-01,23909.65039,24099.99023,23481.55078,23942.75,
2023-09-02,23940.019531,24115.080078,23896.21094,24016.75,
2023-09-03,24017.56055,24196.24023,23950.0,24095.41016,
2023-09-04,24095.63086,24180.31055,23745.75977,23907.81055,
2023-09-05,23907.81055,24136.59961,23701.78906,24042.74023,
2023-09-06,24042.74023,24207.060547,23697.74023,24018.84961,
2023-09-07,24019.89,24713.33,23943.3,24555.27,
2023-09-08,24554.05,24691.5,23975.37,24218.24,
2023-09-09,24219.11,24255.11,24123.31,24220.65,
2023-09-10,24217.64,24296.4,23920.0,24115.34,
2023-09-11,24112.39,24155.93,23175.0,23414.48,
2023-09-12,23413.35,24731.12,23394.57,24026.86,
2023-09-13,24027.88,24586.0,23950.0,24442.67,
2023-09-14,24440.97,25236.17,24345.55,24942.81,
2023-09-15,24941.04,25216.4,24575.72,24947.64,
2023-09-16,24942.57,25099.61,24800.0,24896.82,
2023-09-17,24900.41,24944.0,24752.0,24863.57,
2023-09-18,24866.56,25717.8,24722.92,25027.79,
2023-09-19,25025.08,25732.26,24940.63,25478.36,
2023-09-20,25482.07,25634.7,25113.08,25457.86,
2023-09-21,25459.57,25531.02,24760.89,24914.62,
2023-09-22,24918.0,25116.09,24844.18,24962.63,
2023-09-23,24963.38,25034.95,24907.62,24979.88,
2023-09-24,24977.31,25125.48,24544.9,24654.94,
2023-09-25,24654.33,24946.98,24415.0,24809.81,
2023-09-26,24813.24,24918.69,24641.93,24788.36,
2023-09-27,24787.51,25447.69,24781.48,25085.07,
2023-09-28,25077.86,25800.0,25036.46,25582.21,
2023-09-29,25580.21,25677.27,25206.27,25448.47,
2023-09-30,25446.82,25624.12,25422.71,25505.25,
2023-10-01,25502.27,26550.0,25498.15,26478.33,
2023-10-02,26487.75,27196.27,26045.35,26244.29,
2023-10-03,26238.48,26421.38,25945.35,26195.91,
2023-10-04,26197.7,26495.03,25986.83,26453.87,
2023-10-05,26446.65,26720.0,25969.0,26000.99,
2023-10-06,25994.14,26731.85,25907.33,26410.05,
2023-10-07,26408.95,26493.35,26325.46,26435.12,
2023-10-08,26431.6,26556.69,26190.67,26433.51,
2023-10-09,26433.93,26518.35,25893.15,26087.49,
2023-10-10,26091.54,26235.73,25753.95,25834.89,
2023-10-11,25823.57,25904.91,25068.93,25296.81,
2023-10-12,25297.27,25412.96,25112.76,25386.28,
2023-10-13,25386.33,25807.76,25374.53,25577.09,
2023-10-14,25582.25,25681.13,25512.03,25564.68,
2023-10-15,25563.66,25937.83,25510.0,25825.08,
2023-10-16,25829.88,28559.99,25779.64,27012.17,
2023-10-17,27016.4,27101.83,26613.14,26862.63,
2023-10-18,26866.7,27404.25,26720.07,26878.91,
2023-10-19,26878.35,27313.42,26711.91,27149.65,
2023-10-20,27149.05,28552.0,27050.3,28006.06,
2023-10-21,27998.04,28657.41,27816.31,28232.38,
2023-10-22,28234.24,28541.0,27968.91,28313.97,
2023-10-23,28310.64,32871.2,28216.85,31013.55,
2023-10-24,31005.3,32912.28,30796.24,32017.0,
2023-10-25,32007.46,33224.68,31811.45,32659.92,
2023-10-26,32655.26,33043.8,32041.07,32331.33,
2023-10-27,32312.44,32441.06,31597.94,32086.23,
2023-10-28,32087.51,32676.86,32057.56,32280.06,
2023-10-29,32268.22,32921.46,32144.67,32729.36,
2023-10-30,32729.82,32930.55,32159.02,32508.63,
2023-10-31,32506.29,32845.03,32075.21,32769.07,
2023-11-01,32762.07,33705.44,32300.0,33478.01,
2023-11-02,33489.14,33963.08,32343.77,32932.61,
2023-11-03,32938.58,32938.58,32033.0,32402.37,
2023-11-04,32403.85,32918.73,32280.0,32743.52,
2023-11-05,32744.36,33038.42,32169.78,32674.53,
2023-11-06,32672.36,32851.28,32386.71,32718.63,
2023-11-07,32729.29,33600.0,32364.1,33129.51,
2023-11-08,33132.79,33734.02,32850.0,33282.19,
2023-11-09,33280.63,35474.28,33207.77,34434.72,
2023-11-10,34435.84,35154.43,34050.0,34956.94,
2023-11-11,34953.58,35034.73,34400.03,34813.24,
2023-11-12,34815.92,34887.71,34436.79,34720.75,
2023-11-13,34722.47,35050.0,34000.0,34094.92,
2023-11-14,34088.56,34378.9,31990.4,32706.47,
2023-11-15,32706.29,35021.53,32533.86,34942.69,
2023-11-16,34956.81,34990.08,32710.0,33345.42,
2023-11-17,33337.82,33875.76,33030.61,33610.55,
2023-11-18,33608.85,33831.78,33223.0,33587.35,
2023-11-19,33587.35,34423.25,33403.25,34305.09,
2023-11-20,34320.76,34543.0,33613.5,34265.66,
2023-11-21,34264.63,34417.24,32761.34,32767.42,
2023-11-22,32771.51,34784.28,32677.49,34375.45,
2023-11-23,34375.38,34482.92,33829.69,34226.25,
2023-11-24,34224.93,35203.43,34190.07,34505.89,
2023-11-25,34506.38,34678.15,34400.0,34580.97,
2023-11-26,34587.06,34603.79,34008.22,34261.33,
2023-11-27,34269.15,34394.58,33603.0,34010.38,
2023-11-28,34010.88,34971.37,33693.38,34393.59,
2023-11-29,34395.35,35046.36,34270.0,34520.35,
2023-11-30,34522.76,34772.69,34376.36,34659.51,
2023-12-01,34666.71,35866.76,34528.37,35572.65,
2023-12-02,35571.59,36500.0,35529.54,36252.15,
2023-12-03,36259.22,36949.99,36084.83,36728.86,
2023-12-04,36730.09,39125.0,36730.09,38746.88,
2023-12-05,38751.7,41207.99,38270.31,40837.97,
2023-12-06,40852.23,41064.91,40239.24,40656.41,
2023-12-07,40665.5,40939.56,39711.37,40148.8,
2023-12-08,40123.2,41582.65,39967.26,41084.98,
2023-12-09,41085.61,41249.0,40520.11,40651.9,
2023-12-10,40651.9,40978.13,40505.0,40688.73,
2023-12-11,40696.87,40715.66,37307.18,38307.12,
2023-12-12,38312.86,39030.85,37684.15,38422.5,
2023-12-13,38423.88,39989.0,37612.79,39426.25,
2023-12-14,39427.57,39678.97,38000.0,39159.64,
2023-12-15,39156.72,39271.57,38216.99,38518.78,
2023-12-16,38522.8,39222.93,38237.07,38830.1,
2023-12-17,38827.6,38948.07,37870.33,37973.04,
2023-12-18,37976.08,39139.6,37141.25,39057.89,
2023-12-19,39058.48,39813.49,38076.36,38512.07,
2023-12-20,38515.25,40428.1,38488.45,39890.19,
2023-12-21,39891.24,40264.94,39474.31,39874.76,
2023-12-22,39874.77,40390.0,39405.23,39996.65,
2023-12-23,39998.13,40014.22,39395.0,39803.1,
2023-12-24,39812.47,40005.45,38814.95,39163.5,
2023-12-25,39195.2,39867.88,38952.89,39582.57,
2023-12-26,39583.1,39599.75,37755.39,38530.92,
2023-12-27,38533.41,39386.0,38200.0,39151.63,
2023-12-28,39156.55,39449.76,38158.41,38492.33,
2023-12-29,38509.73,39067.83,37544.31,38217.53,
2023-12-30,38216.07,38682.77,37689.55,38278.51,
2023-12-31,38280.09,38948.18,38111.66,38427.75,
2024-01-01,38418.87,40100.0,38294.7,40090.38,
2024-01-02,40091.39,41912.0,40054.41,41120.45,
2024-01-03,41126.14,41614.69,37350.0,39332.21,
2024-01-04,39325.86,40949.76,38999.0,40412.75,
2024-01-05,40419.6,40675.8,38811.0,40426.58,
2024-01-06,40434.8,40484.98,39750.0,40264.14,
2024-01-07,40259.98,40730.42,39933.18,40205.88,
2024-01-08,40212.32,43178.99,39534.33,42919.85,
2024-01-09,42922.51,43977.39,41017.14,42240.61,
2024-01-10,42239.38,43571.51,40529.96,42576.83,
2024-01-11,42588.61,44887.99,41588.0,42227.19,
2024-01-12,42225.03,42403.63,37900.0,39146.18,
2024-01-13,39150.25,39645.59,38799.22,39198.09,
2024-01-14,39179.23,39384.66,38107.26,38127.68,
2024-01-15,38125.62,39626.61,38111.56,38856.28,
2024-01-16,38854.04,40087.58,38700.0,39676.66,
2024-01-17,39690.03,39728.85,38849.96,39272.26,
2024-01-18,39276.18,39407.88,37379.64,37960.89,
2024-01-19,37960.89,38723.22,37000.0,38236.24,
2024-01-20,38239.7,38443.43,38058.69,38280.44,
2024-01-21,38274.09,38456.48,38108.08,38174.34,
2024-01-22,38159.98,38236.9,36138.33,36345.19,
2024-01-23,36345.19,36858.04,35455.56,36765.32,
2024-01-24,36770.49,37236.52,36254.69,36845.18,
2024-01-25,36845.2,37024.19,36448.01,36845.62,
2024-01-26,36853.93,38931.47,36740.98,38562.87,
2024-01-27,38562.43,38928.11,38155.34,38866.0,
2024-01-28,38848.94,39477.03,38384.28,38787.09,
2024-01-29,38767.75,40077.97,38620.34,39975.64,
2024-01-30,39979.26,40497.75,39383.7,39617.28,
2024-01-31,39626.22,40351.3,39100.0,39399.41,
2024-02-01,39419.11,39827.92,38738.07,39621.22,
2024-02-02,39628.64,40227.41,39328.63,40001.38,
2024-02-03,40013.7,40162.5,39739.32,39852.73,
2024-02-04,39864.34,39950.68,39154.49,39489.16,
2024-02-05,39502.82,40486.42,39209.28,39731.54,
2024-02-06,39736.46,40355.0,39591.11,40065.55,
2024-02-07,40070.02,41199.11,39752.84,41128.84,
2024-02-08,41133.9,42308.54,41118.48,42012.5,
2024-02-09,42025.18,44598.99,41992.67,43120.37,
2024-02-10,43149.74,44400.0,42794.1,44027.18,
2024-02-11,44034.81,44653.24,43868.85,44552.73,
2024-02-12,44569.87,46692.7,44133.62,46210.59,
2024-02-13,46210.36,46661.94,45085.1,46434.8,
2024-02-14,46440.04,48599.4,45995.64,48300.68,
2024-02-15,48299.88,49068.78,47672.54,48194.01,
2024-02-16,48198.71,48950.0,47910.97,48405.14,
2024-02-17,48410.66,48458.09,46957.52,47969.59,
2024-02-18,47973.53,48642.33,47519.42,48354.0,
2024-02-19,48369.79,48706.16,47962.97,48056.14,
2024-02-20,48063.67,49025.0,46986.06,48364.32,
2024-02-21,48366.57,48474.07,46878.06,47935.53,
2024-02-22,47963.8,48117.6,47024.34,47370.1,
2024-02-23,47376.35,47589.09,46677.17,46873.1,
2024-02-24,46883.14,47757.48,46732.47,47632.45,
2024-02-25,47632.45,47979.99,47395.7,47803.84,
2024-02-26,47818.86,50487.2,46932.18,49979.74,
2024-02-27,49978.02,53063.37,49978.02,52587.36,
2024-02-28,52600.59,59097.2,52309.8,57460.8,
2024-02-29,57472.17,58612.69922,55880.48,56477.23,
2024-03-01,56509.14,58300.0,56106.21,57572.75,
2024-03-02,57565.56,57627.13,56837.19,57211.22,
2024-03-03,57224.17,58328.78,56628.55,58227.89,
2024-03-04,58226.26,62960.0,57439.0,62779.25,
2024-03-05,62779.25,63600.0,48500.0,58821.41,
2024-03-06,58825.04,62297.53,57910.32,60629.09,
2024-03-07,60635.54,62320.76,60133.38,61047.91,
2024-03-08,61046.42,64012.0,60410.0,62408.25,
2024-03-09,62414.69,62799.99,62168.35,62533.05,
2024-03-10,62577.06,63945.01,62334.78,63064.25,
2024-03-11,63085.63,66498.88,61332.21,65670.35,
2024-03-12,65718.17,66943.61,62952.84,65424.91,
2024-03-13,65411.0,67437.05,65279.06,66772.14,
2024-03-14,66773.0,67467.86,62942.02,65631.65,
2024-03-15,65632.21,66573.9,60178.01,63873.31,
2024-03-16,63883.9,64377.91,59470.5,59904.06,
2024-03-17,59904.58,63275.93,59147.18,62811.29,
2024-03-18,62800.58,63323.33,61175.19,62135.91,
2024-03-19,62152.38,62630.24,56617.26,56992.73,
2024-03-20,57002.05,62418.0,55904.42,62104.86,
2024-03-21,62098.75,62450.49,59452.0,60303.64,
2024-03-22,60300.0,61527.63,57723.98,59092.76,
2024-03-23,59121.32,61146.4,58377.1,59251.76,
2024-03-24,59233.68,62558.63,59058.7,62197.99,
2024-03-25,62194.73,65689.95,61391.43,64434.81,
2024-03-26,64440.88,65971.86,63893.68,64578.78,
2024-03-27,64592.34,66339.18,63188.14,64163.42,
2024-03-28,64170.48,66265.73,63636.15,65616.11,
2024-03-29,65609.9,65784.03,64000.0,64789.86,
2024-03-30,64822.33,65187.26,64531.79,64567.04,
2024-03-31,64582.4,66193.77,64551.58,66069.44,
2024-04-01,66040.53,66078.31,63422.75,64909.14,
2024-04-02,64905.24,64940.52,60011.64,60853.75,
2024-04-03,60841.71,61980.0,60000.0,60944.89,
2024-04-04,60962.64,63919.68,60089.91,63262.09,
2024-04-05,63272.08,63464.37,61077.3,62626.49,
2024-04-06,62664.03,64318.25,62283.52,63625.4,
2024-04-07,63611.67,64849.98,63525.0,64047.18,
2024-04-08,64041.4,67094.17,63770.22,65914.02,
2024-04-09,65894.26,66017.61,62881.66,63710.86,
2024-04-10,63684.68,66222.0,62636.91,65761.16,
2024-04-11,65773.86,66369.0,64846.83,65278.57,
2024-04-12,65281.03,66588.53,61300.0,63328.63,
2024-04-13,63330.19,64027.39,57251.0,61007.42,
2024-04-14,61005.18,62043.2,59021.7,61867.6,
2024-04-15,61870.64,62869.53,58717.47,59747.5,
2024-04-16,59769.15,60682.79,58042.43,60117.86,
2024-04-17,60115.61,60782.51,56129.0,57485.91,
2024-04-18,57485.45,60263.09,56917.92,59694.8,
2024-04-19,59713.79,61521.37,56170.0,59991.74,
2024-04-20,59992.83,61521.37,59310.61,61053.53,
2024-04-21,61031.91,61721.09,60349.25,60953.54,
2024-04-22,60985.08,63134.63,60520.08,62755.47,
2024-04-23,62755.47,63046.18,61693.41,62068.17,
2024-04-24,62060.81,62678.55,59418.0,60083.17,
2024-04-25,60074.92,60867.16,58755.0,60145.04,
2024-04-26,60168.39,60545.76,59242.36,59639.84,
2024-04-27,59636.59,59793.4,58411.49,59364.4,
2024-04-28,59364.36,60136.13,58647.82,58947.56,
2024-04-29,58965.5,59875.0,57745.77,59581.08,
2024-04-30,59582.55,60365.57,55311.31,56852.18,
2024-05-01,56844.5,56991.58,52943.49,54372.6,
2024-05-02,54378.17,55643.98,53121.21,55082.13,
2024-05-03,55076.36,58931.62,54811.98,58507.14,
2024-05-04,58509.32,59999.0,58165.6,59392.98,
2024-05-05,59398.45,60038.98,58461.27,59506.98,
2024-05-06,59515.05,60834.0,58239.85,58660.03,
2024-05-07,58677.57,59857.37,57920.0,57960.87,
2024-05-08,57979.41,58657.29,56638.9,56949.08,
2024-05-09,56941.52,58835.13,56459.29,58515.65,
2024-05-10,58525.85,58882.51,55876.05,56514.18,
2024-05-11,56524.04,57167.19,56208.31,56491.52,
2024-05-12,56495.13,57435.99,56299.0,57072.72,
2024-05-13,57112.35,58770.58,56418.03,58319.76,
2024-05-14,58298.26,58478.73,56500.0,56908.07,
2024-05-15,56907.94,61022.0,56680.09,60777.05,
2024-05-16,60779.28,61400.0,59000.0,60018.57,
2024-05-17,60030.5,62081.49,59963.62,61687.99,
2024-05-18,61685.45,62012.19,61300.0,61590.63,
2024-05-19,61645.16,62261.43,60587.46,60927.75,
2024-05-20,60930.51,65700.0,60750.0,65521.16,
2024-05-21,65521.16,65933.02,63494.57,64375.99,
2024-05-22,64375.99,65138.74,63653.03,63894.83,
2024-05-23,63894.84,64541.13,61333.0,62820.83,
2024-05-24,62836.53,63878.65,61540.66,63235.38,
2024-05-25,63252.01,64198.39,63196.06,63921.45,
2024-05-26,63953.33,64114.63,62843.54,63154.49,
2024-05-27,63152.39,64989.91,62808.92,63872.07,
2024-05-28,63874.98,63968.61,61900.0,62969.8,
2024-05-29,62968.22,63480.38,62062.99,62545.97,
2024-05-30,62534.36,64124.08,62068.52,63092.0,
2024-05-31,63122.55,63537.51,61446.92188,62231.23047,
2024-06-01,62231.23047,62550.78906,62130.98828,62451.98828,
2024-06-02,62446.070312,63050.23047,62049.55078,62454.98828,
2024-06-03,62454.98828,64651.070312,62284.42969,63093.37109,
2024-06-04,63093.37109,65249.0,62960.71875,64801.32031,
2024-06-05,64796.89844,66036.0078125,64688.44141,65314.16016,
2024-06-06,65322.070312,65746.42188,64401.66016,64975.69141,
2024-06-07,64986.23047,66127.32812,63407.39062,64247.67188,
2024-06-08,64267.51172,64493.71875,64096.55859,64277.26172,
2024-06-09,64268.64844,64842.0,64080.57812,64663.60156,
2024-06-10,64664.58984,65298.23828,64320.21875,64543.76953,
2024-06-11,64543.76953,64588.67969,61540.46094,62733.89062,
2024-06-12,62733.89062,64575.089844,62248.33984,63140.89844,
2024-06-13,63140.89844,63261.96875,61650.46875,62161.51953,
2024-06-14,62161.51953,63090.48047,60825.44922,61745.011719,
2024-06-15,61761.5,62103.23828,61495.62891,61830.0,
2024-06-16,61835.35938,62519.53906,61697.14844,62278.44922,
2024-06-17,62278.44922,62681.37891,60718.39062,61916.62109,
2024-06-18,61916.62109,61988.94922,59660.0,60680.019531,
2024-06-19,60680.019531,61218.73828,60233.94922,60481.0,
2024-06-20,60481.0,61935.089844,60259.78906,60547.67969,
2024-06-21,60550.85938,60706.71094,59333.23047,59969.83984,
2024-06-22,59969.83984,60329.75,59809.17969,59983.44141,
2024-06-23,59983.44141,60244.67188,59108.96875,59108.96875,
2024-06-24,59108.96875,59261.30078,54619.83984,56186.44141,
2024-06-25,56186.44141,58154.28906,56126.85938,57721.78125,
2024-06-26,57710.60156,58289.78125,56836.35156,56933.53906,
2024-06-27,56937.92969,58160.46875,56634.98828,57552.53906,
2024-06-28,57552.53906,58157.78906,55990.0,56334.67969,
2024-06-29,56334.67969,57101.94922,56330.66016,56886.83984,
2024-06-30,56886.83984,58625.058594,56634.011719,58411.85938,
2024-07-01,58411.85938,59460.011719,58099.050781,58533.96875,
2024-07-02,58534.75,58894.41016,57510.25,57733.039062,
2024-07-03,57736.69922,57885.10938,55112.21875,55768.41016,
2024-07-04,55768.41016,56001.96094,52594.070312,52766.83984,
2024-07-05,52790.42969,53152.39062,49500.0,52284.37891,
2024-07-06,52284.37891,53874.16016,51735.98828,53673.76953,
2024-07-07,53673.76953,53803.73828,51492.82031,51544.39844,
2024-07-08,51588.96875,53655.0,50160.89062,52265.55078,
2024-07-09,52267.53125,53814.60938,51871.12109,53631.94922,
2024-07-10,53631.94922,54891.71094,52808.37891,53310.37109,
2024-07-11,53310.37109,54467.73047,52598.0,52722.19141,
2024-07-12,52726.58984,53651.12891,52042.55078,53077.51172,
2024-07-13,53077.51172,54829.62109,52981.46094,54266.28125,
2024-07-14,54252.46875,56336.070312,54252.46875,55854.85938,
2024-07-15,55877.03125,59585.0,55750.0,59461.26953,
2024-07-16,59423.21875,59958.26953,57268.23828,59714.44922,
2024-07-17,59707.73047,60647.87109,58469.14062,58600.011719,
2024-07-18,58600.011719,59620.42188,58033.48047,58693.87891,
2024-07-19,58693.87891,62000.0,58161.39844,61287.23828,
2024-07-20,61283.57031,62064.87891,60888.78125,61638.53906,
2024-07-21,61638.53906,62700.0,60390.12109,62480.67188,
2024-07-22,62502.87891,62821.98828,61197.53125,62071.5,
2024-07-23,62071.5,62206.019531,60250.011719,60755.96094,
2024-07-24,60755.96094,61800.0,60125.21875,60326.73828,
2024-07-25,60326.73828,60947.41016,58558.80859,60654.66016,
2024-07-26,60654.66016,62829.35156,60573.62891,62563.78906,
2024-07-27,62563.78906,63874.26172,61409.92969,62401.80078,
2024-07-28,62401.80078,62881.070312,61750.0,62873.98047,
2024-07-29,62874.67188,64695.44922,61500.28125,61703.55078,
2024-07-30,61744.46094,61901.67188,60450.73047,61185.0,
2024-07-31,61185.0,61804.94922,59632.32031,59700.94922,
2024-08-01,59700.94922,60782.12891,57744.71875,60602.089844,
2024-08-02,60606.76172,60765.58984,56100.0,56354.32812,
2024-08-03,56359.21875,57102.96094,55022.03125,55735.83984,
2024-08-04,55735.83984,56123.078125,52669.87891,53285.78125,
2024-08-05,53303.71875,53448.80859,45150.058594,49353.82031,
2024-08-06,49344.039062,52279.23828,49338.46875,51410.39062,
2024-08-07,51375.69141,52922.011719,50035.39062,50451.82812,
2024-08-08,50421.21094,57474.17969,50133.42188,56549.76953,
2024-08-09,56584.28906,56587.57812,54564.42969,55789.078125,
2024-08-10,55816.48047,56314.55859,55240.070312,55872.87891,
2024-08-11,55879.87891,56630.53906,53459.96875,53821.058594,
2024-08-12,53817.21094,55543.69922,52823.76953,54319.94141,
2024-08-13,54298.67969,56097.96094,53534.73828,55136.96094,
2024-08-14,55149.55859,55876.76953,53125.83984,53353.53125,
2024-08-15,53313.48828,54498.98828,51241.23047,52476.37891,
2024-08-16,52491.58984,54333.17969,52064.92188,53463.39844,
2024-08-17,53449.17969,54179.75,53396.75,53992.96094,
2024-08-18,53993.14844,54667.41016,53035.41016,53056.73828,
2024-08-19,53056.73828,53767.23047,52417.37109,53655.37891,
2024-08-20,53675.050781,55406.19922,52784.85938,53054.71875,
2024-08-21,53057.21875,55439.71875,52895.82031,54830.30078,
2024-08-22,54830.30078,55129.83984,53676.25,54327.75,
2024-08-23,54320.33984,57982.03125,54311.19141,57316.60938,
2024-08-24,57283.73828,57629.76953,56736.76953,57272.96875,
2024-08-25,57272.96875,58050.60938,56905.96094,57422.57812,
2024-08-26,57414.53125,57632.28906,56262.35156,56315.39062,
2024-08-27,56315.39062,56605.76172,51950.0,53241.67969,
2024-08-28,53273.089844,54188.21875,52124.98828,53077.14844,
2024-08-29,53085.80859,55248.92188,52936.82812,53614.78906,
2024-08-30,53626.058594,54053.089844,52398.71875,53546.16016,
2024-08-31,53546.16016,53855.82031,53200.0,53394.058594,
2024-09-01,53403.48047,53476.89844,51802.75,51948.41016,
2024-09-02,51935.94922,53700.0,51722.019531,53430.92188,
2024-09-03,53430.92188,54065.44922,52000.0,52003.39062,
2024-09-04,52003.39062,52835.55078,50400.0,52323.85938,
2024-09-05,52323.85938,52652.62891,50177.87891,50556.80078,
2024-09-06,50570.039062,51375.21875,47484.82031,48773.78906,
2024-09-07,48763.44922,49585.80078,48549.17188,48920.92969,
2024-09-08,48920.92969,49900.12891,48441.73828,49505.019531,
2024-09-09,49505.019531,52544.011719,49332.0,51717.69141,
2024-09-10,51729.089844,52633.94922,51105.33984,52322.12109,
2024-09-11,52324.41016,52649.0,50496.078125,52091.55859,
2024-09-12,52091.55859,53106.33984,51955.85938,52485.62891,
2024-09-13,52485.62891,54781.85156,52020.89062,54679.51953,
2024-09-14,54673.011719,54751.35156,53753.23828,54163.23047,
2024-09-15,54161.62891,54488.82812,52975.75,53333.92188,
2024-09-16,53333.92188,53403.070312,51710.03125,52276.87891,
2024-09-17,52276.87891,55160.87891,51790.058594,54228.21875,
2024-09-18,54226.050781,55522.0,53267.16016,55522.0,
2024-09-19,55460.23047,57230.75,55438.039062,56386.46875,
2024-09-20,56382.089844,57402.32031,55869.82031,56612.39844,
2024-09-21,56612.39844,56933.67188,56223.57031,56778.71875,
2024-09-22,56778.71875,57317.66016,55923.57812,57023.48047,
2024-09-23,57001.089844,57964.32812,56128.96094,56997.76172,
2024-09-24,56985.67188,57801.71094,56279.48047,57422.71094,
2024-09-25,57420.69141,57924.98047,56544.089844,56742.03125,
2024-09-26,56742.03125,58896.87109,56281.39062,58329.87891,
2024-09-27,58317.96094,59528.73828,58060.39062,58937.78906,
2024-09-28,58931.94922,59343.87109,58618.94141,59024.76953,
2024-09-29,58995.53906,59104.35156,58620.64062,58755.71094,
2024-09-30,58755.71094,58757.85938,56425.62891,56866.48047,
2024-10-01,56871.89062,57698.78906,54343.0,54938.85938,
2024-10-02,54959.64062,56429.67188,54306.46094,54884.37891,
2024-10-03,54904.03125,55719.53906,54250.48047,55073.23047,
2024-10-04,55053.60156,56944.82812,54794.96094,56562.64844,
2024-10-05,56557.30078,56831.73828,56187.41016,56551.10156,
2024-10-06,56525.69922,57339.64844,56300.0,57250.73828,
2024-10-07,57250.73828,58718.14844,56628.23047,56711.60156,
2024-10-08,56716.25,57568.94141,56391.44922,56622.64,
2024-10-09,56623.09,57004.21,55090.0,55379.26,
2024-10-10,55370.1,56058.68,53904.09,55146.64,
2024-10-11,55142.72,57977.43,54950.51,57140.17,
2024-10-12,57164.9,58003.83,57119.07,57728.29,
2024-10-13,57721.17,57789.17,56653.98,57519.27,
2024-10-14,57516.93,60999.0,57148.57,60393.03,
2024-10-15,60413.47,62200.0,59377.8,61565.84,
2024-10-16,61574.43,62759.72,61274.78,62222.06,
2024-10-17,62235.03,62509.07,61444.0,62201.5,
2024-10-18,62137.76,63499.99,61956.89,62976.42,
2024-10-19,62966.41,63186.47,62268.1,62835.98,
2024-10-20,62840.49,63779.18,62597.49,63446.06,
2024-10-21,63446.06,63900.0,61649.96,62154.91,
2024-10-22,62160.0,62777.0,61420.41,62400.56,
2024-10-23,62397.8,62397.8,60465.0,61791.39,
2024-10-24,61803.03,63574.05,61629.62,62976.58,
2024-10-25,62979.27,63463.91,60776.28,61744.48,
2024-10-26,61740.05,62453.74,61565.45,62136.66,
2024-10-27,62155.83,63198.15,61985.78,62928.34,
2024-10-28,62928.68,64932.23,62623.13,64636.79,
2024-10-29,64674.35,68000.0,64422.84,67134.23,
2024-10-30,67148.64,67174.82,65914.41,66595.95,
2024-10-31,66596.54,66893.6,63946.3,64506.43,
2024-11-01,64506.42,65968.48,63230.24,64175.87,
2024-11-02,64144.26,64537.47,63776.12,64124.73,
2024-11-03,64132.6,64169.66,62351.09,63426.11,
2024-11-04,63408.26,63791.42,61410.68,62357.98,
2024-11-05,62348.64,64637.98,62022.59,63491.53,
2024-11-06,63517.03,71149.78,63423.44,70304.54,
2024-11-07,70340.0,71193.11,68901.04,70292.42,
2024-11-08,70324.72,72088.3,70132.73,71421.23,
2024-11-09,71418.19,71777.77,70664.61,71550.49,
2024-11-10,71562.42,75699.99,71388.8,74757.19,
2024-11-11,74780.73,82900.0,74639.1,82274.06,
2024-11-12,82273.98,84457.98,75700.0,82311.26,
2024-11-13,82365.49,88000.0,80903.15,85278.66,
2024-11-14,85286.0,87076.83,82317.57,82917.2,
2024-11-15,82893.06,87076.83,82621.18,86288.69,
2024-11-16,86300.51,86900.22,85171.44,85665.95,
2024-11-17,85667.74,86397.38,83913.99,85060.53,
2024-11-18,85050.65,87599.0,84594.12,85423.38,
2024-11-19,85409.31,88742.51,85337.81,87157.0,
2024-11-20,87182.4,90088.98,86446.65,89280.02,
2024-11-21,89274.21,94235.0,89140.88,93554.33,
2024-11-22,93564.35,95501.25,93075.21,94718.42,
2024-11-23,94705.8,94705.8,92680.84,93208.66,
2024-11-24,93200.09,94118.48,91129.86,93421.96,
2024-11-25,93421.69,94400.0,88070.46,88950.0,
2024-11-26,88922.48,90777.81,86543.9,87600.65,
2024-11-27,87604.6,92207.53,87423.34,90854.12,
2024-11-28,90831.46,91601.62,89731.44,90616.99,
2024-11-29,90609.11,93535.47,90296.09,92147.09,
2024-11-30,92138.65,92154.35,90722.66,91143.29,
2024-12-01,91143.07,92599.99,90470.0,92099.58,
2024-12-02,92096.25,93098.99,90011.05,91275.31,
2024-12-03,91279.95,91751.07,88886.03,91229.73,
2024-12-04,91249.72,94277.2,89907.87,93790.5,
2024-12-05,93775.73,98456.03,86600.0,91712.59,
2024-12-06,91706.6,96591.42,91127.0,94436.71,
2024-12-07,94435.53,95080.04,93383.71,94421.99,
2024-12-08,94428.15,95908.7,93391.07,95685.97,
2024-12-09,95662.16,95763.04,89217.53,92274.1,
2024-12-10,92239.33,93449.0,89655.63,91841.31,
2024-12-11,91836.31,97063.04,90924.87,96272.32,
2024-12-12,96288.37,97700.0,94665.58,95419.29,
2024-12-13,95422.38,97077.55,94708.86,96561.92,
2024-12-14,96555.98,97675.32,95777.37,96522.66,
2024-12-15,96527.58,99800.0,96379.24,99111.37,
2024-12-16,99120.98,102497.39,98348.92,100729.3,
2024-12-17,100700.6,103000.0,100301.0,101171.9,
2024-12-18,101163.08,101448.15,96586.7,96807.26,
2024-12-19,96757.67,98807.32,92150.18,94015.48,
2024-12-20,94013.79,94599.67,88421.18,93898.51,
2024-12-21,93897.6,95772.36,92562.54,93445.59,
2024-12-22,93489.38,93633.12,90334.19,91204.69,
2024-12-23,91182.16,92749.0,88832.59,91113.12,
2024-12-24,91110.52,95724.27,89796.81,94865.41,
2024-12-25,94890.99,95737.17,93915.29,95615.6,
2024-12-26,95618.45,96129.98,91380.0,91817.68,
2024-12-27,91774.04,93579.09,89634.61,90412.16,
2024-12-28,90390.29,91634.81,90225.5,91231.22,
2024-12-29,91235.75,91271.67,89000.0,89702.09,
2024-12-30,89692.71,91260.41,87834.22,88994.94,
2024-12-31,89007.78,92638.09,88252.45,90119.83,
2025-01-01,90116.04,91749.0,89665.0,91175.14,
2025-01-02,91173.5,95306.46,91000.0,94383.32,
2025-01-03,94411.14,96143.44,93405.23,95250.0,
2025-01-04,95250.0,95847.86,94645.0,95290.25,
2025-01-05,95306.4,95899.98,94348.19,95451.75,
2025-01-06,95456.12,98690.06,94893.39,98495.27,
2025-01-07,98486.66,98960.78,92895.02,93797.12,
2025-01-08,93776.16,94064.78,89875.07,92245.12,
2025-01-09,92231.77,92509.3,88606.32,90004.76,
2025-01-10,89984.26,93564.46,89934.5,92545.14,
2025-01-11,92545.14,92749.0,91635.04,92294.18,
2025-01-12,92304.24,93134.16,91500.0,92337.55,
2025-01-13,92284.22,93666.66,87437.71,92157.52,
2025-01-14,92176.44,94954.41,92024.63,93699.5,
2025-01-15,93712.24,97854.99,93595.01,97576.0,
2025-01-16,97575.99,97902.47,94689.65,97015.92,
2025-01-17,97006.19,102898.94,96983.34,101082.23,
2025-01-18,101082.24,101982.0,99124.86,101417.35,
2025-01-19,101395.36,103599.98,96995.84,98574.14,
2025-01-20,98539.45,105951.19,96754.74,98104.39,
2025-01-21,98075.39,102900.0,96436.0,102009.11,
2025-01-22,101996.93,102094.8,99202.85,99565.36,
2025-01-23,99572.46,102743.64,97188.74,99819.12,
2025-01-24,99819.26,102055.67,98483.34,99975.31,
2025-01-25,99933.67,100448.55,99300.0,99888.28,
2025-01-26,99904.1,100605.14,97960.0,98088.57,
2025-01-27,98050.0,98700.72,93414.78,97792.05,
2025-01-28,97788.18,99398.98,96052.79,97180.33,
2025-01-29,97158.27,100623.0,97136.32,99536.53,
2025-01-30,99549.57,101998.99,99079.77,100695.33,
2025-01-31,100742.13,102000.0,97900.0,98885.16,
2025-02-01,98887.87,99249.0,96977.14,97328.62,
2025-02-02,97315.45,98204.16,93671.33,95427.29,
2025-02-03,95431.64,99421.84,89248.9,98421.52,
2025-02-04,98376.01,98752.51,92717.21,94347.3,
2025-02-05,94354.79,95370.42,92500.0,92832.17,
2025-02-06,92825.26,95742.83,92179.79,93050.7,
2025-02-07,93060.43,96555.0,92648.59,93519.29,
2025-02-08,93476.58,93912.55,92822.96,93546.88,
2025-02-09,93569.44,94353.25,92013.8,93607.15,
2025-02-10,93636.05,95298.25,92513.05,94600.07,
2025-02-11,94635.97,95586.34,91464.88,92434.48,
2025-02-12,92414.6,94481.12,91150.0,94176.67,
2025-02-13,94177.59,94332.76,91327.06,92350.38,
2025-02-14,92373.25,94131.6,91725.01,92978.87,
2025-02-15,92980.62,93430.97,92721.4,93084.75,
2025-02-16,93103.74,93228.79,91624.0,91634.19,
2025-02-17,91620.25,92660.97,90867.63,91380.85,
2025-02-18,91422.47,92543.25,89368.01,91500.0,
2025-02-19,91484.07,92865.27,90891.56,92678.36,
2025-02-20,92676.24,94049.0,92457.33,93629.1,
2025-02-21,93710.89,94977.61,90608.53,91938.12,
2025-02-22,91925.08,92729.45,91585.44,92314.71,
2025-02-23,92300.0,92418.56,91040.44,91874.6,
2025-02-24,91900.51,92078.26,87330.29,87541.35,
2025-02-25,87510.53,88368.65,81713.4,84266.53,
2025-02-26,84262.03,85063.21,78300.01,80179.22,
2025-02-27,80187.24,83041.39,79403.92,81391.61,
2025-02-28,81388.4,82024.54,75141.16,81308.41,
2025-03-01,81306.13,83424.43,80771.88,83010.7,
2025-03-02,83004.64,91879.2,82027.33,90642.23,
2025-03-03,90634.87,90798.09,81120.0,82187.99,
2025-03-04,82143.54,83799.0,77577.12,82145.14,
2025-03-05,82137.63,84998.52,81348.44,83984.46,
2025-03-06,83996.36,85900.0,81416.9,83390.93,
2025-03-07,83462.69,84569.77,78484.25,80111.44,
2025-03-08,80102.84,80217.81,78698.0,79646.91,
2025-03-09,79614.63,79905.95,73680.0,74310.03,
2025-03-10,74334.78,77532.58,71385.62,72520.77,
2025-03-11,72520.77,76537.38,70570.0,76054.25,
2025-03-12,76023.03,77449.19,73900.21,76888.29,
2025-03-13,76882.52,77436.99,73589.0,74705.46,
2025-03-14,74720.21,78476.1,74430.74,77250.67,
2025-03-15,77285.51,77866.79,76926.51,77618.38,
2025-03-16,77651.89,78243.7,75363.27,75928.62,
2025-03-17,75935.1,77618.51,75622.9,76931.2,
2025-03-18,76927.51,76938.66,74226.31,75598.98,
2025-03-19,75614.31,79785.51,75474.82,79613.78,
2025-03-20,79652.37,80150.77,77070.74,77571.21,
2025-03-21,77546.74,78290.88,76759.16,77682.19,
2025-03-22,77674.53,78145.93,77340.05,77503.62,
2025-03-23,77476.79,79500.0,77463.93,79452.9,
2025-03-24,79441.34,82091.43,79010.55,81016.58,
2025-03-25,81014.11,82067.9,79916.95,81040.5,
2025-03-26,81050.89,81878.0,79838.51,80976.04,
2025-03-27,80944.58,81447.99,79546.43,80751.73,
2025-03-28,80780.15,81029.4,77212.08,77969.88,
2025-03-29,77978.31,78160.35,75435.91,76375.24,
2025-03-30,76346.0,77221.12,75432.48,76135.85,
2025-03-31,76102.6,77674.07,75042.0,76253.99,
2025-04-01,76229.03,79232.59,76149.07,78902.29,
2025-04-02,78900.68,81300.0,75600.0,75617.59,
2025-04-03,75661.51,76895.06,73069.0,75302.11,
2025-04-04,75324.46,77252.03,73879.48,76514.6,
2025-04-05,76462.86,76861.43,75143.44,76155.8,
2025-04-06,76175.77,76415.11,70057.28,71296.12,
2025-04-07,71317.23,74175.65,65826.0,72528.92,
2025-04-08,72521.05,73727.09,69384.85,69444.22,
2025-04-09,69464.17,76354.99,67574.3,75376.12,
2025-04-10,75472.93,75516.86,70032.58,70691.11,
2025-04-11,70689.39,74538.33,69801.0,73421.64,
2025-04-12,73420.66,75707.45,72900.95,75134.91,
2025-04-13,75119.24,75854.09,73261.87,73818.45,
2025-04-14,73827.29,75578.58,73623.76,74667.55,
2025-04-15,74663.19,76425.7,74037.0,74053.5,
2025-04-16,74053.56,75254.68,73059.99,73727.02,
2025-04-17,73669.27,75290.32,73609.29,74713.04,
2025-04-18,74719.14,74844.44,74025.15,74161.26,
2025-04-19,74166.69,75153.4,74071.47,74673.81,
2025-04-20,74671.04,74889.29,73717.9,74465.95,
2025-04-21,74472.62,76933.38,74357.03,75995.58,
2025-04-22,75997.36,82673.74,75827.31,82333.82,
2025-04-23,82339.52,83264.2,80800.0,82718.26,
2025-04-24,82741.42,82860.82,80606.52,82682.47,
2025-04-25,82717.57,84344.93,81838.6,83332.8,
2025-04-26,83363.19,83817.46,82678.95,83339.36,
2025-04-27,83346.93,83936.81,82439.6,82679.76,
2025-04-28,82686.69,84249.0,81776.11,83320.25,
2025-04-29,83334.29,83941.73,82354.9,82783.16,
2025-04-30,82783.16,83777.88,81751.27,83185.77,
2025-05-01,83190.39,86376.89,83134.33,85446.97,
2025-05-02,85459.81,86399.0,85043.4,85760.36,
2025-05-03,85749.67,85799.6,84807.58,84928.87,
2025-05-04,84893.99,85274.89,83172.56,83258.9,
2025-05-05,83235.99,84165.75,82449.43,83775.72,
2025-05-06,83790.82,85449.0,82260.25,85380.33,
2025-05-07,85447.03,86236.73,84456.41,85846.35,
2025-05-08,85876.68,92671.01,85614.79,91862.6,
2025-05-09,91807.32,92666.0,90714.2,91450.28,
2025-05-10,91459.23,93165.0,91292.52,93040.62,
2025-05-11,93049.5,93149.05,91763.23,92660.19,
2025-05-12,92663.11,94800.0,90774.25,92616.59,
2025-05-13,92594.8,93849.0,91347.61,93092.82,
2025-05-14,93069.23,93080.7,91510.01,92572.28,
2025-05-15,92584.99,93280.0,90627.95,92751.72,
2025-05-16,92760.36,93843.85,92047.45,92658.48,
2025-05-17,92632.47,92925.01,91907.86,92381.68,
2025-05-18,92386.06,95329.73,92370.93,95118.84,
2025-05-19,95133.91,95697.43,90678.25,94025.74,
2025-05-20,94015.31,95140.0,92681.43,94674.94,
2025-05-21,94660.83,97769.62,93511.28,96762.35,
2025-05-22,96776.72,99358.54,96304.01,98914.62,
2025-05-23,98907.04,98965.34,94001.0,94483.29,
2025-05-24,94433.13,96379.79,94106.49,94894.79,
2025-05-25,94896.77,96151.29,93901.0,95889.39,
2025-05-26,95885.75,97065.11,95460.32,96120.94,
2025-05-27,96109.72,97493.63,94300.0,96110.71,
2025-05-28,96102.83,96570.99,94577.0,95943.76,
2025-05-29,95949.1,96548.03,92580.75,92822.04,
2025-05-30,92825.4,93749.99,91369.44,91725.02,
2025-05-31,91712.8,92599.72,90942.82,92311.29,
2025-06-01,92308.49,93307.12,91577.88,93142.55,
2025-06-02,93129.28,93133.86,90726.84,92494.38,
2025-06-03,92492.4,93966.52,91942.14,92596.63,
2025-06-04,92590.49,93194.47,91266.84,91730.87,
2025-06-05,91724.5,92718.04,87720.02,88710.67,
2025-06-06,88701.76,92600.64,88329.01,91611.45,
2025-06-07,91611.46,92988.56,91251.0,92682.69,
2025-06-08,92684.68,93490.0,92195.31,92742.67,
2025-06-09,92741.21,96827.63,92270.59,96531.14,
2025-06-10,96513.9,96576.16,94900.0,96422.14,
2025-06-11,96396.15,96432.67,94018.61,94422.97,
2025-06-12,94423.2,94634.21,91082.32,91086.77,
2025-06-13,91084.07,91981.19,89045.76,91889.73,
2025-06-14,91892.27,92022.15,90394.37,91348.75,
2025-06-15,91349.72,91963.0,90591.96,91523.94,
2025-06-16,91527.74,94258.0,90951.48,92457.34,
2025-06-17,92449.3,93218.29,89881.44,91062.51,
2025-06-18,91056.16,91777.89,90146.12,91411.94,
2025-06-19,91414.27,91766.79,90563.73,90903.94,
2025-06-20,90904.24,92490.0,88721.2,89675.72,
2025-06-21,89677.0,90326.39,87622.64,88703.25,
2025-06-22,88739.45,89794.01,85424.24,87823.88,
2025-06-23,87774.16,91513.77,86510.62,90903.34,
2025-06-24,90919.99,91503.12,90308.55,91324.07,
2025-06-25,91414.02,93252.25,91102.06,91973.28,
2025-06-26,91958.07,92626.26,91001.01,91492.3,
2025-06-27,91494.56,92089.66,90750.0,91448.02,
2025-06-28,91444.44,91861.41,91238.51,91639.75,
2025-06-29,91638.22,92616.28,91515.79,92473.45,
2025-06-30,92465.32,92844.16,90766.39,90926.69,
2025-07-01,90931.78,91212.61,89296.36,89545.96,
2025-07-02,89538.31,93082.81,89070.0,92279.74,
2025-07-03,92278.37,93950.0,92017.69,93178.44,
2025-07-04,93180.18,93343.66,91130.34,91786.11,
2025-07-05,91791.12,92128.13,91599.08,91969.73,
2025-07-06,91977.13,93169.69,91599.0,92731.71,
2025-07-07,92736.63,93208.39,91907.4,92230.52,
2025-07-08,92230.2,93322.72,91507.07,92944.5,
2025-07-09,92961.23,95553.0,92568.16,94799.81,
2025-07-10,94799.81,99715.5,94437.85,98798.6,
2025-07-11,98854.43,101712.37,98411.65,100083.77,
2025-07-12,100108.55,100575.0,99404.03,99917.81,
2025-07-13,99927.05,101776.17,99757.88,101674.35,
2025-07-14,101661.23,104700.0,101440.37,102631.35,
2025-07-15,102588.7,102651.27,99401.0,101416.11,
2025-07-16,101405.11,103186.65,100759.42,101977.52,
2025-07-17,101963.64,104249.81,101250.0,102576.69,
2025-07-18,102547.35,103974.18,100401.57,101443.87,
2025-07-19,101468.91,101935.48,100880.99,101392.52,
2025-07-20,101406.69,102119.84,100037.49,100843.32,
2025-07-21,100815.41,102759.55,99791.34,100416.25,
2025-07-22,100415.01,102355.29,99259.88,102230.55,
2025-07-23,102212.07,102331.88,97510.9,100920.98,
2025-07-24,100882.05,101635.22,99591.69,100700.9,
2025-07-25,100700.9,100840.51,97655.9,100144.89,
2025-07-26,100142.91,100735.72,99726.86,100410.87,
2025-07-27,100402.82,101889.62,100240.0,101585.84,
2025-07-28,101611.55,102324.39,101178.66,101803.84,
2025-07-29,101818.06,103318.34,101278.75,102080.95,
2025-07-30,102087.49,103437.16,101300.01,103071.35,
2025-07-31,103073.76,104033.59,101187.92,101383.62,
2025-08-01,101377.69,101741.06,97341.07,97853.86,
2025-08-02,97853.86,98598.53,96768.77,97213.39,
2025-08-03,97175.41,99300.99,96650.0,98705.62,
2025-08-04,98708.57,100069.79,98545.0,99370.77,
2025-08-05,99343.59,99769.79,97365.53,98567.01,
2025-08-06,98567.29,99312.37,97750.0,98652.06,
2025-08-07,98622.87,100952.89,97930.31,100622.56,
2025-08-08,100621.83,100852.49,99378.96,100128.95,
2025-08-09,100128.95,100999.99,99526.86,99643.18,
2025-08-10,99637.04,102323.75,99637.04,102323.74,
2025-08-11,102323.75,104671.06,101661.86,102198.23,
2025-08-12,102177.11,102993.63,101799.4,102791.51,
2025-08-13,102759.92,105167.54,101333.98,104927.84,
2025-08-14,104946.6,105751.45,100721.23,101646.77,
2025-08-15,101630.32,102357.61,99800.0,100395.61,
2025-08-16,100369.14,100912.14,100253.15,100487.76,
2025-08-17,100488.53,101490.0,100281.07,100360.74,
2025-08-18,100344.89,100513.66,98190.01,99682.72,
2025-08-19,99678.98,100171.5,96810.0,96959.52,
2025-08-20,96993.71,98378.76,96405.17,98102.13,
2025-08-21,98042.63,98613.08,96480.42,96863.16,
2025-08-22,96856.83,100149.0,96171.51,99313.95,
2025-08-23,99318.46,99404.71,97251.01,97909.36,
2025-08-24,97883.18,98220.57,94123.0,96837.57,
2025-08-25,96803.29,97104.14,94085.68,94859.7,
2025-08-26,94862.62,96577.28,93326.45,96062.71,
2025-08-27,96050.16,97200.0,95268.31,95529.74,
2025-08-28,95525.79,97401.19,95235.9,96383.48,
2025-08-29,96378.63,96473.61,92024.41,92810.09,
2025-08-30,92822.98,93293.1,91970.11,93202.15,
2025-08-31,93210.19,93749.0,92463.1,92613.46,
2025-09-01,92586.84,93731.43,91599.82,93273.04,
2025-09-02,93273.07,95862.96,93026.07,95580.18,
2025-09-03,95591.39,96511.95,95029.94,95840.88,
2025-09-04,95836.83,96286.52,93939.77,95013.39,
2025-09-05,95015.11,96800.0,93980.73,94510.01,
2025-09-06,94498.04,95053.0,93930.31,94115.92,
2025-09-07,94115.97,95325.25,94099.52,94870.79,
2025-09-08,94879.37,96130.22,94468.47,95231.58,
2025-09-09,95237.72,96299.97,94396.53,95317.32,
2025-09-10,95330.67,97554.99,94812.83,97390.86,
2025-09-11,97383.75,98472.59,96769.43,98462.77,
2025-09-12,98462.77,99530.0,97921.54,98867.29,
2025-09-13,98875.33,99062.38,97833.8,98523.45,
2025-09-14,98523.16,98927.83,97883.73,98319.7,
2025-09-15,98322.71,99577.0,97250.0,98086.58,
2025-09-16,98093.34,98657.31,97044.49,98425.16,
2025-09-17,98442.99,99096.71,96750.0,98498.37,
2025-09-18,98491.16,100130.84,98229.66,99337.51,
2025-09-19,99345.8,99737.87,98035.55,98555.3,
2025-09-20,98543.44,98994.84,98359.73,98618.92,
2025-09-21,98618.92,98708.25,98148.85,98244.56,
2025-09-22,98242.39,98398.35,94973.0,95528.87,
2025-09-23,95519.62,96082.0,94413.66,94822.87,
2025-09-24,94820.94,97155.22,94175.35,96547.47,
2025-09-25,96551.71,96733.03,93178.77,93523.18,
2025-09-26,93512.2,94377.82,93100.0,93801.2,
2025-09-27,93776.77,93889.32,93317.44,93823.3,
2025-09-28,93828.61,96049.0,91000.0,95894.83,
2025-09-29,95899.83,97636.36,95149.27,97501.4,
2025-09-30,97503.89,97993.23,95903.25,97226.61,
2025-10-01,97237.62,101111.0,97093.4,101075.92,
2025-10-02,101077.78,103211.02,100714.44,102831.72,
2025-10-03,102829.92,105397.14,101605.41,104000.0,
2025-10-04,104033.86,104549.37,103060.65,103989.83,
2025-10-05,103994.56,106273.87,103521.54,105042.12,
2025-10-06,105020.09,107497.44,104744.8,106220.14,
2025-10-07,106232.54,107252.89,103399.19,104167.06,
2025-10-08,104181.12,107000.0,104117.95,106070.94,
2025-10-09,106065.63,106605.74,103601.05,105248.74,
2025-10-10,105230.29,105999.0,93000.0,98226.51,
2025-10-11,98226.25,98630.07,95576.55,96597.46,
2025-10-12,96599.99,100294.01,95560.17,99374.98,
2025-10-13,99414.73,100328.16,98259.97,99734.37,
2025-10-14,99736.44,99976.65,95101.2,97539.54,
2025-10-15,97551.14,97871.72,94761.34,95159.64,
2025-10-16,95166.53,96156.64,92000.0,92513.71,
2025-10-17,92502.91,93355.77,88574.54,91453.24,
2025-10-18,91457.58,92388.03,91365.94,92118.89,
2025-10-19,92112.1,94135.62,91136.7,93280.2,
2025-10-20,93280.21,95849.0,92186.36,94953.66,
2025-10-21,94956.05,98185.0,92427.35,93400.9,
2025-10-22,93401.2,94069.92,91921.35,92700.4,
2025-10-23,92697.95,95889.37,92645.12,94787.16,
2025-10-24,94787.15,96307.91,94330.08,95498.82,
2025-10-25,95494.58,96241.37,95194.97,95982.56,
2025-10-26,95985.8,99117.5,95669.31,98452.32,
2025-10-27,98452.31,100000.0,97690.0,97884.59,
2025-10-28,97863.01,99626.77,96366.12,96930.93,
2025-10-29,96929.22,97733.18,94268.8,94851.86,
2025-10-30,94840.0,96112.36,91914.16,93628.18,
2025-10-31,93640.12,96329.96,93594.09,94886.48,
2025-11-01,94890.77,95719.26,94728.06,95277.35,
2025-11-02,95277.36,96294.93,94866.07,95841.82,
2025-11-03,95841.12,96012.31,91395.34,92494.51,
2025-11-04,92504.89,93206.95,86153.92,88359.4,
2025-11-05,88375.4,91092.26,86099.13,90384.32,
2025-11-06,90373.15,90586.97,86921.52,87734.45,
2025-11-07,87729.75,89974.1,85838.17,89286.39,
2025-11-08,89275.2,89338.47,87684.0,88410.88,
2025-11-09,88407.11,91240.32,87627.65,90639.41,
2025-11-10,90604.61,92240.42,90221.83,91677.69,
2025-11-11,91691.46,92995.0,88446.99,88939.8,
2025-11-12,88949.14,90990.0,87038.26,87711.22,
2025-11-13,87718.09,89790.0,84200.0,85700.0,
2025-11-14,85703.44,85841.88,80865.01,81346.52,
2025-11-15,81346.52,83264.22,81338.72,82297.64,
2025-11-16,82287.21,83128.89,79837.64,81032.17,
2025-11-17,81015.8,82749.0,78606.14,79379.31,
2025-11-18,79379.31,81011.24,76865.0,80228.87,
2025-11-19,80224.27,80230.66,76790.8,79273.01,
2025-11-20,79275.69,80804.26,74503.25,75039.27,
2025-11-21,75031.07,75778.95,70005.42,73928.71,
2025-11-22,73939.52,74321.02,72558.82,73606.43,
2025-11-23,73606.43,76656.85,73538.98,75497.61,
2025-11-24,75465.62,77448.99,73938.29,76618.9,
2025-11-25,76617.95,76865.74,74424.27,75543.23,
2025-11-26,75543.56,78201.82,74576.99,78024.9,
2025-11-27,78001.29,79450.0,77678.78,78759.16,
2025-11-28,78765.93,80494.83,77861.26,78430.59,
2025-11-29,78427.57,78712.51,77855.23,78412.99,
2025-11-30,78391.88,79418.15,77900.0,77928.7,
2025-12-01,77913.0,77980.19,72103.01,74349.24,
2025-12-02,74353.73,79499.0,74240.01,78501.81,
2025-12-03,78519.16,80709.99,78249.38,80102.42,
2025-12-04,80102.42,80674.21,78017.58,79106.25,
2025-12-05,79108.97,79580.54,75779.23,76822.82,
2025-12-06,76807.15,77623.59,76471.07,76741.3,
2025-12-07,76754.76,78895.48,75424.91,77685.34,
2025-12-08,77664.75,79200.0,77137.41,77878.83,
2025-12-09,77892.3,81307.15,76904.39,79667.1,
2025-12-10,79660.47,80828.39,78604.79,78672.81,
2025-12-11,78666.62,79742.7,76008.87,78843.58,
2025-12-12,78817.04,79065.93,76354.74,76980.55,
2025-12-13,76966.83,77280.53,76537.3,76936.3,
2025-12-14,76932.81,77128.35,74650.42,75155.88,
2025-12-15,75171.28,76714.89,72539.5,73543.4,
2025-12-16,73544.23,74904.71,72579.35,74777.4,
2025-12-17,74779.0,76892.08,72604.03,73399.04,
2025-12-18,73379.58,76125.28,72001.01,72892.69,
2025-12-19,72903.67,76200.0,72573.66,75230.51,
2025-12-20,75234.17,75565.31,74963.41,75459.78,
2025-12-21,75472.2,76055.0,74820.1,75692.15,
2025-12-22,75709.64,77118.95,74745.42,75296.69,
2025-12-23,75307.23,75552.53,73543.0,74126.65,
2025-12-24,74118.88,74697.41,73317.59,74392.17,
2025-12-25,74401.16,75122.2,73782.82,74007.13,
2025-12-26,74003.51,75952.65,73500.01,74188.39,
2025-12-27,74191.78,74642.59,74067.82,74565.76,
2025-12-28,74561.71,74737.65,74119.94,74619.46,
2025-12-29,74603.32,76668.1,73707.72,74045.98,
2025-12-30,74047.59,75955.09,73680.23,75230.08,
2025-12-31,75238.87,75823.84,74103.48,74473.24,
2026-01-01,74476.78,75590.1,74351.24,75540.48,
2026-01-02,75513.54,77504.36,75064.54,76796.54,
2026-01-03,76799.25,77472.4,76215.14,77381.02,
2026-01-04,77381.0,78367.51,77381.0,78186.28,
2026-01-05,78194.66,80899.87,78178.78,80152.48,
2026-01-06,80155.2,80700.0,77965.0,80203.04,
2026-01-07,80213.05,80213.05,77586.01,78163.62,
2026-01-08,78181.43,78489.74,76526.54,78116.51,
2026-01-09,78120.87,79055.78,76955.38,77826.09,
2026-01-10,77829.99,78036.9,77649.54,77784.96,
2026-01-11,77785.75,78372.67,77498.11,78210.6,
2026-01-12,78209.24,79264.68,77067.54,78170.25,
2026-01-13,78186.77,82749.0,78001.59,81907.01,
2026-01-14,81908.15,84100.0,81136.63,83265.52,
2026-01-15,83269.2,83702.84,81932.87,82354.35,
2026-01-16,82362.35,82570.17,81319.28,82354.75,
2026-01-17,82355.95,82475.1,81929.02,82086.23,
2026-01-18,82074.04,82437.25,80514.94,80573.83,
2026-01-19,80512.74,80512.74,79104.35,79525.91,
2026-01-20,79544.54,79763.01,77201.0,77432.41,
