date,GBTC,IBIT,FBTC,OTHER,total_flow_usd_millions,close,return_1d,return_5d,return_10d,fwd_return_1d,fwd_return_5d,fwd_return_10d,flow_signal,flow_signal_5d_ma,cumulative_flow,flow_positive,strategy_return_1d,strategy_return_5d,fwd_return_positive
2024-01-11,-475.16429234943837,120.31047445295232,77.13594962343744,37.890546102740096,-239.82732217030846,46368.58594,-0.5558733758850076,5.409034225863851,4.983896035433677,-7.581464689367223,-11.01290290070035,-13.877450044145123,-239.82732217030846,,-239.82732217030846,0,-0.0,,0
2024-01-12,-498.64894196936797,257.707212718054,78.51111053960634,21.346322619519412,-141.08429609218823,42853.16797,-7.581464689367223,-2.4803205603125655,-4.681707911903821,-0.7962053592837415,-2.8813779202144785,-2.4182503396842803,-141.08429609218823,,-380.9116182624967,0,-0.0,,0
2024-01-15,-451.22362333596834,179.69546139570073,109.1051817454792,62.70797196780383,-99.71500822698461,42511.96875,1.7123519109433882,-8.82694570660828,-3.737821693598631,1.5124600880781491,-7.067660351533367,1.8260206780002397,-99.71500822698461,,-480.6266264894813,0,0.0,,1
2024-01-16,-399.46321942995576,237.1145873371309,82.07783543229198,111.87574757729435,31.604950916761467,43154.94531,1.5124600880781491,-6.930641866366982,-1.8964884311269747,-0.9553782701804625,-7.668633354131815,-0.4688591968928235,31.604950916761467,,-449.0216755727198,1,-0.9553782701804625,,0
2024-01-17,-479.4611612519757,139.60148132841795,109.30560308862317,17.974012572371812,-212.58006426256276,42742.65234,-0.9553782701804625,-0.2578937222969646,-2.7318176915916315,-3.4639725542123356,-6.236342330364608,-0.3744430006984434,-212.58006426256276,-132.32034796705653,-661.6017398352826,0,-0.0,,0
2024-01-18,-471.7290551621207,208.65897874728998,76.77133679565671,50.72658370018274,-135.57215591899129,41262.058594,-3.4639725542123356,-3.688693560786571,-12.153255427997811,0.8636206436191118,-3.219058983627987,4.395599511517667,-135.57215591899129,-111.4693147167931,-797.1738957542739,0,0.0,-0.0,1
2024-01-19,-373.45806824261024,184.43227646079205,83.14540761264362,92.36661666246287,-13.513767506711687,41618.40625,0.8636206436191118,-0.42554821758036265,-9.799199462033615,-5.072368815180184,0.47686794830112955,3.7662497707970255,-13.513767506711687,-85.95520899969777,-810.6876632609856,0,-0.0,0.0,0
2024-01-22,-406.56914903636647,316.77820616598075,0.07197261871569083,47.61075826262854,-42.108211989041486,39507.36719,-4.906437469287683,-7.569219439787355,-7.8075926203222235,0.8560013335578542,9.570060393589097,7.9764889541858786,-42.108211989041486,-74.43384975210915,-852.795875250027,0,0.0,0.0,1
2024-01-23,-461.06037881822135,225.4420843301213,116.65310698809927,63.57115388749202,-55.394033612508764,39845.55078,0.8560013335578542,-3.4329547828376716,-6.995017161604988,0.5810521738758734,7.797755431102127,8.129191431897187,-55.394033612508764,-91.8336466579632,-908.1899088625358,0,0.0,7.797755431102127,1
2024-01-24,-403.2259860332307,233.7602662075202,93.85953903591971,18.128194155593608,-57.47798663419718,40077.074219,0.5810521738758734,-3.7034864375663057,-4.113274534623268,-0.35747526932013995,6.251781847418791,10.582480192601796,-57.47798663419718,-60.813231132290085,-965.6678954967331,0,-0.0,0.0,0
2024-01-25,-446.4117470859302,158.81230338775327,119.92040439438608,62.84921291622946,-104.82982638756137,39933.80859,-0.35747526932013995,-4.156373445686857,-6.064551315328104,4.715459322533899,7.867931862594224,13.441637573592624,-104.82982638756137,-54.6647652260041,-1070.4977218842944,0,0.0,0.0,1
2024-01-26,-439.5317939843142,151.23937759275066,-30.0,44.38567204986354,-273.9067443417,41816.87109,4.715459322533899,0.6524992341726099,-3.100627773684006,3.5186157205144397,3.2737702614181963,12.746836363074255,-273.9067443417,-106.74336059300177,-1344.4044662259944,0,0.0,0.0,1
2024-01-29,-397.2672629606892,156.7441812180379,163.5349881912291,79.5718998703959,2.5838063189737,43288.24609,2.9799801269608572,8.01249076579953,4.012262819410584,-0.7753529891282307,-1.4543858364948536,15.40828555662095,2.5838063189737,-97.80495693139872,-1341.8206599070206,1,-0.7753529891282307,-0.0,0
2024-01-30,-498.2631742419252,239.44521423782967,74.41641487379304,85.62158154694254,-98.77996358335997,42952.60938,-0.7753529891282307,7.559511342867387,3.0889363751019028,-0.8614235906521772,0.3074609480221424,15.807728862129489,-98.77996358335997,-106.48214292556898,-1440.6006234903807,0,-0.0,0.0,0
2024-01-31,-482.1906747940425,157.9015519179737,124.32731266950066,127.68690926055842,-72.27490094600967,42582.60547,-0.8614235906521772,1.8311613471795996,2.495608895119039,1.1581441871785891,4.075883029803706,21.708605516195068,-72.27490094600967,-109.44152578793145,-1512.8755244363904,0,0.0,0.0,1
2024-02-01,-417.5147679977511,228.9774856896413,38.40376291497876,67.38899519640727,-82.74452419672379,43075.77344,1.1581441871785891,2.26903492666235,9.032255257199795,0.2555634669063833,5.1671572957367795,20.574862718007658,-82.74452419672379,-105.02446534976396,-1595.6200486331143,0,0.0,0.0,1
2024-02-02,-433.60572519904554,407.5400798645439,104.51095620250278,59.77388949746499,138.21920036546612,43185.85938,0.2555634669063833,2.7364086655728537,8.383140738706096,-1.220750073215282,9.172770663525466,20.780745986859174,138.21920036546612,-22.599276408330716,-1457.4008482676481,1,-1.220750073215282,0.0,0
2024-02-05,-360.92196159756475,287.1124703431692,37.86337747305375,55.83152904732008,19.885415265978295,42658.66797,0.17632603087993637,0.1786234054033775,2.0130556353397555,0.9986338774093717,17.111539195582615,21.380125057852318,19.885415265978295,-19.138954618929798,-1437.5154330016699,1,0.9986338774093717,17.111539195582615,1
2024-02-06,-415.81031411691947,167.3976467832159,55.049241572167794,39.40501121567935,-153.95841454585644,43084.67188,0.9986338774093717,0.020657644168364797,2.2901612999919108,2.863085004884569,15.452756721794959,21.353773206453862,-153.95841454585644,-30.174644811429097,-1591.4738475475262,0,0.0,0.0,1
2024-02-07,-434.90197132246107,320.1213922163945,156.56125415467145,60.15451530385074,101.9351903524556,44318.22266,2.863085004884569,2.6220695761455914,5.430228780817448,2.2188248782989417,16.942179084218733,16.970348941335445,101.9351903524556,4.667373448263959,-1489.5386571950708,1,2.2188248782989417,0.0,1
2024-02-08,-284.9832168408169,159.19246269784486,72.37270396946613,41.137957695829115,-12.280092477676803,45301.56641,2.2188248782989417,5.371471393099925,4.650963025422961,4.0741037369352195,14.650681656197495,13.252094189561593,-12.280092477676803,18.760259792073356,-1501.8187496727476,0,0.0,0.0,1
2024-02-09,-363.63285988368347,-3.8124535177854,88.69731492718891,55.05382928808843,-223.69416918619152,47147.19922,4.0741037369352195,10.716846663544999,9.765622858650168,5.962227844931145,10.63266531826872,7.6033148507352655,-223.69416918619152,-53.62241411825816,-1725.512918858939,0,0.0,10.63266531826872,1
2024-02-12,-343.1438998088246,99.19136890825959,114.80270922755017,89.5279260682388,-39.62189560477603,49958.22266,3.446199355856483,12.726142118263372,15.681899995109006,-0.4319233922082,3.644889215520375,9.135992909640468,-39.62189560477603,-65.52387629240903,-1765.134814463715,0,-0.0,3.644889215520375,0
2024-02-13,-412.03024240759675,12.92080789741442,99.82727551890419,19.803723041610766,-279.4784359496674,49742.44141,-0.4319233922082,9.80291709961647,15.700949380411577,4.190091682112329,5.111195827812498,14.761900445288179,-279.4784359496674,-90.62788057317123,-2044.6132504133825,0,0.0,0.0,1
2024-02-14,-362.3791592440788,164.84865159586914,86.01675620574306,84.19635683387136,-27.317394608595208,51826.69531,4.190091682112329,9.925289661776858,21.70581439928718,0.21583351848097898,0.024088705493019447,20.60346253244445,-27.317394608595208,-116.4783975653814,-2071.930645021978,0,0.0,0.024088705493019447,1
2024-02-15,-324.0741856147286,201.84183791895518,94.59844009864902,89.51345202019596,61.87954442307155,51938.55469,0.21583351848097898,8.723395274404023,21.753812675365623,0.4267512473593582,-1.2198684268008408,17.82842856384459,61.87954442307155,-101.64647018523172,-2010.0511005989063,1,0.4267512473593582,-0.0,1
2024-02-16,-381.72184937187,367.6437312275283,176.136623409531,46.45794419026764,208.51644945545695,52160.20312,0.4267512473593582,8.005739257688127,21.064408393958022,-0.7305542678262444,-2.738206169776891,19.70933599769311,208.51644945545695,-15.204346456902021,-1801.5346511434493,1,-0.7305542678262444,-0.0,0
2024-02-19,-300.02917489360306,232.69273737641626,77.69524811865658,-13.655646970257834,-3.2968363687880498,51779.14453,-0.6588364739555153,-0.09174958911730702,9.824433660176158,0.9767068857365668,5.297997552683786,31.965127427724216,-3.2968363687880498,-7.939334609704426,-1804.8314875122373,0,0.0,0.0,1
2024-02-20,-343.5764771324683,178.08994711911356,88.0439618685987,31.765340387167026,-45.67722775758902,52284.875,0.9767068857365668,0.66678850050228,9.448350371449376,-0.8524364072784008,9.181424054279553,22.02611026611425,-45.67722775758902,38.82090702871125,-1850.5087152698263,0,-0.0,0.0,0
2024-02-21,-322.94679467424425,282.9405581183489,122.02617584030449,88.90983639683327,170.92977568124243,51839.17969,-0.8524364072784008,-0.6154566332141287,7.34101077117475,-1.0305082626588136,20.5744177160609,27.52286028698925,170.92977568124243,78.47034108667879,-1679.5789395885838,1,-1.0305082626588136,0.0,0
2024-02-22,-333.35066046778655,-21.113530900788504,124.22103731831936,49.31395813103354,-180.92919591922214,51304.97266,-1.0305082626588136,-0.6929978071273712,2.6957524273142353,-1.1168964922707358,19.283530693143547,30.44638932665986,-180.92919591922214,29.908593018220046,-1860.508135507806,0,-0.0,19.283530693143547,0
2024-02-23,-205.63888562203726,223.5614558108566,127.48121222241521,20.020933031152676,165.42471544238722,50731.94922,-1.1168964922707358,-2.6679388158094564,1.9892626536844649,7.47153061981245,23.079506642303627,34.62935053769651,165.42471544238722,21.2902462156061,-1695.0834200654187,1,7.47153061981245,23.079506642303627,1
2024-02-26,-293.9979709919126,277.0865193886967,105.54920888116739,34.856752363153475,123.49450964110493,54522.40234,5.3914352797789,5.176051523279801,4.528738537627075,4.70076269570332,25.325391265582287,32.283067426555355,123.49450964110493,46.6485154175847,-1571.5889104243138,1,4.70076269570332,0.0,1
2024-02-27,-341.36045163803834,52.14137542201584,34.27980349078066,75.2186007951366,-179.7206719301052,57085.37109,4.70076269570332,11.26674107850505,10.495665002768906,9.4935319969381,11.764534418830209,25.218226132407185,-179.7206719301052,19.839826583081457,-1751.309582354419,0,0.0,0.0,1
2024-02-28,-242.57958879334248,314.3754043206929,145.33726129204382,66.40200704604138,283.5350838654356,62504.78906,9.4935319969381,23.205967878243495,19.9189080378261,-2.0900898469490836,5.762783434949803,16.924640654086854,283.5350838654356,42.36088821992009,-1467.7744984889835,1,-2.0900898469490836,5.762783434949803,0
2024-02-29,-340.0597553835746,233.84964074944142,34.14618427925248,42.83203702490917,-29.23189332997154,61198.38281,-2.0900898469490836,18.667976752056028,18.191181730595506,2.0298739001923582,9.358256390174024,16.66418371162184,-29.23189332997154,72.70034873777021,-1497.006391818955,0,0.0,0.0,1
2024-03-01,-263.9626382967754,158.47120860991987,92.10541860956133,38.99526764555937,25.609256568265145,62440.63281,2.0298739001923582,20.697321269640035,19.423892301549927,9.432609800611647,9.38405117998995,11.151617651262558,25.609256568265145,44.7372569629458,-1471.3971352506899,1,9.432609800611647,9.38405117998995,1
2024-03-04,-367.85379500579506,263.2781866106285,49.82896599922569,38.24725552868534,-16.499386867255538,68330.41406,8.17359165168321,9.32028583347082,34.689116248390015,-6.628402450514869,5.551689159484674,-1.144176163360422,-16.499386867255538,16.738477661273702,-1487.8965221179453,0,-0.0,5.551689159484674,0
2024-03-05,-331.8190277259285,427.0692857804396,77.43446613628029,22.327694465044924,195.0124186558363,63801.19922,-6.628402450514869,4.253080376455132,23.71502118443405,3.6137337513826084,12.037532105811088,-2.9598593805240436,195.0124186558363,91.685095778462,-1292.8841034621091,1,3.6137337513826084,0.0,1
2024-03-06,-251.17982658705188,218.18662550584952,93.15049641213922,98.46127068408325,158.61856601502012,66106.80469,3.6137337513826084,5.871452153849499,27.784006738964973,1.2384196964882577,10.553671959666456,2.7332544637016953,158.61856601502012,66.70179220837892,-1134.265537447089,1,1.2384196964882577,10.553671959666456,1
2024-03-07,-219.7852305165255,224.8220586300336,92.85428861801093,40.330385923659804,138.22150265517882,66925.48438,1.2384196964882577,7.8923887526439085,22.748597838104722,2.053940113746555,6.680727695018596,-2.142821637057224,138.22150265517882,100.192471405409,-996.0440347919101,1,2.053940113746555,0.0,1
2024-03-08,-243.89712617644633,154.0639100459756,96.87683016941139,86.51475562476489,93.55836966370555,68300.09375,2.053940113746555,8.125591696204948,19.64552817274152,5.598546488085887,1.6159270498805167,-6.61980354895193,93.55836966370555,113.78229402449706,-902.4856651282046,1,5.598546488085887,1.6159270498805167,1
2024-03-11,-254.0750660151168,115.01556305352082,144.54845076234588,95.63948155767355,101.12842935842346,72123.90625,4.497430711214645,9.102091060393057,15.507968135853357,-0.8909905514165151,-6.343683721373594,-3.0019086077995083,101.12842935842346,137.30785726963288,-801.3572357697811,1,-0.8909905514165151,-0.0,0
2024-03-12,-259.243920112558,283.03358165442455,98.14137206055919,79.94932694443881,201.88036054686455,71481.28906,-0.8909905514165151,6.8072793528580755,15.23692505550802,2.241441027532587,-13.38604234174956,-2.0892923723667245,201.88036054686455,138.68144564783853,-599.4768752229165,1,2.241441027532587,-13.38604234174956,1
2024-03-13,-314.07875006327106,114.39161740911328,70.23373458837405,37.05139061845855,-92.40200744732519,73083.5,2.241441027532587,7.00351344686112,15.69818205014679,-2.30819028918976,-7.073864990045642,-4.964398598862941,-92.40200744732519,88.47733095536944,-691.8788826702418,0,-0.0,-7.073864990045642,0
2024-03-14,-272.17548679024276,207.15662372193924,118.56348673153428,62.111902710098285,115.65652637332906,71396.59375,-2.30819028918976,4.2303039423833955,4.487283930853447,-2.7911980184628815,-8.270987199581914,-0.9127054888385278,115.65652637332906,83.9643356989995,-576.2223562969127,1,-2.7911980184628815,-8.270987199581914,0
2024-03-15,-255.3114487284451,152.23425532348833,127.57881955698562,49.274131808272514,73.77575796030136,69403.77344,-2.7911980184628815,0.5563395443967556,8.781299236525552,-2.6730242435648255,-8.104763532580627,0.7046514270910631,73.77575796030136,80.00781335831866,-502.4465983366114,1,-2.6730242435648255,-8.104763532580627,0
2024-03-18,-175.58415625920023,247.89798257463917,30.8956873945203,22.888944178096157,126.0984578880554,67548.59375,-1.23120859035869,-7.573400630785332,-1.100291315485935,-8.34335697773131,3.5681257243049602,3.1881562153172283,126.0984578880554,85.00181906424505,-376.34814044855597,1,-8.34335697773131,3.5681257243049602,0
2024-03-19,-207.48356758018772,233.36621052869484,103.89600279399431,59.73077845164809,189.50942419414952,61912.77344,-8.34335697773131,-13.283295199219502,-9.61491501732713,9.692504642544408,13.042643789533347,5.708352289249352,189.50942419414952,82.52763179370204,-186.83871625440645,1,9.692504642544408,13.042643789533347,1
2024-03-20,-309.1031125603993,303.7539944257899,108.04690969243593,14.628806265205924,117.32659782303246,67913.67188,9.692504642544408,-2.1470036658571723,-1.6026087518732246,-3.566706368461481,2.270046409394655,-2.8460534182502384,117.32659782303246,124.47335284777357,-69.51211843137399,1,-3.566706368461481,0.0,0
2024-03-21,-201.09490578379933,148.9983601145253,68.09745986560033,85.63038165384691,101.6312958501732,65491.39062,-3.566706368461481,0.2698815183737935,-9.196001679401554,-2.6150443345098084,8.021760494417807,4.607404273193927,101.6312958501732,121.6683067431424,32.11917741879921,1,-2.6150443345098084,8.021760494417807,0
2024-03-22,-232.96157999517914,173.01250647066288,135.02827253246477,36.06148108104821,111.14068008899673,63778.76172,-2.6150443345098084,-6.743414437285811,-10.775585389254305,9.689825599204172,9.586367366054915,6.363997654609843,111.14068008899673,129.14129116888148,143.25985750779594,1,9.689825599204172,9.586367366054915,1
2024-03-25,-244.02129226963888,102.12362842176927,73.99777651869893,56.03478967618518,-11.865097652985504,69958.8125,4.052464013185086,3.0113827796171444,0.7997246150885928,0.04148646748400875,-0.3668788117293986,2.3907593914633596,-11.865097652985504,101.54858006067329,131.39475985481045,0,0.0,-0.3668788117293986,1
2024-03-26,-176.11748744157126,155.57067399238883,85.02305813886169,58.498636146384264,122.97488083606353,69987.83594,0.04148646748400875,6.865704449749255,7.154115235539105,-0.7608353406676316,-6.4880749904781325,-1.2128112029748839,122.97488083606353,88.24167138905611,254.36964069087398,1,-0.7608353406676316,-6.4880749904781325,0
2024-03-27,-151.734853745502,237.73004930448522,73.07712702864522,42.23285078887768,201.3051733765061,69455.34375,-0.7608353406676316,8.90042684572836,1.5568197395476435,1.8567460765033017,-5.002539851370324,1.6306003236791877,201.3051733765061,105.03738649975085,455.6748140673801,1,1.8567460765033017,-5.002539851370324,1
2024-03-28,-153.36082121661374,275.6988616645352,80.6231619032587,67.60081404425824,270.5620163954384,70744.95312,1.8567460765033017,10.43165809874196,4.731940655685385,-1.204502883130898,-3.1608040876174415,-0.9673393080623094,270.5620163954384,138.82353060880388,726.2368304628185,1,-1.204502883130898,-3.1608040876174415,0
2024-03-29,-238.58123659543105,107.78346758223746,36.14899652419193,35.75289030132427,-58.8958821876774,69892.82812,-1.204502883130898,3.954322877279126,12.889189478377228,-0.2728172333685275,-2.940484102991825,-3.8587091158617137,-58.8958821876774,104.81621815346902,667.340948275141,0,-0.0,-2.940484102991825,0
2024-04-01,-208.83113051981135,286.960592010566,22.39796469622823,76.13891892371733,176.6663451107002,69702.14844,-2.2871394295390424,0.3553429825188914,9.287396870457787,-6.104798596936911,2.767792647970757,-9.0039369523916,176.6663451107002,142.5225067062062,844.0072933858412,1,-6.104798596936911,0.0,0
2024-04-02,-173.61120672445105,335.56378588049506,143.78020252899887,9.620609592597546,315.3533912776404,65446.97266,-6.104798596936911,-7.488845813514622,2.1616014944195294,0.8156830152760808,5.641273866371677,-2.4983728254238224,315.3533912776404,180.99820879452156,1159.3606846634816,1,0.8156830152760808,5.641273866371677,1
2024-04-03,-138.25381594492336,241.3434903223701,46.12154606726689,53.79138738639236,203.00260783110596,65980.8125,0.8156830152760808,-5.597163149963558,-1.8641701756020757,3.8314642609167615,6.982439493299664,-7.1295288914485555,203.00260783110596,181.33769568544153,1362.3632924945875,1,3.8314642609167615,6.982439493299664,1
2024-04-04,-207.89843247798566,387.6795812558066,40.34430602174771,108.16786997174854,328.2933247713172,68508.84375,3.8314642609167615,-1.6317840018914898,-2.0726034336274624,-0.9797320948070953,2.2650588523470683,-7.292620290354845,328.2933247713172,192.8839573606173,1690.6566172659047,1,-0.9797320948070953,2.2650588523470683,0
2024-04-05,-190.18241325317217,122.6210800896427,-6.135604544148592,19.99006026183276,-53.7068774458453,67837.64062,-0.9797320948070953,-4.900923892797316,-3.0722414704225764,5.592350685146785,-0.9460432646750894,-5.88769048200427,-53.7068774458453,193.92175830898373,1636.9497398200594,0,0.0,-0.0,1
2024-04-08,-233.22620796897235,75.5345296688583,54.44153009241991,29.667650884254456,-73.5824973234397,71631.35938,3.2709358819609458,8.563924368163844,2.4874243992746736,-3.479403122560143,-11.454687599145208,-6.692152335920099,-73.5824973234397,143.87198982215574,1563.3672424966198,0,-0.0,-11.454687599145208,0
2024-04-09,-234.7792057596112,22.127975109572134,27.076408263700067,65.41723548976745,-120.15758689657153,69139.015625,-3.479403122560143,0.9198401848666382,-0.726953622004467,2.0955854981483224,-7.704987259138463,-3.9510863154554765,-120.15758689657153,56.769794187313344,1443.2096556000483,0,0.0,-7.704987259138463,1
2024-04-10,-131.4506023129963,349.6044311489183,145.68060640545477,55.387453458187935,419.2218886995647,70587.88281,2.0955854981483224,4.0541536599213,-1.0454612182458134,-0.7469744225354513,-13.190920352523882,-8.940605835972093,419.2218886995647,100.0136503610051,1862.431544299613,1,-0.7469744225354513,-13.190920352523882,0
2024-04-11,-101.42071112482995,265.43656563540577,120.39268357370537,60.518902978206775,344.92744106248796,70060.60938,-0.7469744225354513,1.6902260671602498,0.5142753100480846,-4.0889484338652915,-9.3459870360037,-7.962965779730413,344.92744106248796,103.34047361923926,2207.358985362101,1,-4.0889484338652915,-9.3459870360037,0
2024-04-12,-170.03604792805646,194.44153290895449,52.47398619289105,64.67561390442991,141.55508507821898,67195.86719,-4.0889484338652915,-3.1237135219190137,2.6722313636806216,-5.609952527796236,-4.988843838447976,-5.12017632017705,141.55508507821898,142.3928661240521,2348.91407044032,1,-5.609952527796236,-0.0,0
2024-04-15,-113.50795941526259,227.99686263198203,170.09743221377235,69.0416440568531,353.6279794873449,63426.21094,-3.5177371710864436,-10.145752478901981,-6.502923214430634,0.608033073842007,5.378641888646318,0.6541619684526045,353.6279794873449,227.834961486209,2702.5420499276647,1,0.608033073842007,0.0,1
2024-04-16,-142.89733451645623,87.45109527016236,119.27061947966376,83.29099525868669,147.1153754920566,63811.86328,0.608033073842007,-8.919057592130809,-7.379583761337782,-3.9728848832950137,4.067284712580177,-4.975576086954836,147.1153754920566,281.2895539639346,2849.657425419721,1,-3.9728848832950137,0.0,0
2024-04-17,-190.5743724197828,444.57519796168265,67.0067446596551,62.29455970785538,383.3021299094103,61276.69141,-3.9728848832950137,-8.808839036578265,-11.657389662387596,3.649124077275312,4.896163550877319,-4.932837627892416,383.3021299094103,274.1056022059038,3232.9595553291315,1,3.649124077275312,4.896163550877319,1
2024-04-18,-137.63183168187814,212.92211819752276,-19.976228594942924,42.762270361443726,98.07632828214543,63512.75391,3.649124077275312,-0.4837223854809114,-11.333870444830296,0.520866093239758,1.5256040091932377,-6.910927411870427,98.07632828214543,224.73537964983524,3331.035883611277,1,0.520866093239758,1.5256040091932377,1
2024-04-19,-76.22626235071557,210.93947946048928,171.63770290362967,70.17721103608194,376.52813104948535,63843.57031,0.520866093239758,-2.882861213124166,-7.659127436412638,4.689758679631706,-0.13822848498523665,-1.493861269614205,376.52813104948535,271.72998884408855,3707.564014660762,1,4.689758679631706,-0.13822848498523665,1
2024-04-22,-152.38840791159862,272.57666238986917,24.41710132945616,106.99645804685647,251.60181385458318,66837.67969,2.943375826417438,9.075209760905079,-0.533049895743154,-0.6439574982199714,-4.483337264097664,-5.4994884428191,251.60181385458318,251.32475571753622,3959.1658285153453,1,-0.6439574982199714,-4.483337264097664,0
2024-04-23,-69.87577194527458,248.10092317367133,14.184050121724326,46.020987608522795,238.43018895864387,66407.27344,-0.6439574982199714,4.557383126704995,4.0516156588480845,-3.208044675896582,-8.689436670237127,-6.132546660991178,238.43018895864387,269.58771841085365,4197.596017473989,1,-3.208044675896582,-8.689436670237127,0
2024-04-24,-276.64720077122274,222.38840242791315,120.90281728038562,20.764120859880755,87.40813979695679,64276.89844,-3.208044675896582,0.6787341746332665,-2.2236940027516083,0.3186348361086333,-9.370219887977527,-4.805703300826536,87.40813979695679,210.40892038836296,4285.004157270946,1,0.3186348361086333,-9.370219887977527,1
2024-04-25,-102.15727321133386,120.95255445546881,177.59009625357092,83.21242007860918,279.59779757631503,64481.70703,0.3186348361086333,-0.7888895863656264,1.6641323426973775,-1.126500450216128,-8.309757428579035,-2.2203911092705475,279.59779757631503,246.7132142471969,4564.601954847261,1,-1.126500450216128,-8.309757428579035,0
2024-04-26,-136.53229113557063,247.14683571359956,135.37091274042072,46.38856508139205,292.3740223998417,63755.32031,-1.126500450216128,-1.804073240622761,-0.08860886846681071,0.13457822748408343,-1.3575092490975327,-4.6467384299774706,292.3740223998417,229.88239251726813,4856.975977247103,1,0.13457822748408343,-1.3575092490975327,1
2024-04-29,-153.5063937175445,388.2024496475034,102.55636480209438,-15.180086380421088,322.07233435163215,63841.12109,1.1533090836571835,-0.677968851292321,-0.0038362829461235926,-5.019124923390339,-1.06384702900586,-1.471891241814649,322.07233435163215,243.97649661667793,5179.048311598735,1,-5.019124923390339,-1.06384702900586,0
2024-04-30,-131.67785769023118,334.5420046154978,103.79017366661144,75.42265031451265,382.07697090639067,60636.85547,-5.019124923390339,-5.962701263803682,-6.704551720833074,-3.929695450943871,2.800212720199613,1.5105229037695622,382.07697090639067,272.7058530062273,5561.125282505126,1,-3.929695450943871,2.800212720199613,0
2024-05-01,-233.3920650839309,359.3186626639397,114.13662235121231,33.94015442138232,274.0033743526034,58254.011719,-3.929695450943871,-8.628783549750473,-10.277187215360929,1.4924669483602715,5.036442305728928,13.756100626433486,274.0033743526034,310.0248999173566,5835.12865685773,1,1.4924669483602715,5.036442305728928,1
2024-05-02,-142.78216344973896,148.8784323568815,110.3571435914706,47.28400153087517,163.73741402948832,59123.43359,1.4924669483602715,-6.773518196563666,-11.541762275081158,6.370405305142901,6.641237004652112,10.366019085597555,163.73741402948832,286.85282320799126,5998.8660708872185,1,6.370405305142901,6.641237004652112,1
2024-05-03,-111.76450174735844,101.03951797414192,91.24765695877502,59.95940991707044,140.48208310262893,62889.83594,6.370405305142901,-0.3539583195732554,-5.296765426121686,0.4326824453153577,-3.3344952624788093,6.609166644933695,140.48208310262893,256.4744353485487,6139.348153989848,1,0.4326824453153577,-3.3344952624788093,1
2024-05-06,-53.582995776179175,187.4213079900352,84.16804415807505,55.71499039337199,273.72134676530305,63161.94922,-1.357439032945329,8.42506353841248,-0.9307005079965514,-1.309542881773662,-0.4124318568647256,13.09367567361468,273.72134676530305,246.8042378312829,6413.06950075515,1,-1.309542881773662,-0.4124318568647256,0
2024-05-07,-151.2841879086114,205.57249122886947,77.4962748840191,71.28355451417119,203.06813271844837,62334.81641,-1.309542881773662,5.431658185263388,-1.7097743668542331,-1.8398626418606345,-1.2545594822262807,12.52594302779948,203.06813271844837,211.0024701936944,6616.137633473599,1,-1.8398626418606345,-1.2545594822262807,0
2024-05-08,-163.72316211546263,309.41915184709484,49.84141644533295,36.935408882904696,232.47281505986984,61187.94141,-1.8398626418606345,-2.706151963289727,-3.0505316328486187,3.043115174480593,8.301555278618755,12.94697681838548,232.47281505986984,202.69635833514775,6848.610448533469,1,3.043115174480593,8.301555278618755,1
2024-05-09,-146.3483894970512,30.753537028518053,68.77299692532904,65.39317394528248,18.57131840207839,63049.96094,3.043115174480593,-1.317095513634703,-1.2392641866120546,-3.57999206716082,3.4928158989593783,7.756529880571872,18.57131840207839,173.66313920966573,6867.181766935548,1,-3.57999206716082,3.4928158989593783,0
2024-05-10,-73.4861710420475,352.95503194606135,12.281727432184582,42.21359967248249,333.96418800868094,60792.77734,-3.57999206716082,-5.057470214698833,0.25714042852558183,3.468622379607189,10.286670446104672,12.75648687117541,333.96418800868094,212.35956019087612,7201.145954944229,1,3.468622379607189,10.286670446104672,1
2024-05-13,-100.8475885639146,184.19921014210107,76.06641492821001,72.16431442662508,231.58235093302156,62901.44922,2.3646747829849435,2.800401141980502,0.01846606820707919,-2.1440843998411174,13.56204171093658,10.281592650402205,231.58235093302156,203.93176102441984,7432.72830587725,1,-2.1440843998411174,13.56204171093658,0
2024-05-14,-141.83460131583337,157.311893005258,40.456355713963305,68.4610245203916,124.39467192377955,61552.78906,-2.1440843998411174,-2.3745801863775062,-3.6604002109097644,7.659609258979705,13.955583607473333,10.997374844219587,124.39467192377955,188.19706886548607,7557.122977801029,1,7.659609258979705,13.955583607473333,1
2024-05-15,-87.77670801384401,98.78956247398325,35.85642731136916,21.93683893866214,68.80612071017055,66267.49219,7.659609258979705,9.005535015091004,3.4926125493296656,-1.5321421657076395,4.289339638582135,1.9647005899469772,68.80612071017055,155.4637299955462,7625.9290985112,1,-1.5321421657076395,4.289339638582135,0
2024-05-16,-106.71120260681289,34.51433281342307,87.19576604613914,82.57946348525097,97.57835973800029,65252.18,-1.5321421657076395,7.333766916121087,3.3093196233059397,2.74956330960896,4.119816380081098,4.729956914849431,97.57835973800029,171.26513826273057,7723.507458249201,1,2.74956330960896,4.119816380081098,1
2024-05-17,-61.28882196966885,282.31705839619144,135.68009145378397,33.92109664657856,390.62942452688515,67046.33,2.74956330960896,9.109978401904396,7.558398117370824,6.5415064478547835,2.239451436044293,0.6447472665543241,390.62942452688515,182.59818556637146,8114.136882776086,1,6.5415064478547835,2.239451436044293,1
2024-05-20,-143.01019639321248,207.3317967188404,116.73266424009252,74.24173394843436,255.29599851415477,71432.17,7.8032351155918,7.793682300805949,17.501080104460964,-1.8049710655577145,-2.8886844680764967,-3.6813197191125413,255.29599851415477,187.3409150825981,8369.43288129024,1,-1.8049710655577145,-2.8886844680764967,0
2024-05-21,-122.50709424325993,71.00391002589461,17.179975855072918,61.018619402040216,26.695411039747817,70142.84,-1.8049710655577145,7.495013959686858,15.378447729942103,-1.4725808079627312,-2.5959313880076773,0.5695235607797056,26.695411039747817,167.80106290579175,8396.128292329988,1,-1.4725808079627312,-2.5959313880076773,0
2024-05-22,-123.9753193516477,70.4921227936384,40.4148745371865,105.14551030385368,92.07718828303089,69109.93,-1.4725808079627312,3.077871674706123,12.468243521414578,-1.6922025532365548,-2.2290284478655886,2.910117258113276,92.07718828303089,172.45527642036382,8488.205480613018,1,-1.6922025532365548,-2.2290284478655886,0
2024-05-23,-175.82057619656055,166.4215300709872,117.63084751952863,43.29602052884444,151.52782192279972,67940.45,-1.6922025532365548,1.519009585070319,8.010945443205797,0.893944623563736,0.5859984736633406,4.17010779292748,151.52782192279972,183.2451688573237,8639.733302535818,1,0.893944623563736,0.5859984736633406,1
2024-05-24,-86.1422451440989,366.90215252893927,40.70050425846762,39.520496116454076,360.9809077597621,68547.8,0.893944623563736,3.450232578074619,11.364246928244714,1.1975876687508435,-1.5597737928861433,1.1331217048541342,360.9809077597621,177.3154655038991,9000.71421029558,1,1.1975876687508435,-1.5597737928861433,1
2024-05-27,-86.22696742786859,174.0408648636395,71.01467400011902,49.41741182336802,208.24598325925797,69368.72,1.307070800301191,0.3744613834799182,3.463858499040895,-1.508951008466075,-0.8162130712517035,0.18597719548520963,208.24598325925797,167.90546245291972,9208.960193554838,1,-1.508951008466075,-0.8162130712517035,0
2024-05-28,-97.38310858571982,49.68570468818939,102.00208396098208,40.90460651497174,95.20928657842339,68321.98,-1.508951008466075,0.5615653119754205,2.0891051279610773,-1.1014464159264659,3.24981799415065,-1.4716347506322225,95.20928657842339,181.60823756065486,9304.169480133261,1,-1.1014464159264659,3.24981799415065,0
2024-05-29,-107.75431097913442,175.42569359140558,41.26622180545459,73.9982570582615,182.93586147598725,67569.45,-1.1014464159264659,-1.4272522239955232,1.9737368328754945,1.1382806875000595,5.256310359193406,1.005113997524032,182.93586147598725,199.7799721992461,9487.105341609249,1,1.1382806875000595,5.256310359193406,1
2024-05-30,-165.20633852130163,172.72764302523296,84.21502024583839,1.510681746902364,93.24700649667209,68338.58,1.1382806875000595,-1.3726288492931116,-4.330807813902327,-1.2583969699107134,3.563228852574918,-2.3408885581175265,93.24700649667209,188.1238091140206,9580.352348105922,1,-1.2583969699107134,3.563228852574918,0
2024-05-31,-113.90914799531363,-50.0,26.63898020327182,18.389527425609376,-118.88064036643243,67478.60938,-1.2583969699107134,-1.4532737815325492,-3.7982930545726434,1.9619759093500333,2.735564109812727,-2.1847210450026577,-118.88064036643243,92.15149948878168,9461.471707739489,0,0.0,2.735564109812727,1
2024-06-03,-108.4774878527058,194.57051334821878,55.94529424195145,17.96591235262421,160.00423209008864,68802.52344,1.5563858701873379,1.8248978495459145,0.3715997304071017,2.5286813230291028,1.010437590426827,-3.3730062851892506,160.00423209008864,82.50314925494781,9621.475939829577,1,2.5286813230291028,1.010437590426827,1
2024-06-04,-129.94587895578064,176.9065469791322,92.79127736570148,78.50922775920728,218.26117314826033,70542.32,2.5286813230291028,3.2247377689147205,1.8078452386914412,0.820486198922854,-4.572843649032254,-7.640122978660191,218.26117314826033,107.1135265689152,9839.737112977838,1,0.820486198922854,-4.572843649032254,1
2024-06-05,-96.41150846159883,269.6206364813418,16.28025065873323,101.31840117745776,290.807779855934,71121.11,0.820486198922854,5.398007833100982,3.8662862190048886,-0.4885609912443689,-4.038899280396491,-8.68563496829563,290.807779855934,128.68791024490457,10130.544892833772,1,-0.4885609912443689,-4.038899280396491,0
2024-06-06,-66.68442888449565,384.8956094945345,97.61898951841596,46.866523443875856,462.6966935723306,70773.64,-0.4885609912443689,4.500678981384887,2.025293244563242,-2.0475278648943274,-5.700978499904763,-8.38272554583882,462.6966935723306,202.57784766003627,10593.241586406102,1,-2.0475278648943274,-5.700978499904763,0
2024-06-07,8.85843865976409,312.65650295477576,79.21448804293276,44.93534830429968,445.6647779617723,69324.53,-2.0475278648943274,2.3268968483254993,1.4673901429671732,0.2498394147064431,-4.789271560874631,-7.507082990681657,445.6647779617723,315.48693132567723,11038.906364367875,1,0.2498394147064431,-0.0,1
2024-06-10,-75.30958733316812,173.11113094451696,102.0995981766859,52.10156489339544,252.0027066814302,69497.73,-0.2012410775918294,-2.2825571760620833,2.9922380418800465,-3.1385197761135464,-4.339594976699235,-13.287815299866622,252.0027066814302,333.8866262439455,11290.909071049306,1,-3.1385197761135464,-4.339594976699235,0
2024-06-11,-69.77192457465505,89.34740912583297,88.95656536258646,84.85634907824571,193.38839899201008,67316.53,-3.1385197761135464,-4.884742398441,-0.603909991477547,1.3846079113109422,-3.2142625295748295,-8.210197406194286,193.38839899201008,328.9120714126954,11484.297470041316,1,1.3846079113109422,-3.2142625295748295,1
2024-06-12,-85.00566474549873,457.33598032498605,134.56561719895376,22.179405974282776,529.0753387527238,68248.6,1.3846079113109422,-1.5520191770503122,0.7387637859590068,-2.2121332891810286,-4.842311783684949,-10.889483447279513,529.0753387527238,376.5655831920534,12013.37280879404,1,-2.2121332891810286,-4.842311783684949,0
2024-06-13,-175.87843380479904,205.92184340144883,85.0089801059163,57.15106948204355,172.20345918460964,66738.85,-2.2121332891810286,-3.7013709876984047,-2.999415336560507,-1.1004984353191638,-2.843875793484618,-7.676877860496556,172.20345918460964,318.46693631450927,12185.57626797865,1,-1.1004984353191638,-2.843875793484618,0
2024-06-14,-79.94427692927464,201.39292919129463,62.823778354989884,79.25592889347288,263.5283595104828,66004.39,-1.1004984353191638,-5.217678254662294,-6.4329185657630905,0.7233155249219081,-2.854522252232017,-8.6222143708926,263.5283595104828,282.03965262425135,12449.104627489132,1,0.7233155249219081,-2.854522252232017,1
2024-06-17,-74.30762177757609,197.58749128899967,84.89190012129136,65.03282509819536,273.2045947309103,66481.81,-0.22053542952554794,-2.588756399398684,-4.100597580683207,-1.9990580882199183,-9.354152662209403,-5.4927505734275295,273.2045947309103,286.2800302341474,12722.309222220043,1,-1.9990580882199183,-9.354152662209403,0
2024-06-18,47.12094619791054,219.8084760767855,101.73192116145552,55.6874484979623,424.3487919341139,65152.8,-1.9990580882199183,-2.3765018426298967,-5.989909680603079,-0.3207997200427304,-5.161850296533688,-4.777354158224978,424.3487919341139,332.47210882256815,13146.658014154156,1,-0.3207997200427304,-5.161850296533688,0
2024-06-19,-84.40235785037365,185.56395880760576,81.95440281302817,80.03138277701424,263.14738654727455,64943.79,-0.3207997200427304,-1.606862816246013,-6.740700139162781,-0.15846010834908997,-6.354895518108816,-7.389128352379803,263.14738654727455,279.28651838147823,13409.80540070143,1,-0.15846010834908997,-6.354895518108816,0
2024-06-20,-58.470866579807776,142.63379931197636,81.62366764815529,-31.09696878997711,134.68963159034678,64840.88,-0.15846010834908997,-2.0412134396906034,-6.700722455251418,-1.1113359349842256,-4.9744698097866635,-12.02750487038423,134.68963159034678,271.7837528626257,13544.495032291778,1,-1.1113359349842256,-4.9744698097866635,0
2024-06-21,-74.0681768047597,145.3141058759608,51.92033248772979,70.33625958592722,193.5025211448581,64120.28,-1.1113359349842256,-3.764846256308274,-4.748090847819997,-6.015694254610238,-5.937169956213539,-11.66690164172708,193.5025211448581,257.77858518950075,13737.997553436635,1,-6.015694254610238,-5.937169956213539,0
2024-06-24,-129.5709376742334,196.72467297840015,53.48396329796208,30.377729506177285,151.0154281083061,60263.0,-4.604027485209694,-7.207448164019992,-8.698497175718156,2.5334118779350545,4.259877536797041,-5.9133630917810205,151.0154281083061,233.34075186497995,13889.012981544942,1,2.5334118779350545,4.259877536797041,1
2024-06-25,-12.820103286403665,145.6575228866235,23.89578912801226,-4.918986905693707,151.8142218225384,61789.71,2.5334118779350545,-4.705627067368612,-6.650788614938364,-1.5747444032347735,0.4054234920345179,-6.055781779846514,151.8142218225384,178.8338378426648,14040.82720336748,1,-1.5747444032347735,0.4054234920345179,0
2024-06-26,-31.20823472546399,128.71542173228357,149.98306972747758,65.33607798574943,312.8263347200466,60816.68,-1.5747444032347735,-5.152192098973984,-8.723066243926237,1.313307467622371,-1.1044174065404366,-5.104010939104208,312.8263347200466,188.76962747721922,14353.653538087527,1,1.313307467622371,-1.1044174065404366,1
2024-06-27,-28.116044266154006,210.64302276918968,30.245470584348595,91.20975635488873,303.98220544227297,61615.39,1.313307467622371,-4.078181041771467,-7.319927059747622,-2.113173348411823,-7.422252784572169,-6.937584911821548,303.98220544227297,222.62814224760444,14657.6357435298,1,-2.113173348411823,-7.422252784572169,0
2024-06-28,-112.0185666187729,174.50227825791447,52.28379208816371,45.87654456116925,160.64404828847452,60313.35,-2.113173348411823,-4.524323733054647,-7.427846539212446,4.172840672919009,-6.091387727592645,-3.9863811245768987,160.64404828847452,216.05644767632776,14818.279791818273,1,4.172840672919009,-6.091387727592645,1
2024-07-01,4.690483091932805,350.3992988582688,51.263709377232104,78.58623641608817,484.9397277435219,62830.13,0.2582966241603035,3.3106871338586696,-2.0120779260477395,-1.2572152882701304,-9.757579683505346,3.067047609164586,484.9397277435219,282.8413076033709,15303.219519561795,1,-1.2572152882701304,-9.757579683505346,0
2024-07-02,-134.46000493351616,-50.0,115.79697507777766,98.36834773965936,29.705317883920856,62040.22,-1.2572152882701304,0.6894868311309921,-3.4168127318731645,-3.054808638654083,-6.435115800685431,4.914183089615087,29.705317883920856,258.4195268156474,15332.924837445717,1,-3.054808638654083,-6.435115800685431,0
2024-07-03,-33.96069670452826,309.15068519224616,68.20201286831889,89.44743360752142,432.8394349635582,60145.01,-3.054808638654083,-0.27910901981069713,-4.790804957240957,-5.158981601299928,-4.044259033293041,6.552164510405767,432.8394349635582,282.4221468643497,15765.764272409275,1,-5.158981601299928,-4.044259033293041,0
2024-07-04,47.265545568437446,324.60851924976294,129.90968290694934,99.19893588114178,600.9826836062915,57042.14,-5.158981601299928,-6.3127005090031885,-5.344672518792626,-0.7059868370997258,0.523525239410727,12.167706190546145,600.9826836062915,341.8222424971534,16366.746956015566,1,-0.7059868370997258,0.523525239410727,0
2024-07-05,-110.75503038302537,-7.339023240814953,53.06037503024526,72.26382473215676,7.230146138561707,56639.43,-0.7059868370997258,-9.620228804820819,-8.335174254742416,0.10593326945558257,2.2415479816799033,17.775920414453328,7.230146138561707,311.1394620671708,16373.977102154127,1,0.10593326945558257,2.2415479816799033,1
2024-07-08,-88.53108724201995,165.73124059196513,91.15976648895207,52.263009167047784,220.62292900594505,56699.43,1.5134791382332091,-5.728787807999369,-5.991907264312124,2.3782073294211337,14.211306886153885,19.151497642921633,220.62292900594505,258.2761023196555,16594.600031160073,1,2.3782073294211337,14.211306886153885,1
2024-07-09,-54.23834625251979,162.85591340042086,46.58611786960971,1.9410256430849486,157.14471066059573,58047.86,2.3782073294211337,1.7631175828957346,-4.660883258737236,-0.5775751250778338,12.129870076175076,13.594609689315007,157.14471066059573,283.76398087499047,16751.74474182067,1,-0.5775751250778338,12.129870076175076,0
2024-07-10,-83.41586159255844,59.248830528217866,165.80596511093552,42.618125356101544,184.25705940269648,57712.59,-0.5775751250778338,1.8947224574823451,-7.907782982964595,-0.6442615034258581,11.043032378203787,13.261941631799923,184.25705940269648,234.04750576281813,16936.001801223363,1,-0.6442615034258581,11.043032378203787,0
2024-07-11,-134.8125935496505,122.21833124091248,32.49606323881949,24.702602140514248,44.60440307059571,57340.77,-0.6442615034258581,-1.55203687886033,-8.736827378838786,0.9910226179383308,11.583538205015387,14.744570050245231,44.60440307059571,122.77184965567896,16980.60620429396,1,0.9910226179383308,11.583538205015387,1
2024-07-12,-52.90452768450488,88.94241545341713,92.3928284090811,115.12828152493441,243.55899770292777,57909.03,0.9910226179383308,3.6791217975263857,-6.658889991041295,11.825668639243325,15.193796200696163,17.29445304126145,243.55899770292777,170.03761996855218,17224.165201996886,1,11.825668639243325,15.193796200696163,1
2024-07-15,-108.51676486747218,375.22704434236226,105.35107523728394,44.723425627029904,416.78478033920385,64757.16,6.493738860506504,12.206296754313062,14.332294657626331,0.512422101278065,4.325483081716364,3.1105286272591126,416.78478033920385,209.26999023520392,17640.94998233609,1,0.512422101278065,4.325483081716364,1
2024-07-16,-30.806250089556624,293.5678393147461,96.55196389805994,53.69614420353457,413.009697326784,65088.99,0.512422101278065,13.51258450139403,11.750827327784897,-1.541243764882505,1.3062885136180702,1.6603268847772856,413.009697326784,260.4429875684416,18053.959679662872,1,-1.541243764882505,1.3062885136180702,0
2024-07-17,-99.55651108784352,327.15550949941587,72.58849364489167,66.54456128121403,366.73205333767805,64085.81,-1.541243764882505,10.666350308406125,14.73790012512961,-0.1606439865548981,1.998242668696859,0.8173572277544894,366.73205333767805,296.9379863554379,18420.69173300055,1,-0.1606439865548981,1.998242668696859,0
2024-07-18,24.79710796994481,272.1672064043235,74.80717201066295,51.308073391173615,423.0795597761049,63982.86,-0.1606439865548981,8.034299272362922,12.845684692068327,4.258562371235053,2.8328836816609915,2.040108866655843,423.0795597761049,372.6330176965397,18843.771292776655,1,4.258562371235053,2.8328836816609915,1
2024-07-19,-90.99122892257577,87.09482287827709,81.75245887916438,100.8515312129226,178.7075840477883,66707.61,4.258562371235053,9.701271633106078,14.91829328419687,1.275131877757274,1.823585045244469,-7.929455125134899,178.7075840477883,359.66273496551185,19022.478876824443,1,1.275131877757274,1.823585045244469,1
2024-07-22,-67.07498929756062,147.54797337202262,74.11991993486046,31.32051914796644,185.91342315728892,67558.22,-0.9138285464866613,5.418375768364325,16.662669017249996,-2.3964219305955603,-1.1645807127541263,-20.112492425052054,185.91342315728892,313.48846352912886,19208.392299981733,1,-2.3964219305955603,-1.1645807127541263,0
2024-07-23,-9.453560992918383,248.93745612279182,118.55516467179639,55.83822365711728,413.8772834587871,65939.24,-2.3964219305955603,3.0576626302731835,11.337623669091457,-0.8687391604756178,0.34947324233640664,-14.978185553852319,413.8772834587871,313.66198075552944,19622.26958344052,1,-0.8687391604756178,0.34947324233640664,0
2024-07-24,-110.84407121896783,77.78721911080547,168.42092006365405,27.72588242905855,163.08995038455024,65366.4,-0.8687391604756178,-2.0105802021688324,7.495639584123381,0.6563310814118539,-1.157750771038335,-15.688472732168213,163.08995038455024,272.9335601649039,19785.35953382507,1,0.6563310814118539,-1.157750771038335,1
2024-07-25,-37.11298720199606,271.2998430172388,57.70032859968666,10.399324663378827,302.2865090783082,65795.42,0.6563310814118539,-2.037421034506226,1.6033130544946594,3.2352707832855376,-0.7709351198001313,-6.1694876482284,302.2865090783082,248.77495002534457,20087.64604290338,1,3.2352707832855376,-0.7709351198001313,1
2024-07-26,17.672556606346603,175.9674601841865,25.20788081683689,31.646927272841438,250.4948248802114,67924.08,3.2352707832855376,-0.37722964426598615,4.3557136160816246,-1.696938699795425,-9.578370439467133,-10.396828341289277,250.4948248802114,263.13239819182917,20338.14086778359,1,-1.696938699795425,-9.578370439467133,0
2024-07-29,-127.27058603499951,162.51791924504025,76.4687180659498,48.88889608854764,160.6049473645382,66771.45,-2.1582022234824083,2.1494988250844393,0.0957012250926148,-0.901238478421551,-19.17117552486879,-11.101556129154,160.6049473645382,258.0707030332791,20498.74581514813,1,-0.901238478421551,-19.17117552486879,0
2024-07-30,-36.88960166556467,271.0959968203491,183.18837350617275,37.120933264482204,454.51570192543943,66169.68,-0.901238478421551,0.5688237874307944,-1.4801865825698313,-2.35766592795974,-15.274279277155333,-8.412448118231787,454.51570192543943,266.19838672660956,20953.26151707357,1,-2.35766592795974,-15.274279277155333,0
2024-07-31,-32.36483693228507,244.426331148604,47.85301728121077,29.22737060378432,289.141882101314,64609.62,-2.35766592795974,-4.879653872382228,-5.238476015704007,1.0502460779060474,-14.700921998922144,-9.161174450492048,289.141882101314,291.4087730699623,21242.403399174884,1,1.0502460779060474,-14.700921998922144,1
2024-08-01,-5.518115115764537,163.903383418092,145.5646722177627,7.8104760898449825,311.7604166099352,65288.18,1.0502460779060474,-3.8457329747047964,-3.3601240530019894,-5.927749862226217,-5.440495216745211,-11.862131859089963,311.7604166099352,293.3035545762877,21554.163815784817,1,-5.927749862226217,-5.440495216745211,0
2024-08-02,-105.71946805605127,315.9329803364248,147.10803256305763,47.506832821139156,404.8283776645703,61418.06,-5.927749862226217,-10.002652236157461,-6.8565849409244155,-12.125882647546993,-0.9051572127156127,-4.120009651884149,404.8283776645703,324.17026513315943,21958.992193449387,1,-12.125882647546993,-0.9051572127156127,0
2024-08-05,-109.16962390389907,91.89366724001027,57.856470331680214,4.858388779069934,45.438902446861356,53970.57812,-7.1568964209255075,-16.466652922583357,-20.542791127977,3.8764827668664514,9.983591185589468,10.157556340810237,45.438902446861356,301.1370561496241,22004.43109589625,1,3.8764827668664514,9.983591185589468,1
2024-08-06,-16.33656120416382,261.5935606944264,102.75932316741101,72.80167891068808,420.81800156836164,56062.73828,3.8764827668664514,-14.130339856310902,-17.432657691723698,-1.696899133340013,8.098876115046604,5.270616118039539,420.81800156836164,294.3975160782085,22425.24909746461,1,-1.696899133340013,8.098876115046604,0
2024-08-07,-26.883039453604596,259.3101257968384,145.1358649251415,52.4731925880351,430.0361438564104,55111.41016,-1.696899133340013,-10.268396364196452,-19.243936621813106,12.020685935574683,6.494498742835297,10.981155848544155,430.0361438564104,322.5763684292278,22855.28524132102,1,12.020685935574683,6.494498742835297,1
2024-08-08,-28.51785679465557,169.04535606860097,64.83489036050051,6.2734550160520826,211.635844650498,61736.17969,12.020685935574683,1.7490744365094457,-7.541052815237648,-1.4157819521533832,-6.79110646472203,-2.1914049375801214,211.635844650498,302.55145403734036,23066.921085971517,1,-1.4157819521533832,-6.79110646472203,0
2024-08-09,-23.041715991946827,232.6133022242118,71.85678559590554,40.7237276885041,322.1520995166746,60862.13,-1.4157819521533832,4.698323354426526,-8.021120851725438,-2.4700910073308324,-3.244217709764674,5.298187887936234,322.1520995166746,286.0161984077612,23389.073185488192,1,-2.4700910073308324,-3.244217709764674,0
2024-08-12,-73.69820221746366,74.8886423614697,56.73276344205425,27.435307832282504,85.3585114183428,59358.78,1.083554188522995,7.706879260880806,-3.3528900131329475,2.0964211191672133,0.15817373605049312,5.864709483584396,85.3585114183428,294.0001202020575,23474.431696906537,1,2.0964211191672133,0.15817373605049312,1
2024-08-13,-27.428148142526403,292.4027019206901,39.40973077228533,59.575235312575415,363.9595198630244,60603.19,2.0964211191672133,-1.835211857437813,-0.11823664238260756,-3.155889978728843,-2.6163639240772696,-1.919948438357788,363.9595198630244,282.6284238609901,23838.39121676956,1,-3.155889978728843,-2.6163639240772696,0
2024-08-14,-23.74192112454995,181.5097863557011,54.028898197359716,90.21351338069434,302.0102768092052,58690.62,-3.155889978728843,-3.567916535290494,0.9627745632920348,-1.954332736645148,4.2130411980653815,0.6053096729937257,302.0102768092052,257.023250451549,24140.401493578764,1,-1.954332736645148,4.2130411980653815,0
2024-08-15,-73.47849315570528,147.72769794809605,31.04238932950974,-6.255174089372339,99.03642003252818,57543.61,-1.954332736645148,-5.565617275583068,6.620332789572125,2.3356546452334204,4.934831165441311,3.1643131183462403,99.03642003252818,234.50336552795505,24239.43791361129,1,2.3356546452334204,4.934831165441311,1
2024-08-16,56.151936450070885,304.90092258368895,81.36333873036904,53.450782374422516,495.8669801385514,58887.63,2.3356546452334204,0.2812210449522734,5.038804394268692,0.9595223988467572,8.828832133335984,0.3823213805683734,495.8669801385514,269.24634165233044,24735.304893749842,1,0.9595223988467572,8.828832133335984,1
2024-08-19,-12.831325927902906,129.56563094572408,49.20107075765433,45.19601613300079,211.1313919084763,59452.67,1.7364929266794338,1.2984187251727786,-2.315824306510472,-0.7318090171560043,5.69752376133823,-0.5262000848742288,211.1313919084763,294.40091775035717,24946.436285658318,1,-0.7318090171560043,5.69752376133823,0
2024-08-20,-95.48447520478908,59.153870363644046,89.35143647162991,70.14020229351397,123.16103392399884,59017.59,-0.7318090171560043,2.5615007469986573,-3.146679856673551,3.635678786612595,0.715125778602621,-2.624217627320935,123.16103392399884,246.241220562552,25069.597319582317,1,3.635678786612595,0.715125778602621,1
2024-08-21,-2.4979260985233154,44.337082647609634,17.76417415185491,56.395898847130674,115.9992295480719,61163.28,3.635678786612595,3.864393931289145,4.1564824652360555,-1.275258619223818,-3.461881050198745,-5.219275356063314,115.9992295480719,209.03901111032536,25185.59654913039,1,-1.275258619223818,-3.461881050198745,0
2024-08-22,-83.47580912276685,260.60099513456396,93.23520928857829,27.440920047835426,297.80131534821084,60383.29,-1.275258619223818,1.4888023007357143,1.7259620228043726,6.133203407763976,-1.6872548680272326,-6.9994033117440235,297.80131534821084,248.7919901734619,25483.3978644786,1,6.133203407763976,-1.6872548680272326,1
2024-08-23,5.186734791806558,71.9570647503717,113.341158464357,40.42838193000146,230.9133399365367,64086.72,6.133203407763976,9.666363781039355,5.748096758602972,-1.9453640317369958,-7.761280340139121,-15.817177100029456,230.9133399365367,195.80126213305894,25714.31120441514,1,-1.9453640317369958,-7.761280340139121,0
2024-08-26,24.32702258049533,375.47941819843646,0.2505742971417817,26.11922429589533,426.1762393719689,62840.0,-2.197490410015701,2.7413833921267727,6.711715176854627,-5.411139401654996,-5.888239974538512,-9.20767027371101,426.1762393719689,238.81023162575747,26140.487443787108,1,-5.411139401654996,-5.888239974538512,0
2024-08-27,-74.08146757707999,-8.192940788372198,94.96226279390288,82.28021415795794,94.96806858640863,59439.64,-5.411139401654996,-1.5627667853142846,-0.09723099243346134,-0.6624535411048904,-3.3156324634536882,-3.018271981458842,94.96806858640863,233.1716385582394,26235.455512373515,1,-0.6624535411048904,-3.3156324634536882,0
2024-08-28,15.667679480698823,369.6456368290038,129.10675969893168,50.639349460158265,565.0594254687927,59045.88,-0.6624535411048904,-7.865654538100875,1.0403864615258218,0.5395634716596653,-1.820414904477663,-2.8674142886853327,565.0594254687927,322.9836777423836,26800.51493784231,1,0.5395634716596653,-1.820414904477663,1
2024-08-29,-11.324884256528868,221.10174672026184,31.614359252351782,107.03572057259022,348.426942288675,59364.47,0.5395634716596653,-7.502629728466803,-0.14835330356062215,-0.42399098315878403,-5.403316158638328,-2.066774958152584,348.426942288675,333.1088031304764,27148.941880130984,1,-0.42399098315878403,-5.403316158638328,0
2024-08-30,9.667394699390854,190.32868881296076,146.90289547350812,48.18017558556138,395.0791545714211,59112.77,-0.42399098315878403,-7.998452342209806,0.16127395239284859,0.04577691080962509,-8.733747378104583,2.420086218257067,395.0791545714211,365.94196605745327,27544.021034702404,1,0.04577691080962509,-8.733747378104583,1
2024-09-02,63.92362081844407,145.50809131910503,96.7607603746418,28.747796992686116,334.94026950487705,59139.83,3.2126738686539147,0.15911355711863973,-7.719056303708472,-2.8254900293085083,-3.527115312979423,-1.5743704369796108,334.94026950487705,347.6947720840349,27878.96130420728,1,-2.8254900293085083,-3.527115312979423,0
2024-09-03,-42.674437112752514,239.9136114352071,51.799525769663646,4.5885682216151835,253.62726831373342,57468.84,-2.8254900293085083,-3.19320630673533,-10.456261589541727,0.8737952601792554,0.30755797402557405,4.948351141244545,253.62726831373342,379.4266120294999,28132.588572521014,1,0.8737952601792554,0.30755797402557405,1
2024-09-04,-67.58928856637783,196.23652975751517,77.76923689369175,-4.094190287678352,202.32228779715075,57971.0,0.8737952601792554,-1.9315115837068686,-9.77547289240961,-3.12946128236532,-1.0664125166031324,6.551862137965525,202.32228779715075,306.87918449517144,28334.910860318163,1,-3.12946128236532,-1.0664125166031324,0
2024-09-05,-73.88395730249111,310.33018820165216,102.3330765008689,2.475921709835305,341.25522910986524,56156.82,-3.12946128236532,-4.7678950596735215,-10.63523233609166,-3.929727502376379,3.5271227964831287,12.11485978016562,341.25522910986524,305.44484185940956,28676.16608942803,1,-3.929727502376379,3.5271227964831287,0
2024-09-06,-69.71267468569114,211.42276486620398,83.04021565649646,58.0137995303445,282.7641053673538,53950.01,-3.929727502376379,-5.844761688685662,-9.23563803549281,5.753270481321504,12.221202553993948,17.16529802311435,282.7641053673538,282.98183201859604,28958.930194795383,1,5.753270481321504,12.221202553993948,1
2024-09-09,-32.29920464375597,215.03017614618776,101.55023969785476,65.26175069689802,349.54296189718457,57053.9,3.959085375642002,-1.5819978954994762,-3.482953006600764,1.0370719617764923,2.024138577730872,11.015846418912645,349.54296189718457,285.9023704970576,29308.473156692566,1,1.0370719617764923,2.024138577730872,1
2024-09-10,-10.916380494963384,163.6387787786144,43.17305627682535,2.564278939036001,198.45973349951237,57645.59,1.0370719617764923,2.6510938475504897,-2.2432025847077153,-0.5079313092293702,4.6265638013246235,11.49669905364834,198.45973349951237,274.86886353421335,29506.932890192078,1,-0.5079313092293702,4.6265638013246235,0
2024-09-11,-13.677070061702663,194.30543762789324,86.77443296144313,76.85114942228347,344.25394994991717,57352.79,-0.5079313092293702,6.307283353608284,0.09387598387406992,1.3682856579427138,7.7003926051374405,10.074662453212824,344.25394994991717,303.2551959647667,29851.186840141996,1,1.3682856579427138,7.7003926051374405,1
2024-09-12,14.302279340390385,230.7801768892059,23.451420123800794,35.508168449496814,304.0420448028939,58137.54,1.3682856579427138,7.351329013616681,-1.6947799816130704,4.138135187694547,8.29515662341407,12.108647871925783,304.0420448028939,295.81255910337234,30155.22888494489,1,4.138135187694547,8.29515662341407,1
2024-09-13,-25.959577575565405,28.983160734337446,75.55095754605199,54.40379035956648,132.97833106439052,60543.35,4.138135187694547,10.31728403452481,5.349873079045975,-3.8560799823597502,4.4056696565353715,8.664287655043879,132.97833106439052,265.8554042427797,30288.20721600928,1,-3.8560799823597502,4.4056696565353715,0
2024-09-16,46.506850883649655,65.18145778942869,43.84369434140841,98.36661884766272,253.89862186214947,58208.75,-1.5452367996998784,1.4924470108603316,7.893863226346021,3.6143191530482843,8.813314149505015,8.748684690875507,253.89862186214947,246.7265362357727,30542.10583787143,1,3.6143191530482843,8.813314149505015,1
2024-09-17,-38.97014501274818,274.3264094022715,50.578802296409336,76.90517947596595,362.8402461618986,60312.6,3.6143191530482843,3.741231569137593,11.367590824562889,2.415050918050299,6.566339371872543,0.7915427290483334,362.8402461618986,279.6026387682499,30904.946084033327,1,2.415050918050299,6.566339371872543,1
2024-09-18,100.0,217.0865438127942,129.4437270084175,41.94408056282503,488.4743513840367,61769.18,2.415050918050299,2.0247145227345387,12.550894105458132,1.9280812858451402,2.204513642564132,-1.8121982516199786,488.4743513840367,308.44671905507386,31393.420435417363,1,1.9280812858451402,2.204513642564132,1
2024-09-19,6.3898332043183395,181.6016663647321,123.65240482377075,23.264233237541376,334.90813763036255,62960.14,1.9280812858451402,4.9119722857045245,10.352035531313364,0.3979501951552278,3.5213867059380677,-3.5161452944672544,334.90813763036255,314.6199376205676,31728.328573047726,1,0.3979501951552278,3.5213867059380677,1
2024-09-20,-67.33995807544383,201.84339330653933,104.36552483628708,-14.554462039879155,224.31449802750342,63210.69,0.3979501951552278,6.915086059700282,9.653990877706352,0.20278215599291993,4.078914500063191,-1.7785757440711425,224.31449802750342,332.88717101319014,31952.64307107523,1,0.20278215599291993,4.078914500063191,1
2024-09-23,-77.6220519636538,234.7581705361671,36.30748941309684,28.425400422727396,221.86900840833755,63338.87,-0.3755879030464482,2.5412187760951443,4.617385724443723,1.4747026588886047,-0.059394807643398106,-1.7193865315248025,221.86900840833755,326.4812483224278,32174.512079483568,1,1.4747026588886047,-0.059394807643398106,1
2024-09-24,0.4441585665888006,146.02403196906386,67.34366201220793,43.66609283516917,257.4779453830298,64272.93,1.4747026588886047,2.085112898414776,7.099505351815094,-1.7768600248969535,-5.41896876336585,-3.2745045231328374,257.4779453830298,305.40878816665406,32431.990024866598,1,-1.7768600248969535,-5.41896876336585,0
2024-09-25,-34.461214377484254,122.16952745976873,128.52390799916733,20.384614185464482,236.6168352669163,63130.89,-1.7768600248969535,-0.1262444690921738,6.780111676924783,3.241392605109805,-3.9300729009206004,-3.9520748083861856,236.6168352669163,255.03728494322996,32668.606860133514,1,3.241392605109805,-3.9300729009206004,1
2024-09-26,12.796867618293863,219.58452550976816,85.66867654559618,46.06229098723086,364.11236066088907,65177.21,3.241392605109805,2.863623006202065,11.971499130285391,0.9386563186733587,-6.798143093268328,-7.435881345642137,364.11236066088907,260.87812954933526,33032.7192207944,1,0.9386563186733587,-6.798143093268328,1
2024-09-27,1.1372800318983423,102.1627222384968,172.7731815992678,52.305556488763045,328.37874035842594,65789.0,0.9386563186733587,3.4781714205901926,9.080026395811158,-3.7814072261320275,-5.627931721108393,-4.935961938925959,328.37874035842594,281.69097801551976,33361.09796115283,1,-3.7814072261320275,-5.627931721108393,0
2024-09-30,-25.79374791859193,240.82527557144718,95.73271357577488,43.25432054575764,354.01856177438776,63301.25,-3.5042067828953027,0.2698520486563716,0.14326690627803895,-3.9671412491854463,-1.660978258723167,4.432819257123666,354.01856177438776,308.1208886887298,33715.116522927216,1,-3.9671412491854463,-1.660978258723167,0
2024-10-01,-64.12584283788107,29.74163957621596,87.68196465960126,30.499922575296207,83.79768397323237,60790.0,-3.9671412491854463,-6.7312025169533936,-4.0603357746208495,-0.23063003783516667,2.2673301529856804,10.413308109886499,83.79768397323237,273.3848364067703,33798.914206900445,1,-0.23063003783516667,2.2673301529856804,0
2024-10-02,-97.16842466781331,302.91556373256435,67.63534143189995,55.05964015900183,328.4421206556528,60649.8,-0.23063003783516667,-7.811640243809748,-4.605171061659085,0.15922558689394073,-0.022901971647060204,11.507309174968427,328.4421206556528,291.74989348451766,34127.356327556095,1,0.15922558689394073,-0.022901971647060204,1
2024-10-03,-43.39766935798926,247.2597482413043,85.34163619129129,63.25821948708227,352.46193456168857,60746.37,0.15922558689394073,-7.762979663064984,-4.093063232735283,2.2060083590179858,-0.684254878110413,10.975273090392058,352.46193456168857,289.4198082646775,34479.818262117784,1,2.2060083590179858,-0.684254878110413,1
2024-10-04,22.09630619332421,225.60297343138757,73.90120654477825,17.28802767671462,338.88851384620466,62086.44,2.2060083590179858,-5.356051012797092,-3.4018831878366185,0.26316535462493906,0.7332357919056065,10.218092710743276,338.88851384620466,291.52176296223325,34818.70677596399,1,0.26316535462493906,0.7332357919056065,1
2024-10-07,-9.676414782672904,298.2690983945514,108.32434706754361,92.3279713923881,489.2450020718102,62249.83,-0.9234910805432928,2.638145550356308,-5.37957713295536,-0.130956180924513,6.1967237500889505,8.243283555955072,489.2450020718102,318.5670510217177,35307.9517780358,1,-0.130956180924513,6.1967237500889505,0
2024-10-08,-82.33117093938797,366.54744444625766,118.26809267178336,47.042356031472146,449.52672221012523,62168.31,-0.130956180924513,2.340781844248463,-5.603912237342246,-2.464921436661205,7.965376572083116,8.465727956896373,449.52672221012523,391.7128586690963,35757.478500245925,1,-2.464921436661205,7.965376572083116,0
2024-10-09,-11.053883696944634,301.437006501813,48.56042157968202,50.56548868834543,389.5090330728959,60635.91,-2.464921436661205,-2.336307251631753,-7.5672244562157704,-0.503332101390086,11.532852397201587,9.956344351061919,389.5090330728959,403.92624115254495,36146.98753331882,1,-0.503332101390086,11.532852397201587,0
2024-10-10,-0.1212349294191668,15.91257686683548,26.750681857688875,71.24643269769672,113.78845649280191,60330.71,-0.503332101390086,-2.6949143247916196,-4.692703540609388,3.6647505060026564,11.739858523130264,13.052805113680899,113.78845649280191,356.1915455387676,36260.77598981162,1,3.6647505060026564,11.739858523130264,1
2024-10-11,-63.25953508357925,72.04230332642985,6.551785075868139,56.99648393790505,72.33103725662377,62541.68,3.6647505060026564,-0.4589841232047198,2.881526566869552,5.701158011745133,9.4158167801057,6.607097858580069,72.33103725662377,302.88005022085144,36333.10702706825,1,5.701158011745133,9.4158167801057,1
2024-10-14,-11.065263751862116,137.51814223043212,100.31965307650175,78.59409901739735,305.3666305724691,66107.28,5.12868098708299,9.023316381332446,6.4761967347459315,1.532312326267249,1.9271402483962419,5.854377914202491,305.3666305724691,266.1043759209832,36638.473657640716,1,1.532312326267249,1.9271402483962419,1
2024-10-15,-15.53114777832001,202.60910502108337,35.86533575304506,58.613724956054725,281.55701795186314,67120.25,1.532312326267249,11.253870541221866,8.255674047121374,0.7579083808537668,0.4634368912511455,8.349343156498978,281.55701795186314,232.51043506933078,36920.03067559258,1,0.7579083808537668,0.4634368912511455,1
2024-10-16,-75.28528602435296,251.7659020469123,-6.1156237180993145,31.626878760786862,201.9918710652469,67628.96,0.7579083808537668,8.13422344906629,7.637904531684381,-0.3186652581970928,-1.4134920897793002,6.9407395884839795,201.9918710652469,195.007002667801,37122.02254665783,1,-0.3186652581970928,-1.4134920897793002,0
2024-10-17,0.05237134378796782,127.42561868465344,95.54314418123856,60.845105756183045,283.86623996586303,67413.45,-0.3186652581970928,6.675459570313413,8.29499454054734,1.5086603637701534,1.1750029111401439,4.130303374178301,283.86623996586303,229.02255936241323,37405.88878662369,1,1.5086603637701534,1.1750029111401439,1
2024-10-18,10.497049267989208,218.67667644770785,179.71998069731163,15.688213780380146,424.5819201933888,68430.49,1.5086603637701534,8.823221179267616,10.072945524818033,-1.533278513715175,-2.5670136221441764,1.5151140960703247,424.5819201933888,299.4727359497662,37830.47070681708,1,-1.533278513715175,-2.5670136221441764,0
2024-10-21,36.9003317917886,124.46170676466775,79.75716353840427,53.256791173295696,294.3759932681563,67381.26,-2.40156038707241,-0.36626321031701936,7.738167570810361,0.07427881283312843,3.852985236547979,0.6325497623523191,294.3759932681563,297.27460848890365,38124.84670008524,1,0.07427881283312843,3.852985236547979,1
2024-10-22,35.723026521070544,138.84821970080517,113.53963097806567,49.003100280666175,337.11397748060756,67431.31,0.07427881283312843,0.026493229466817425,6.703721344602176,-1.1245221248111559,7.849528653677362,2.8909715679555914,337.11397748060756,308.38600039465257,38461.96067756585,1,-1.1245221248111559,7.849528653677362,0
2024-10-23,-85.57010337801759,59.33389031517777,83.2731743419026,43.756494281823805,100.79345556088658,66673.03,-1.1245221248111559,-2.568241145138672,6.028378437476389,2.2985756009588965,8.474011155635196,13.458995338894919,100.79345556088658,288.1463172937805,38562.754133126735,1,2.2985756009588965,8.474011155635196,1
2024-10-24,-63.302081159087734,107.67667538890957,76.0444138723543,46.143874656832075,166.5628827590082,68205.56,2.2985756009588965,-0.27571079564869816,3.1740528425916237,-2.2456966851382876,2.920978876208924,11.310573507497047,166.5628827590082,264.6856458524095,38729.31701588575,1,-2.2456966851382876,2.920978876208924,0
2024-10-25,9.612181344753058,64.83153943836663,116.76305931951075,-6.455471364929174,184.75130873770127,66673.87,-2.2456966851382876,-3.4261799949246385,-0.6650451987291528,4.95483463011821,4.189677305367145,14.837686787942573,184.75130873770127,216.71952356127204,38914.06832462345,1,4.95483463011821,4.189677305367145,1
2024-10-28,9.81647935657647,102.41267470226673,68.38901823245395,33.538252767771155,214.15642505906828,69977.45,2.829456025874344,4.956156934820566,2.2606297280641785,3.9254073990978577,-3.1009560937130476,26.85619438833511,214.15642505906828,200.67560991945442,39128.224749682515,1,3.9254073990978577,-3.1009560937130476,1
2024-10-29,10.141920734686945,305.364179660784,90.69569256287612,52.78534703423344,458.98713999258047,72724.35,3.9254073990978577,6.625251665699983,6.331274335970072,-0.552002183587752,-4.597662268552427,21.053581090790075,458.98713999258047,225.050242421849,39587.2118896751,1,-0.552002183587752,-4.597662268552427,0
2024-10-30,100.0,105.0601111168057,92.86791224784055,54.79569175992201,352.7237151245683,72322.91,-0.552002183587752,8.472644530758465,4.756176483879915,-2.938322033778784,4.595556235223386,25.124694235892896,352.7237151245683,275.43629433458534,39939.93560479967,1,-2.938322033778784,4.595556235223386,0
2024-10-31,13.445833823499097,463.2382064837391,53.27638185427805,19.169745772221255,549.1301679337375,70197.83,-2.938322033778784,4.595676786983738,4.1800494677600275,-1.0406874400533561,8.151491292537095,24.420370259308566,549.1301679337375,351.94975136953116,40489.065772733404,1,-1.0406874400533561,8.151491292537095,0
2024-11-01,41.92914972105175,249.33179008808892,119.68169398146091,87.97123522594103,498.9138690165426,69467.29,-1.0406874400533561,2.0797934519143135,3.0193392357348525,-2.3893403643642896,10.219831520705647,31.080915924602802,498.9138690165426,414.78226342529945,40987.979641749946,1,-2.3893403643642896,10.219831520705647,0
2024-11-04,33.09639045541268,218.4836123694874,73.00160973218365,24.014754553564973,348.5963671106487,67807.48,-1.3539782403316436,-6.243429640759768,1.7002312900091132,2.3201717568622326,30.915837013851565,33.496039080054295,348.5963671106487,441.67025183561555,41336.5760088606,1,2.3201717568622326,30.915837013851565,1
2024-11-05,18.207242738170184,114.16422198187864,49.77019362028621,79.08371601580211,261.22537435613714,69380.73,2.3201717568622326,-1.1639960950359907,3.378187193606763,9.031066695320167,26.88743690070716,33.22991845142016,261.22537435613714,402.1178987083269,41597.801383216734,1,9.031066695320167,26.88743690070716,1
2024-11-06,-29.888393792645743,270.03098794089914,101.46039374281614,62.81583085615055,404.41881874722014,75646.55,9.031066695320167,8.895208090023399,11.160003497328152,0.36148376892271017,19.62716078922304,24.78183076425824,404.41881874722014,412.45691943285726,42002.22020196395,1,0.36148376892271017,19.62716078922304,1
2024-11-07,24.05699404760125,142.4362173762226,44.06128072835851,30.61318070468591,241.16767285686828,75920.0,0.36148376892271017,9.45957363246901,8.492092809898043,0.85185721812433,15.042676501580598,29.661604320337197,241.16767285686828,350.8644204174834,42243.38787482082,1,0.85185721812433,15.042676501580598,1
2024-11-08,-52.30312195052487,212.20098146453614,81.12724629476513,103.25932677828536,344.28443258706176,76566.73,0.85185721812433,11.388939887555939,5.283484830046592,15.939037751775476,18.926797579052955,29.33036320083149,344.28443258706176,319.93853313158723,42587.67230740788,1,15.939037751775476,18.926797579052955,1
2024-11-11,-25.276980856529033,456.0084538268795,79.63524013423186,14.190895047305595,524.557608151888,88770.73,10.371654872401614,17.34934375724999,27.78781207673424,-0.8283135668705199,1.9708861242889508,4.76427308866334,524.557608151888,355.1307813398351,43112.22991555977,1,-0.8283135668705199,1.9708861242889508,0
2024-11-12,-37.482149529516654,190.39401002753502,123.43582263326311,77.57462520830005,353.92230833958155,88035.43,-0.8283135668705199,15.958153319283452,26.927300215372373,2.7925007011381897,4.998510258881006,4.42334410134646,353.92230833958155,373.670168136524,43466.15222389936,1,2.7925007011381897,4.998510258881006,1
2024-11-13,-8.901857420061546,314.92733262856757,98.98792931519812,80.01746954128934,485.0308740649935,90493.82,2.7925007011381897,18.189479947752773,31.650008772417326,-3.4846799483102986,4.308946179971174,6.030654911020439,485.0308740649935,389.79257920007865,43951.18309796435,1,-3.4846799483102986,4.308946179971174,0
2024-11-14,100.0,129.68235748741125,78.99892165019425,29.881393727700654,338.5626728653061,87340.4,-3.4846799483102986,13.848912470218089,28.806438463721108,4.256861658522304,12.707395432125335,9.531820325988893,338.5626728653061,409.27157920176626,44289.74577082966,1,4.256861658522304,12.707395432125335,1
2024-11-15,-105.9327787418441,196.50115095030384,112.71065196801149,91.77395900192985,295.05298317840106,91058.36,4.256861658522304,13.215942723090146,31.244453611254897,-0.5908957727769337,8.747873341887558,7.063821487670108,295.05298317840106,399.42528932003404,44584.79875400806,1,-0.5908957727769337,8.747873341887558,0
2024-11-18,21.951246283555978,377.080063563551,135.60830196069253,42.49860456203142,577.138216369831,90520.3,0.7048985784213535,0.029261666708291223,18.224064159459342,2.116199349759107,2.7393965773423012,5.902090470314381,577.138216369831,409.9414109636226,45161.93697037789,1,2.116199349759107,2.7393965773423012,1
2024-11-19,-92.79323482017354,137.30329422122327,102.31241225407449,58.66080887839571,205.48328053351992,92435.89,2.116199349759107,5.834058465498226,20.49092458606452,2.1174243034821183,-0.5477850648703764,3.7741076545051877,205.48328053351992,380.25360540241036,45367.420250911404,1,2.1174243034821183,-0.5477850648703764,1
2024-11-20,-35.55308972087433,381.2448557996929,80.41410479373522,57.809655163136625,483.9155260356905,94393.15,2.1174243034821183,3.6622557225937324,17.36220006435496,4.286264416432761,1.650585874080912,4.611658790918627,483.9155260356905,380.03053579654977,45851.3357769471,1,4.286264416432761,1.650585874080912,1
2024-11-21,42.688656920363755,270.77519354554755,27.526550705993614,45.97073775588357,386.9611389277885,98439.09,4.286264416432761,8.608973629091409,10.891382778985825,0.5942151639150683,-2.8175392519374176,-1.4169777473562628,386.9611389277885,389.7102290090462,46238.29691587488,1,0.5942151639150683,-2.8175392519374176,1
2024-11-22,-8.350514899035161,143.75332241057322,37.3954534769851,74.32424819479346,247.12250918331662,99024.03,0.5942151639150683,10.165398236379609,12.482020023074814,-6.083392081699768,-1.5485837124584845,0.8758682109786919,247.12250918331662,380.12413421002935,46485.4194250582,1,-6.083392081699768,-1.5485837124584845,0
2024-11-25,-65.2606101159533,263.2407739055521,67.7910118258133,73.80466161656639,339.57583723197854,93000.01,-5.12931077573816,-1.475890994208795,2.132313825990262,-1.1510428869846323,3.0783652603908473,4.650322080610536,339.57583723197854,332.6116583824588,46824.99526229018,1,-1.1510428869846323,3.0783652603908473,0
2024-11-26,-46.95057139108121,297.255444962673,55.61951191362867,-2.4559591971454253,303.468426288075,91929.54,-1.1510428869846323,-6.612769378506044,1.4269126786371489,4.374709152248579,4.34569780290428,5.14657203767146,303.468426288075,352.20868753336987,47128.46368857825,1,4.374709152248579,4.34569780290428,1
2024-11-27,22.97937968648634,262.1809962217196,72.52114788058216,89.13020728634459,446.8117310751327,95951.19,4.374709152248579,-3.1031255746711173,6.746827589268212,-0.2977138688952219,2.912991490777772,5.4724907528504785,446.8117310751327,344.7879285412583,47575.275419653386,1,-0.2977138688952219,2.912991490777772,0
2024-11-28,-47.33701694560338,42.97752801095436,82.26599699588428,0.1252403589297728,78.03174842016503,95665.53,-0.2977138688952219,-2.161246250080673,5.684062028075476,1.9077195307442452,1.4411669490567824,4.562709264245957,78.03174842016503,283.0020504397336,47653.30716807355,1,1.9077195307442452,1.4411669490567824,1
2024-11-29,0.18306125991015954,127.28628241751314,101.18771017426923,80.97638613024972,309.6334399819423,97490.56,1.9077195307442452,-0.5484341339398457,5.46829808205449,-1.6695667765166178,2.4625871468991534,4.039560343073223,309.6334399819423,295.50423659945875,47962.94060805549,1,-1.6695667765166178,2.4625871468991534,0
2024-12-02,-8.185414670805132,175.24813644484954,77.18004887763635,83.8011541048275,328.04392475650826,95862.89,-1.4396917723644154,-0.09202595611372821,-3.192295849805349,0.06428973714438513,1.5250113990930236,10.678709978386847,328.04392475650826,293.19785410436464,48290.984532812,1,0.06428973714438513,1.5250113990930236,1
2024-12-03,-42.871069228896864,192.55665708999538,99.46006575304807,17.27100709354405,266.41666070769065,95924.52,0.06428973714438513,0.27072447097717944,-1.896372801580548,2.941604503207307,0.767520129368382,10.646360284106704,266.41666070769065,285.7875009882878,48557.40119351969,1,2.941604503207307,0.767520129368382,1
2024-12-04,97.07624874336409,262.0672097550678,82.57897659240481,37.67557136136246,479.3980064521992,98746.24,2.941604503207307,1.2880016280550688,0.7325036535412721,-1.7236200588498396,2.4870516588783476,1.422322510710261,479.3980064521992,292.3047560637011,49036.79919997189,1,-1.7236200588498396,2.4870516588783476,0
2024-12-05,21.74228007703372,217.77010009332537,0.981337345845148,16.828859945421925,257.32257746162617,97044.23,-1.7236200588498396,0.6000181204829591,4.3486231883201,2.933837488328783,3.077194800762495,0.3379696041691638,257.32257746162617,328.1629218719933,49294.12177743352,1,2.933837488328783,3.077194800762495,1
2024-12-06,-111.04628066033686,66.46556412898988,42.42658424724983,43.55236909133794,41.398236807240785,99891.35,2.933837488328783,2.702122221379155,8.660774327816734,-2.5693315787603366,1.5390722019474001,-2.128662792123648,41.398236807240785,274.51588123705307,49335.520014240756,1,-2.5693315787603366,1.5390722019474001,0
2024-12-09,-0.3046351492220776,238.01978510059632,74.23649777113538,40.75897147442776,352.7106191969374,97324.81,-3.8054661532459844,-1.4394775942861315,-0.17001646108094626,-0.6823028989216606,9.016200493995319,-2.630624195413278,352.7106191969374,279.4492201251388,49688.23063343769,1,-0.6823028989216606,9.016200493995319,0
2024-12-10,-42.55754801239012,261.05857452838234,31.612210286355698,73.3898159680802,323.5030527704281,96660.76,-0.6823028989216606,-0.3951497167837825,0.2024974337954344,4.69823535424303,9.803595585219904,2.000511893347423,323.5030527704281,290.8664985376863,50011.73368620812,1,4.69823535424303,9.803595585219904,1
2024-12-11,33.30993795624435,255.97904479310398,103.99714919984818,89.30926238358825,482.5953943327848,101202.11,4.69823535424303,1.3121856897519102,4.049764772239617,-1.1577228972795117,-1.038891382798246,-1.8337858765988146,482.5953943327848,291.5059761138035,50494.329080540905,1,-1.1577228972795117,-1.038891382798246,0
2024-12-12,-48.78385636600213,308.0780725554622,141.2300332937479,91.87051432369869,492.39476380690667,100030.47,-1.1577228972795117,0.10122154338685352,4.3474383048539345,1.3978540738637024,-2.6574502749012296,-4.35965161415316,492.39476380690667,338.5204133828596,50986.72384434781,1,1.3978540738637024,-2.6574502749012296,1
2024-12-13,-14.743276076132531,283.3922154548904,128.75047406789267,33.13495920265093,430.5343726493015,101428.75,1.3978540738637024,0.25081297265261426,5.738084485593453,4.605262314679015,-3.612141527919843,-7.154638108031497,430.5343726493015,416.3476405512717,51417.258216997114,1,4.605262314679015,-3.612141527919843,1
2024-12-16,16.391773537123832,245.91800792284369,71.46228516279169,43.72334378766416,377.49541041042335,106099.81,1.5816997894449791,4.839523602818163,6.215212828738426,0.03504247557089002,-10.683572383400119,-12.704169781265385,377.49541041042335,421.30459879396886,51794.75362740754,1,0.03504247557089002,-10.683572383400119,1
2024-12-17,34.57657238875932,192.9834288541353,139.62904547399808,-0.5031457666285064,366.68590095026417,106136.99,0.03504247557089002,6.104659910125387,6.212060684491805,-5.640126029577441,-7.106400888135234,-12.043652264870152,366.68590095026417,429.94116842993606,52161.439528357805,1,-5.640126029577441,-7.106400888135234,0
2024-12-18,-68.5820244106526,33.90390664840086,85.94669828808446,25.823898005114337,77.09247853094706,100150.73,-5.640126029577441,-1.2600174999691904,-1.0123648146641906,-2.774338239970886,-0.8032392774371178,-5.758460272830757,77.09247853094706,348.8405852695686,52238.53200688875,1,-2.774338239970886,-0.8032392774371178,0
2024-12-19,-25.150662422021178,242.96182191325858,66.51656115527842,78.94554899292373,363.2732696394395,97372.21,-2.774338239970886,-3.972170016979293,0.04870289497611591,0.40339024861404393,-1.748671412510816,-0.4816774724533901,363.2732696394395,323.0162864360751,52601.80527652819,1,0.40339024861404393,-1.748671412510816,1
2024-12-20,-32.03360325892844,220.76876871631111,55.463893458362406,98.46748470644695,342.666543622192,97765.0,0.40339024861404393,-6.398184125729456,1.1423870451670481,-3.0690328849792947,-3.67525187950698,0.38000306858281263,342.666543622192,305.44272063065324,52944.471820150386,1,-3.0690328849792947,-3.67525187950698,0
2024-12-23,-40.81583821422755,227.15788371953735,67.90121254047486,12.969533843602342,267.212791889387,94764.56,-0.33988605261981997,-5.378063644668385,-6.570316601555282,4.041500324593916,-2.2622908817389042,7.930021518593033,267.212791889387,283.38619692644596,53211.684612039775,1,4.041500324593916,-2.2622908817389042,1
2024-12-24,80.25803277573206,72.32514241796906,64.47292725835085,32.226072225413176,249.28217467746515,98594.47,4.041500324593916,1.255245208052691,-2.766785282720441,0.7625275535230402,-5.314953262591704,-1.6760473482944849,249.28217467746515,259.9054516718862,53460.96678671724,1,0.7625275535230402,-5.314953262591704,1
2024-12-25,12.366877305620534,91.89434595917376,86.81664889501951,49.20782729123219,240.285699451046,99346.28,0.7625275535230402,1.6174295504526093,-4.8842406960187486,-3.700984073082547,-4.995345573080345,-4.338008428700091,240.285699451046,292.544095855906,53701.25248616828,1,-3.700984073082547,-4.995345573080345,0
2024-12-26,-70.79612451625691,305.3152853332904,86.42295924199459,58.4048347645882,379.3469548236163,95669.49,-3.700984073082547,-1.6050485611037169,-9.830667934278104,-1.5653893419939946,1.2895438242641388,-3.263370589725112,379.3469548236163,295.75883289274134,54080.5994409919,1,-1.5653893419939946,1.2895438242641388,0
2024-12-27,38.2692986333112,196.0444846143345,80.12184080613657,25.711894402350616,340.14751845613284,94171.89,-1.5653893419939946,-0.9631734897502575,-11.273261093988063,-1.6471794290206954,4.209982405577706,0.5620466999228579,340.14751845613284,295.2550278595295,54420.746959448035,1,-1.6471794290206954,4.209982405577706,0
2024-12-30,98.61002144039281,268.15006973726247,97.477526789854,62.721831333922694,526.959449301432,92620.71,-1.0074885091224228,-6.7698257045960775,-5.261893315603738,0.7919503100332514,10.428229280470847,2.035980937740578,526.959449301432,347.20435934193847,54947.706408749465,1,0.7919503100332514,10.428229280470847,1
2024-12-31,44.24940215929286,202.8318376130461,127.62585099145366,35.78481958787252,410.4919103516651,93354.22,0.7919503100332514,-2.4200714355224417,-3.9862766748726353,1.102649671327116,3.843168525215024,3.407173237589056,410.4919103516651,379.44630647677843,55358.19831910113,1,1.102649671327116,3.843168525215024,1
2025-01-01,-83.22047996609108,202.97561394957452,117.98216541765295,49.566431873651624,287.303731274788,94383.59,1.102649671327116,0.2248016897611338,-0.740537030269417,2.669531854001317,0.6918999372666379,6.49121314414931,287.303731274788,388.8499128415269,55645.50205037592,1,2.669531854001317,0.6918999372666379,1
2025-01-02,-31.343820597812197,293.8283805975998,20.60408126200386,66.38852744011099,349.4771687019025,96903.19,2.669531854001317,1.8630870626364704,2.2567824933709346,1.2727341587000396,-4.494950063047465,3.176974875646499,349.4771687019025,382.8759556171841,55994.979219077824,1,1.2727341587000396,-4.494950063047465,1
2025-01-03,56.331324029263584,148.39552717826263,-22.156845396078197,50.192668094328134,232.76267390577615,98136.51,1.2727341587000396,4.887768554674432,-0.4644885255735032,4.221568506970552,-3.5005626346402585,6.083862163021703,232.76267390577615,361.3989867071128,56227.7418929836,1,4.221568506970552,-3.5005626346402585,1
2025-01-06,-42.28177162985177,209.61207769409833,117.37279644957096,36.90842328420294,321.61152579802047,102279.41,4.000271288936652,8.365670345872633,8.609278203931137,-5.218479457400083,-7.599730972245544,-0.13099410722061666,321.61152579802047,320.3294020064305,56549.35341878162,1,-5.218479457400083,-7.599730972245544,0
2025-01-07,15.406691901210955,153.77247112949576,25.324852063383155,46.711705882225075,241.21572097631497,96941.98,-5.218479457400083,0.04002964195501946,1.9038624916719815,-1.9654539756666756,-0.4198593839325193,9.508037694299198,241.21572097631497,286.47416413136045,56790.569139757936,1,-1.9654539756666756,-0.4198593839325193,0
2025-01-08,32.05955744247001,156.55037725676846,71.00938392429266,47.34911122383994,306.96842984737106,95036.63,-1.9654539756666756,-3.1587428572709464,1.5746336573027708,-2.6191900954400493,5.759463482659255,9.081214264436777,306.96842984737106,290.40710384587703,57097.53756960531,1,-2.6191900954400493,5.759463482659255,0
2025-01-09,-52.908387947374635,169.08278765313605,33.19547895762562,38.89966910353617,188.2695477669232,92547.44,-2.6191900954400493,-5.765623305605294,-0.07910757756014464,2.3271740417670994,8.033004478567962,12.295229343999136,188.2695477669232,258.1655796588812,57285.807117372235,1,2.3271740417670994,8.033004478567962,1
2025-01-10,-9.42967409332994,222.2133771633713,7.920782496799205,42.236118119986926,262.9406036868275,94701.18,2.3271740417670994,-3.7054631877283972,1.4428485396803525,-0.2056257377151982,9.932104330695779,10.719327890106545,262.9406036868275,264.2011656150915,57548.74772105906,1,-0.2056257377151982,9.932104330695779,0
2025-01-13,-168.41010786981747,152.12513783365227,101.65850912819153,97.95941511514151,183.33295420716786,94506.45,-0.0033541559049776737,-0.5578691079429099,-3.6989903146137926,2.146424926552637,8.083025021043543,7.995189746308329,183.33295420716786,236.54545129692096,57732.080675266225,1,2.146424926552637,8.083025021043543,1
2025-01-14,-57.46122053358641,325.5756125573521,110.36620641210587,66.82758343823716,445.30818187410875,96534.96,2.146424926552637,4.308622691238151,-1.7054195684037765,4.11795892389657,9.969756034497745,4.925718102540255,445.30818187410875,277.3639434764797,58177.38885714034,1,4.11795892389657,9.969756034497745,1
2025-01-15,-18.76707752119223,110.53926977804961,56.939583970931224,41.13559045912519,189.8473666869138,100510.23,4.11795892389657,6.134084073714829,2.201324658730619,-0.5257673771117632,3.140854418500494,3.2205875959093966,189.8473666869138,253.93973084438827,58367.23622382725,1,-0.5257673771117632,3.140854418500494,0
2025-01-16,-68.4263657600089,181.31283558386409,-23.64169168579639,70.90863213532207,160.15341027338087,99981.78,-0.5257673771117632,5.728080002521008,-2.2464247691690864,4.125971752053226,3.9452988334474526,4.761727586766318,160.15341027338087,248.31650334567976,58527.389634100626,1,4.125971752053226,3.9452988334474526,1
2025-01-17,75.68314478391278,156.0268941725825,58.15022206990069,39.9854153073197,329.8456763337157,104107.0,4.125971752053226,10.154923911449455,7.39103946504911,-1.8841864620054438,0.716099781955104,-1.6288434015003794,329.8456763337157,261.69751787505743,58857.23531043434,1,-1.8841864620054438,0.716099781955104,0
2025-01-20,-77.34635238322936,344.6977884353733,95.67216021610186,85.19373912759923,448.217335395845,102145.43,0.9231198189368905,1.6268990728605326,7.860778503499111,3.9295247961656177,-0.08126648446239448,-0.6708376478516964,448.217335395845,314.6743941127928,59305.452645830184,1,3.9295247961656177,-0.08126648446239448,1
2025-01-21,-27.74499295331315,219.65547765115747,20.843537249034853,61.08926576594282,273.84328771282196,106159.26,3.9295247961656177,6.178605741966181,12.260601224427381,-2.3475578107835293,-4.58675013371419,-7.878926435621336,273.84328771282196,280.38141528053546,59579.295933543006,1,-2.3475578107835293,-4.58675013371419,0
2025-01-22,0.8891798621426483,303.18445394686347,87.33439679116623,46.78093567987313,438.1889662800455,103667.11,-2.3475578107835293,-0.42253642886644904,9.689479229733443,0.25007931638105774,0.0773051356404153,-6.780144637966656,438.1889662800455,330.04973519916183,60017.48489982305,1,0.25007931638105774,0.0773051356404153,1
2025-01-23,66.50916618418462,51.443962696302805,79.38760603308017,63.43150777430833,260.7722426878759,103926.36,0.25007931638105774,-0.4870397855125219,9.967478410203757,0.8911598558825728,0.7854407678667741,-7.083611895961727,260.7722426878759,350.1735016820609,60278.25714251093,1,0.8911598558825728,0.7854407678667741,1
2025-01-24,-77.25579804695421,226.7050265869259,103.17165998404354,2.873715437945023,255.49460396196025,104852.51,0.8911598558825728,3.5978058934822643,8.616101358513006,-2.660966342150506,-2.3282704438835067,-7.930596988093075,255.49460396196025,335.3032872077098,60533.75174647289,1,-2.660966342150506,-2.3282704438835067,0
2025-01-27,52.785787451754565,288.9630795623437,84.78321473656612,16.19697593270584,442.72905768337023,102062.42,-0.4880707467605272,-1.5479258561370113,-1.9639217343694448,-0.7568113709237934,-0.5900506768309,-4.524691850340212,442.72905768337023,334.2056316652148,60976.48080415626,1,-0.7568113709237934,-0.5900506768309,0
2025-01-28,-4.771949140946975,208.22839892754243,41.07724236473778,14.182249808028338,258.71594195936154,101290.0,-0.7568113709237934,-2.5367577580894807,-3.011442524058028,2.425955178201211,-3.450439332609334,-5.445670846085493,258.71594195936154,331.18016251452275,61235.19674611562,1,2.425955178201211,-3.450439332609334,1
2025-01-29,-54.27170448150641,306.54803750653514,127.86286006657966,54.288292842911204,434.4274859345196,103747.25,2.425955178201211,-1.0541092435459976,2.5057718454482236,0.9594374790657056,-6.852152707662129,-5.67216962377316,434.4274859345196,330.4278664454175,61669.62423205013,1,0.9594374790657056,-6.852152707662129,1
2025-01-30,17.994788604590376,148.27115498996278,73.6588170789212,101.97544998455277,341.90021065802716,104742.64,0.9594374790657056,0.008669618410750424,2.5426590303648577,-2.22581748941979,-7.807727588305968,-7.749804664079507,341.90021065802716,346.6534600394478,62011.52444270816,1,-2.22581748941979,-7.807727588305968,0
2025-01-31,4.92706690635671,340.934744018558,78.90781841960272,116.93900438577897,541.7086337302964,102411.26,-2.22581748941979,-0.14794809044197388,-3.5305445799075796,-0.9286674141105178,-5.735873184257267,-4.786807622521194,541.7086337302964,403.896265993115,62553.23307643846,1,-0.9286674141105178,-5.735873184257267,0
2025-02-03,-34.953690614615184,429.889812361925,42.66928163707216,69.14153304322272,506.74693642760474,101460.2,3.873684279497258,-2.2044439732137544,-3.235315969069308,-3.612401710227253,-3.957995351871957,-5.596677317805399,506.74693642760474,416.6998417419619,63059.980012866064,1,-3.612401710227253,-3.957995351871957,0
2025-02-04,-1.3710444363041185,163.7161439560341,62.26870995233959,65.0253342483337,289.6391437204033,97795.05,-3.612401710227253,-6.633010204822021,-6.624915643085172,-1.182800151950436,-2.0665360874604577,-2.236974161780181,289.6391437204033,422.88448209417027,63349.619156586465,1,-1.182800151950436,-2.0665360874604577,0
2025-02-05,-24.04648080835976,155.4497478599228,44.607891438923964,-4.031732024582169,171.97942646590482,96638.33,-1.182800151950436,-5.637007102539304,-5.776615348615,-0.0762740829648112,1.2667851358772353,-0.006519152390160876,171.97942646590482,370.3948702004473,63521.59858305237,1,-0.0762740829648112,1.2667851358772353,0
2025-02-06,0.9740859868147993,345.3384477117701,73.08215760306308,33.71978600797935,453.11447730962726,96564.62,-0.0762740829648112,-4.034063494887152,-5.386703548671489,-0.02851976220690222,0.06282839408471297,1.8459970121562197,453.11447730962726,392.63772353076735,63974.713060361995,1,-0.02851976220690222,0.06282839408471297,0
2025-02-07,28.48246605924158,357.95721457307127,148.46833920569372,26.366487442752835,561.2745072807594,96537.08,-0.02851976220690222,-1.166544426439442,-4.692388192319086,0.9398771953740503,1.0068152051004642,-0.39368292473731525,561.2745072807594,396.5508982408599,64535.987567642755,1,0.9398771953740503,1.0068152051004642,1
2025-02-10,74.7532022564197,147.71399728467316,25.123954282745743,31.37457205246652,278.9657258763051,97444.41,1.0039717724088737,0.8341203743897463,-4.849906152897631,-1.7141362957608375,-1.706213830018577,-6.089205117050833,278.9657258763051,350.9946561306,64814.95329351906,1,-1.7141362957608375,-1.706213830018577,0
2025-02-11,-66.36324763840008,157.98131829041426,15.457544084930362,44.955685442456314,152.03130017940086,95774.08,-1.7141362957608375,-0.8186642271258315,-4.819702287280803,2.180600429677848,-0.17403456133434636,-7.507605398036709,152.03130017940086,323.47308742239954,64966.98459369846,1,2.180600429677848,-0.17403456133434636,1
2025-02-12,100.0,171.82153911394929,138.84681309974434,35.83728266908618,446.50563488277976,97862.53,2.180600429677848,1.3729957442259355,0.1904347124569883,-1.264263247639319,-1.2573760355470087,-14.05108778610159,446.50563488277976,378.37832910577447,65413.490228581235,1,-1.264263247639319,-1.2573760355470087,0
2025-02-13,-101.9302375776854,65.55494889657228,71.62705291392535,-9.37899431127363,25.872769921538605,96625.29,-1.264263247639319,0.1544836164340868,-4.7653266995334125,0.914605275699576,1.7820489853122234,-12.419212402881264,25.872769921538605,292.9299876281567,65439.36299850277,1,0.914605275699576,1.7820489853122234,1
2025-02-14,-11.84360238149645,108.13480535158018,53.23709045360334,72.43730768352602,221.9656011072131,97509.03,0.914605275699576,1.0709522862827114,-0.2924687905982992,-1.7713538940957507,-1.386538251893188,-13.548796455056522,221.9656011072131,225.0682063934475,65661.32859960999,1,-1.7713538940957507,-1.386538251893188,0
2025-02-17,25.231830875768217,99.58592332479321,121.59618749584305,17.817709227805807,264.23165092421027,95781.8,-0.3517274470172027,-2.126176382319156,-0.7823729493371845,-0.18208052051643664,-4.459072600431391,-10.044392567272698,264.23165092421027,222.12139140302853,65925.5602505342,1,-0.18208052051643664,-4.459072600431391,0
2025-02-18,9.934719862241618,123.22024348958716,55.775378410525434,57.17740592333449,246.1077476856887,95607.4,-0.18208052051643664,-1.0534405640593714,-0.9005843407056235,1.071705746626317,-7.346356035202284,-8.741415413451248,246.1077476856887,240.9366809042861,66171.66799821988,1,1.071705746626317,-7.346356035202284,1
2025-02-19,-35.18183663847164,196.5315112613219,153.04038854187746,112.22248009249921,426.61254325722695,96632.03,1.071705746626317,-0.8994038808508353,0.1619162190069856,1.7749497759697253,-12.956625251482345,-6.238407699807203,426.61254325722695,236.95806257917556,66598.28054147711,1,1.7749497759697253,-12.956625251482345,1
2025-02-20,-14.386084442216985,223.42147325365207,107.11703485357077,22.4184622524073,338.57088591741314,98347.2,1.7749497759697253,0.768733118067022,0.926466690085137,-2.226977483853121,-13.952618884930123,-8.566944458001846,338.57088591741314,299.4976857783505,66936.85142739453,1,-2.226977483853121,-13.952618884930123,0
2025-02-21,-28.56423550755453,355.0500492814077,60.4835436741719,-25.908625682389896,361.0607317656352,96157.03,-2.226977483853121,0.03864965291258127,0.3998472237999984,-4.831898406179969,-12.333263620974988,-9.77572830608433,361.0607317656352,327.3167119100349,67297.91215916017,1,-4.831898406179969,-12.333263620974988,0
2025-02-24,-33.31773077191137,100.16459592612091,166.29232853062013,41.41987334359668,274.55906702842634,91510.82,-4.939605871149899,-5.299702386465432,-6.15144053837885,-3.1986162947725716,-5.845997227431687,-14.168936525757282,274.55906702842634,329.3821951308781,67572.4712261886,1,-3.1986162947725716,-5.845997227431687,0
2025-02-25,38.694238447919716,298.43223984765837,55.77140307986646,83.02878904995714,475.92667042540165,88583.74,-3.1986162947725716,-9.927542421136536,-9.235125609470952,-5.048285385105666,-1.505671356842686,-6.3998539686854645,475.92667042540165,375.34597967882064,68048.397896614,1,-5.048285385105666,-1.505671356842686,0
2025-02-26,14.1274827627902,178.6011155774491,109.68381488037228,108.75042362661782,411.1628368472294,84111.78,-5.048285385105666,-12.526645217723553,-12.492837069709207,0.6103901260917421,7.718241131028258,-0.5377962516070922,411.1628368472294,372.25603839682117,68459.56073346123,1,0.6103901260917421,7.718241131028258,1
2025-02-27,-38.30723070241541,195.0536290347567,91.97170321625967,13.113512166427498,261.8316137150285,84625.19,0.6103901260917421,-12.380065792716078,-11.647943555038642,-0.38695334096148226,6.258963790805083,-4.197048183880014,261.8316137150285,356.90818395634426,68721.39234717625,1,-0.38695334096148226,6.258963790805083,0
2025-02-28,41.378766251775154,267.4819492166604,132.06965157595192,64.90097669709564,505.8313437414831,84297.73,-0.38695334096148226,-12.432481339721468,-11.829283088965914,2.2104628440172913,2.917338343511733,-0.3763327909304226,505.8313437414831,385.86230635151384,69227.22369091773,1,2.2104628440172913,2.917338343511733,1
2025-03-03,11.823271579304407,87.72779784377013,142.4604478690741,36.0406862965984,278.05220358874703,86161.1,-8.597399599514045,2.4364244818026792,-10.395422986754054,1.2637489539943259,-8.839708406693969,-2.4949774318108853,278.05220358874703,386.56093366357794,69505.27589450647,1,1.2637489539943259,-8.839708406693969,1
2025-03-04,37.15994070321405,238.24097461840506,81.28016596263066,46.82154937087593,403.5026306551257,87249.96,1.2637489539943259,3.1016414852362617,-9.662409564006246,3.843864226413385,-4.968999412721809,-5.216277463049856,403.5026306551257,372.0761257095228,69908.7785251616,1,3.843864226413385,-4.968999412721809,1
2025-03-05,28.055848514942006,216.6452208213056,49.863285186152666,129.33030041051103,423.8946549329113,90603.73,3.843864226413385,7.480628481929474,-5.881880597901768,-0.7525959472087895,-7.6644747407198395,-4.11215962080147,423.8946549329113,374.62248932665915,70332.67318009451,1,-0.7525959472087895,-7.6644747407198395,0
2025-03-06,-44.81872404564635,249.2451264008149,98.39888571756465,4.9108901481454055,307.7361782208786,89921.85,-0.7525959472087895,4.537486938895663,-1.7363739063861572,-3.5195783894570787,-9.840122283961028,-6.381574667336142,307.7361782208786,383.80340222782917,70640.40935831539,1,-3.5195783894570787,-9.840122283961028,0
2025-03-07,-31.322341275330274,228.91686439078183,52.891385209915754,57.612189844837204,308.0980981702045,86756.98,-3.5195783894570787,-7.965270001277247,-2.062184324120897,-9.465832028731281,-3.200307341265207,-3.106401352375321,308.0980981702045,344.25675311357344,70948.50745648559,1,-9.465832028731281,-3.200307341265207,0
2025-03-10,34.106154845308154,445.5300139910894,160.53548990106492,64.030795152963,704.2024538904254,78544.71,-2.6697424521218593,-13.309628643324057,-6.824644032526129,5.563455514699833,6.959972224736699,11.43159100084523,704.2024538904254,429.48680317390915,71652.70991037601,1,5.563455514699833,6.959972224736699,1
2025-03-11,27.31384654854505,136.2260015748684,85.4614132433095,82.57358974818041,331.57485111490337,82914.51,5.563455514699833,-7.7926999944952335,-3.608805800037107,0.8984193478318803,-0.26020777304237575,5.443401884664101,331.57485111490337,415.10124726586474,71984.28476149091,1,0.8984193478318803,-0.26020777304237575,1
2025-03-12,-4.196777939416048,146.90030449981822,65.38713794751565,52.939494604126864,261.0301591120447,83659.43,0.8984193478318803,-3.5703755478809884,-11.251255496709934,-3.0911040154110503,3.8471813637745544,3.904616610464595,261.0301591120447,382.52834810169134,72245.31492060296,1,-3.0911040154110503,3.8471813637745544,0
2025-03-13,2.7667639141506015,137.68594735752356,87.38721223459633,59.24151618512307,287.0814396913936,81073.43,-3.0911040154110503,-5.95459586721171,-5.90483408405883,3.585712359770654,3.836016312619317,7.5783767875615915,287.0814396913936,378.3974003957943,72532.39636029435,1,3.585712359770654,3.836016312619317,1
2025-03-14,60.834871506663426,144.45228808397454,26.11494841881214,38.25054297734627,269.6526509867964,83980.49,3.585712359770654,4.066113691132145,-3.747245270943389,0.03680616771821743,0.09701062711113817,0.47786098890350015,269.6526509867964,370.70831095911274,72802.04901128115,1,0.03680616771821743,0.09701062711113817,1
2025-03-17,-32.57655754597631,136.26128726934823,41.13543845957394,58.07380823735322,202.8939764202991,84011.4,1.754826672667753,0.42071766446412084,-3.164679084034505,-1.56245461925405,4.180646912204766,-1.7581899599339978,202.8939764202991,270.4466154650875,73004.94298770145,1,-1.56245461925405,4.180646912204766,0
2025-03-18,24.40643333913935,318.9016531107552,128.01655631777703,39.704231735077684,511.0288745027493,82698.76,-1.56245461925405,2.004762842771046,-4.0692085498236885,5.053521963328111,5.718489612178002,2.988690519664372,511.0288745027493,306.3374201426567,73515.9718622042,1,5.053521963328111,5.718489612178002,1
2025-03-19,-13.009334985115773,342.0504247989855,53.72422884114417,68.64715669568153,451.4124753506954,86877.96,5.053521963328111,3.450170390765761,7.656571932524225,-3.1015231020617984,0.05530746808510845,-5.050625037696566,451.4124753506954,344.4138833903868,73967.38433755489,1,-3.1015231020617984,0.05530746808510845,0
2025-03-20,-13.735834660364716,142.92537062505238,38.123560692722414,38.91168991869098,206.22478657610105,84183.42,-3.1015231020617984,-0.19921409777614585,7.178981245204152,-0.14428019199028697,3.60410636678814,-1.198680215177761,206.22478657610105,328.2425527673283,74173.60912413099,1,-0.14428019199028697,3.60410636678814,0
2025-03-21,52.13420378685292,116.76444268957712,101.46611010109145,61.31301181706559,331.6777683945871,84061.96,-0.14428019199028697,1.816065076462614,1.3838952916685132,4.117986304387844,0.38048125454128723,-0.2426424508779057,331.6777683945871,340.6475762488864,74505.28689252558,1,4.117986304387844,0.38048125454128723,1
2025-03-24,38.512535239021105,247.1415556386404,127.42816618651987,49.12211558945065,462.204372653632,87523.62,1.6617855076153765,0.7431804337947101,4.218991815837203,-0.10938761445195011,-5.700518328652294,-9.578682874405786,462.204372653632,392.509655495553,74967.49126517921,1,-0.10938761445195011,-5.700518328652294,0
2025-03-25,37.96278998453882,144.77769557190288,108.75813242660267,83.78150752316505,375.2801255062094,87427.88,-0.10938761445195011,3.8540368162756966,3.6471449338280504,-0.574038853509895,-2.5821397018891523,-12.78338214308754,375.2801255062094,365.359905696245,75342.77139068542,1,-0.574038853509895,-2.5821397018891523,0
2025-03-26,62.60608539416345,263.2931817755511,119.84190743223266,48.45818829234541,494.1993628942927,86926.01,-0.574038853509895,3.407070213447305,5.285009902186899,0.33530815460183216,-5.10311010478911,-4.982697353760967,494.1993628942927,373.9172832049645,75836.9707535797,1,0.33530815460183216,-5.10311010478911,1
2025-03-27,-1.5735671179527397,220.29230208512996,49.72819645722157,-3.190974046206442,265.25595737819236,87217.48,0.33530815460183216,4.013558169074738,3.8162439859352526,-3.251274859122266,-4.6357106396561765,-8.788536426413607,265.25595737819236,385.72351736538275,76102.2267109579,1,-3.251274859122266,-4.6357106396561765,0
2025-03-28,31.517256290248895,48.4255885002768,23.12757333032625,87.85764502141976,190.9280631422717,84381.8,-3.251274859122266,-1.9875497340432369,2.035145387911519,-2.1894294741283016,-0.6207618230471446,-1.1866658450044976,190.9280631422717,357.5735763149197,76293.15477410017,1,-2.1894294741283016,-0.6207618230471446,0
2025-03-31,-18.0510799713047,354.75052013300615,140.05334607821948,22.828030974121432,499.5808172140423,82534.32,0.18735134434362255,-5.052216246897778,-1.8172785883174725,3.1938834656903836,-4.112604308122991,2.4911333854813256,499.5808172140423,365.0488652270017,76792.73559131421,1,3.1938834656903836,-4.112604308122991,1
2025-04-01,13.712520670966995,379.5877673095522,67.09280644631457,30.387009840535406,490.7801042673692,85170.37,3.1938834656903836,-2.347132707801236,1.5722219247405134,-3.1469747049355234,-10.47163467764669,-1.808833283218092,490.7801042673692,388.1488609792337,77283.51569558158,1,-3.1469747049355234,-10.47163467764669,0
2025-04-02,-8.96169777664229,138.72113095156138,69.96667934179811,32.13016117869523,231.85627369541243,82490.08,-3.1469747049355234,-2.241857841382855,-4.184849535862057,0.8294936797248909,0.1268879845915949,1.8652424630937414,231.85627369541243,335.6802431394577,77515.371969277,1,0.8294936797248909,0.1268879845915949,1
2025-04-03,2.4358232527201884,161.22984400640158,133.1277656739623,91.23314279512452,388.0265757282086,83174.33,0.8294936797248909,0.6748019743676892,-4.969275722370703,0.8219603331941494,-4.35469693594166,2.1492688910148106,388.0265757282086,360.23436680946094,77903.3985450052,1,0.8219603331941494,-4.35469693594166,1
2025-04-04,27.38377577213994,228.5865390724905,102.2492003760264,-14.070226419360864,344.14928880129594,83857.99,0.8219603331941494,1.794137362014414,-4.083239808628547,-5.626154406992123,-0.5694388811370299,0.7256076612377704,344.14928880129594,390.8786119412657,78247.5478338065,1,-5.626154406992123,-0.5694388811370299,0
2025-04-07,-43.24586964485151,233.4456789987025,98.23551088326431,144.1324560097998,432.5677762469151,79140.01,0.98156518854291,-4.061179235127432,-6.211991211374979,-3.6496962787848974,6.8869715836528345,10.591431565399102,432.5677762469151,377.4760037478403,78680.11561005341,1,-3.6496962787848974,6.8869715836528345,0
2025-04-08,100.0,265.85442726728303,166.60009379604335,81.68170427198156,614.1362253353079,76251.64,-3.6496962787848974,-8.32310882456162,-7.704471352870845,8.318653867641412,9.676041066133134,22.60601870333543,614.1362253353079,402.14722796142803,79294.25183538873,1,8.318653867641412,9.676041066133134,1
2025-04-09,-52.55915954629143,401.020453876635,54.25927078479428,56.69716742387479,459.4177325390126,82594.75,8.318653867641412,-1.5064038620529852,0.2607065454495183,-3.683539208000508,1.736151510840589,13.495010276076869,459.4177325390126,447.6595197301481,79753.66956792775,1,-3.683539208000508,1.736151510840589,0
2025-04-10,-62.93039485235376,182.30527725059505,117.11360512324949,48.35317998151141,284.8416675030022,79552.34,-3.683539208000508,-4.725739761012959,-3.613018196551454,4.8120897512254235,6.8000890985733475,18.188805005610153,284.8416675030022,427.02253808510676,80038.51123543075,1,4.8120897512254235,6.8000890985733475,1
2025-04-11,55.72128877159081,120.17027554615463,82.28052499588338,58.566622245729704,316.73871155935853,83380.47,4.8120897512254235,6.392333874564171,-2.101552453042055,1.4510472296450194,1.3024632746733156,13.586299045807726,316.73871155935853,421.54042263671937,80355.24994699011,1,1.4510472296450194,1.3024632746733156,1
2025-04-14,37.434982352770625,62.068077198547286,90.74369115453028,65.63367285138015,255.8804235572283,84590.36,1.0238368185950808,2.416146304698552,0.8733455213987273,-1.1355667477949027,3.465773168479247,12.356266127724247,255.8804235572283,386.20295209878196,80611.13037054734,1,-1.1355667477949027,3.465773168479247,0
2025-04-15,29.093344342470335,126.9069960058081,141.13873705650127,69.35646757850171,366.49554498328143,83629.78,-1.1355667477949027,5.125480909801028,0.15752425949047133,0.47703102889904425,11.789245409948478,12.724307059040441,366.49554498328143,336.67481602837665,80977.62591553062,1,0.47703102889904425,11.789245409948478,1
2025-04-16,29.33954792847798,196.6873027126203,100.31343025158495,66.66813398010345,393.00841487278666,84028.72,0.47703102889904425,0.7774602373913142,7.219491966071523,1.1106321743327818,11.558191056581602,12.083749460898607,393.00841487278666,323.39295249513145,81370.63433040341,1,1.1106321743327818,11.558191056581602,1
2025-04-17,-2.6557243615777644,379.4557863517788,101.53184316198532,52.687420437657465,531.0193255898438,84961.97,1.1106321743327818,-0.3624209447032345,7.356531797254018,-0.5832021079548833,10.663582777094271,13.609630285173457,531.0193255898438,372.6284841124998,81901.65365599326,1,-0.5832021079548833,10.663582777094271,0
2025-04-18,-46.87233009830304,148.23887009638287,122.90029349239208,44.079847390780216,268.34668088125215,84466.47,-0.5832021079548833,0.8758785507327005,10.773315826387474,3.61753012763526,12.12590037206478,14.755369793481353,268.34668088125215,362.95007797687856,82170.00033687451,1,3.61753012763526,12.12590037206478,1
2025-04-21,1.8138323425500902,222.37879516388986,65.40189081828458,45.46180149039465,335.05631981511914,87522.07,2.7527626479061373,4.15732858955844,4.967110403671282,6.817743227508211,8.592689820978872,8.240115893054178,335.05631981511914,378.7852572284567,82505.05665668963,1,6.817743227508211,8.592689820978872,1
2025-04-22,-35.80181419734365,198.35771039272478,46.43161330643974,44.152751589419566,253.14026109124046,93489.1,6.817743227508211,10.036408054097624,9.637613064510454,0.2693576042554602,0.8364504525126382,3.583380308506534,253.14026109124046,356.11420045004854,82758.19691778086,1,0.2693576042554602,0.8364504525126382,1
2025-04-23,46.844385057432135,318.8393273448084,38.207632239158656,84.01310290601194,487.9044475474111,93740.92,0.2693576042554602,10.980037404191268,11.952087747409701,0.29980503711719564,0.47110696161292154,3.538902754528128,487.9044475474111,375.09340698497334,83246.10136532827,1,0.29980503711719564,0.47110696161292154,1
2025-04-24,-9.232874693019689,452.6932425873622,1.3457364249599237,67.80670166842586,512.6128059877283,94021.96,0.29980503711719564,10.516568970504725,11.14973384674094,0.7304995556357108,2.662165306913389,9.818482831032238,512.6128059877283,371.41210306455025,83758.714171316,1,0.7304995556357108,2.662165306913389,1
2025-04-25,-43.12379169786704,146.91312270796794,162.2482851976129,-38.211659039928406,227.82595716778536,94708.79,0.7304995556357108,11.190124040032234,13.24768521452524,0.3524276891300415,2.345104398440734,8.740656490279331,227.82595716778536,363.3079583218569,83986.54012848379,1,0.3524276891300415,2.345104398440734,1
2025-04-28,-17.88766378529151,151.05605574817778,35.87166537113268,69.67702329589284,238.71708062991178,95042.57,1.3456945292612321,1.3885611534429243,12.521063091662299,-0.8117204743095741,-0.3246755638026233,8.162279281799734,238.71708062991178,344.04011048481544,84225.2572091137,1,-0.8117204743095741,-0.3246755638026233,0
2025-04-29,18.85825605179596,304.4160877069072,71.14985505656912,55.84208584156325,450.26628465683547,94271.09,-0.8117204743095741,0.2649700133883437,10.809404738102213,-0.09393123597064568,2.7241437433257687,10.459166219463455,450.26628465683547,383.46531519793444,84675.52349377054,1,-0.09393123597064568,2.7241437433257687,0
2025-04-30,-29.944986027654803,268.1891489626311,68.92746800444317,49.438737306623075,356.6103682460426,94182.54,-0.09393123597064568,-0.5556506423532559,10.572295401570408,2.4871276565698874,3.0534109613098215,9.941163192243497,356.6103682460426,357.2064993376607,85032.13386201658,1,2.4871276565698874,3.0534109613098215,1
2025-05-01,-42.84070844655395,384.67073257360335,92.29626791236403,38.34444640733342,472.47073844674685,96524.98,2.4871276565698874,1.9630357642354213,10.286445464555394,0.4194043863049668,6.970744775083104,7.5228712816101995,472.47073844674685,349.17808582946446,85504.60460046332,1,0.4194043863049668,6.970744775083104,1
2025-05-02,10.48326114539034,258.3928185325964,112.62948850157187,83.7233815995804,465.228949779139,96929.81,0.4194043863049668,3.3580943259355234,3.680332787458629,-2.2653712000467063,6.249006368629018,6.778327534119799,465.228949779139,396.6586843517352,85969.83355024246,1,-2.2653712000467063,6.249006368629018,0
2025-05-05,10.575345826700502,164.07079092129405,114.4189395343898,78.42579386368574,367.49087014607005,94733.99,0.48947440161530853,0.5855119218487914,0.026607878740736446,2.2222013450504896,8.514599670086742,11.48710193669662,367.49087014607005,422.41344225496687,86337.32442038853,1,2.2222013450504896,8.514599670086742,1
2025-05-06,-26.992489525004583,259.06548306923094,56.67690245724246,26.813669965291727,315.56356596676056,96839.17,2.2222013450504896,0.32550123294508015,2.2949267027962517,0.2263030548485867,7.529897251287876,10.371908392027729,315.56356596676056,395.4728985169519,86652.88798635529,1,0.2263030548485867,7.529897251287876,1
2025-05-07,-25.170051111977564,310.8703580582908,73.31513144854354,62.211568613736056,421.2270070085928,97058.32,0.2263030548485867,0.13258047240576332,3.4951269756624326,6.382935538138312,6.683672249839057,13.024354841501463,421.2270070085928,408.39622626946186,87074.11499336388,1,6.382935538138312,6.683672249839057,1
2025-05-08,10.01110646962698,282.0482181197364,91.30319801953199,20.85029796376142,404.2128205726568,103253.49,6.382935538138312,7.711305486790132,8.639202412140158,-0.25813171060852236,0.5161472023851088,8.202182802731418,404.2128205726568,394.7446426946439,87478.32781393654,1,-0.25813171060852236,0.5161472023851088,0
2025-05-09,-73.96930410343566,250.72740311072977,70.05235495265812,8.611455056332083,255.4219090162843,102986.96,-0.25813171060852236,9.243846697686653,9.245538584522572,-0.1813336368021723,0.4981892853231029,4.2166988908110214,255.4219090162843,352.78323454207293,87733.74972295282,1,-0.1813336368021723,0.4981892853231029,0
2025-05-12,-71.91240713417231,306.6674689589154,144.2938230407997,31.198483262301046,410.2473681278438,102800.21,-1.2842717165996165,5.915917357728828,6.056341181314617,1.2945985227072798,2.739264832241095,6.482584033631844,410.2473681278438,361.3345341384277,88143.99709108067,1,1.2945985227072798,2.739264832241095,1
2025-05-13,-37.4359884353097,316.92955904456727,99.63899806553005,75.87180417148276,455.0043728462704,104131.06,1.2945985227072798,0.8499180027716102,8.626763263142712,-0.5624450572192297,2.6429962395466022,4.655095223269612,455.0043728462704,389.2226955143297,88599.00146392695,1,-0.5624450572192297,2.6429962395466022,0
2025-05-14,-12.161114419072007,338.2158991037527,109.3951114419927,78.5937513612826,514.0436474879559,103545.38,-0.5624450572192297,0.5422239864153688,9.836193038164343,0.23279648015197552,5.943442382460695,4.127571891667192,514.0436474879559,407.7860236102023,89113.0451114149,1,0.23279648015197552,5.943442382460695,1
2025-05-15,14.081228432491134,264.87098875896424,106.51525074669651,65.39256260291879,450.8600305410706,103786.43,0.23279648015197552,-0.9871668123592303,9.555641011214643,-0.2759512972938749,7.646568053260916,1.7209860672537047,450.8600305410706,417.11546560388507,89563.90514195597,1,-0.2759512972938749,7.646568053260916,0
2025-05-16,72.32786126843348,183.28819196831455,126.938954299413,71.75287360543992,454.30788114160094,103500.03,-0.2759512972938749,-0.612257126675253,6.878270435403366,2.0445887793462347,3.7000762222001216,0.5151979183001254,454.30788114160094,456.8926600289484,90018.21302309757,1,2.0445887793462347,3.7000762222001216,1
2025-05-19,41.46683185416862,214.67136864333227,87.24086234814828,65.48534861344875,408.86441145909794,105616.18,-0.8051583934625683,1.9998960842096292,2.5529639868969722,1.1996836090834018,3.6435137116301863,0.2734050786536768,408.86441145909794,456.6160686951992,90427.07743455668,1,1.1996836090834018,3.6435137116301863,1
2025-05-20,-9.389668914905116,320.65089665083565,28.12672208176614,30.755552143311434,370.14350196100816,106883.24,1.1996836090834018,2.9838293888709844,1.9672072030473942,2.6349313512576744,1.9602886289749488,-1.3429794980017395,370.14350196100816,439.6438945181468,90797.22093651768,1,2.6349313512576744,1.9602886289749488,1
2025-05-21,-2.320532804518626,118.3064329012764,95.98751807010566,62.95767634021822,274.93109450708164,109699.54,2.6349313512576744,5.9898629981073315,5.340932508348084,1.8441189452572004,-1.7139998946212542,-4.508824740741835,274.93109450708164,391.8213839219719,91072.15203102476,1,1.8441189452572004,-1.7139998946212542,1
2025-05-22,-51.473551121179554,236.8673308872901,53.94572424832684,74.01228575683047,313.3517897712679,111722.53,1.8441189452572004,8.299119037830827,8.679281880844393,-3.9319911570208754,-5.504664099533008,-9.087092818252508,313.3517897712679,364.31973576801136,91385.50382079603,1,-3.9319911570208754,-5.504664099533008,0
2025-05-23,-2.250474367166885,160.66611876726392,58.85533273000973,72.62873989440723,289.899717024514,107329.61,-3.9319911570208754,0.8040970961214144,3.071657966412711,1.9889292432908379,-3.0712400799742134,-2.73141773272072,289.899717024514,331.438102944594,91675.40353782054,1,1.9889292432908379,-3.0712400799742134,1
2025-05-26,-15.735852205211165,202.87448229348175,103.45456075020373,85.66740114423928,376.26059198271355,109464.32,0.38115087683776583,-0.21442204771322526,5.762597363498356,-0.4438523895274771,-3.251634870613551,0.7644774114524244,376.26059198271355,324.9173390493171,92051.66412980326,1,-0.4438523895274771,-3.251634870613551,0
2025-05-27,14.854543135371234,327.84518626072986,129.53132285734543,71.24911541603191,543.4801676694784,108978.46,-0.4438523895274771,-2.456147385849561,5.639133056685042,-1.063668912186877,-3.2397594900863913,1.2128818850991374,543.4801676694784,359.5846721910111,92595.14429747274,1,-1.063668912186877,-3.2397594900863913,0
2025-05-28,-42.621752629962685,219.10990680199035,80.85086306944247,60.54344622624749,317.8824634677176,107819.29,-1.063668912186877,0.4562394291752314,1.2640051332979851,-2.0837736920730876,-2.8435635218892585,0.7884303448854046,317.8824634677176,368.17494598313834,92913.02676094045,1,-2.0837736920730876,-2.8435635218892585,0
2025-05-29,24.727949623725433,204.6436548156149,92.35332050395856,82.10450714949283,403.82943209279176,105572.58,-2.0837736920730876,-2.0608102435376474,-0.041281553640726276,-1.4580679945493502,-3.7911169737445127,0.14063310757395087,403.82943209279176,386.2704744474431,93316.85619303325,1,-1.4580679945493502,-3.7911169737445127,0
2025-05-30,75.41805464670409,64.01438590200809,148.08859778540952,49.2043622225282,336.7254005566499,104033.26,-1.4580679945493502,-4.599248702506076,-2.6664423720688224,1.7991169362567394,0.3505898017614806,2.0045896860292567,336.7254005566499,395.6356111538703,93653.5815935899,1,1.7991169362567394,0.3505898017614806,1
2025-06-02,-6.6367519300311395,274.62535660272204,89.63012717954273,23.543760463168468,381.1624923154021,105904.94,0.1958410920780418,-1.7755171639508904,-1.327378344149388,-0.4316323676685885,4.151090591241524,0.8955578464989511,381.1624923154021,396.615991220408,94034.7440859053,1,-0.4316323676685885,4.151090591241524,0
2025-06-03,18.906655101701958,264.54841811410756,184.0673245672158,45.10799108168708,512.6303888647124,105447.82,-0.4316323676685885,-0.11817462450950389,-2.1765495132799906,-0.6585626900584618,4.601726237678494,-0.8130846137928693,512.6303888647124,390.4460354594548,94547.37447477001,1,-0.6585626900584618,4.601726237678494,0
2025-06-04,33.34775459783877,416.325472330546,102.62038582526176,27.65292065580653,579.9465334094531,104753.38,-0.6585626900584618,0.6922017054930452,-3.938883074971644,-3.0387372703391646,3.7382946497764413,0.15485896493268037,579.9465334094531,442.8588494478019,95127.32100817947,1,-3.0387372703391646,3.7382946497764413,0
2025-06-05,-21.201304641987896,169.22217650469992,9.56948963376729,29.744651750768554,187.33501324724787,101570.2,-3.0387372703391646,-2.9391222032938313,-7.211591868473677,2.7840744627853464,4.0866809359438205,3.0537500172294507,187.33501324724787,399.5599656786931,95314.65602142672,1,2.7840744627853464,4.0866809359438205,1
2025-06-06,10.083190230777936,221.9150327663939,110.1336648441813,45.664439878534466,387.7963277198876,104397.99,2.7840744627853464,-1.229872597327819,-4.20309664864048,5.654476681016551,1.648221388170401,-1.0346846716110192,387.7963277198876,409.7741511113406,95702.45234914661,1,5.654476681016551,1.648221388170401,1
2025-06-09,-0.47327814931639633,224.9383683710755,95.2463353953111,26.227402370001162,345.9388279870714,110301.15,4.2697694556097066,5.296029588734985,6.024890501364655,-0.000825014063754459,-3.125778833674886,-4.425846874669936,345.9388279870714,402.72941824567454,96048.39117713369,1,-0.000825014063754459,-3.125778833674886,0
2025-06-10,3.799136042672573,357.7453279763474,131.59011016330982,40.76115411082879,533.8957282931586,110300.24,-0.000825014063754459,8.595080053007687,5.40333794348502,-1.478573392043403,-5.176597983830322,-3.7708349501324845,533.8957282931586,406.98248613136377,96582.28690542684,1,-1.478573392043403,-5.176597983830322,0
2025-06-11,-39.71723007779217,190.4704467613048,106.92725405079834,-6.808440008613573,250.8720307256974,108669.37,-1.478573392043403,4.09143892521302,2.811246841707593,-2.7131104192469224,-3.4543036368021585,-1.1679003936435728,250.8720307256974,341.16758559461266,96833.15893615254,1,-2.7131104192469224,-3.4543036368021585,0
2025-06-12,0.17639950390668435,227.90215257703392,74.46176064064905,56.398811221188154,358.9391239427778,105721.05,-2.7131104192469224,0.09660191885894065,-0.17363684829054815,0.3761313380826081,-0.9923756905554804,1.2377762044550211,358.9391239427778,375.4884077337186,97192.09806009532,1,0.3761313380826081,-0.9923756905554804,1
2025-06-13,23.868145603239828,260.78965097165394,31.02807054842537,50.03616426086673,365.72203138418587,106118.7,0.3761313380826081,0.3160201315127731,0.6362198858165025,0.6923190728872486,-2.639402857366324,0.9373277282891834,365.72203138418587,371.07354846657825,97557.8200914795,1,0.6923190728872486,-2.639402857366324,1
2025-06-16,71.54246507160423,218.6609123156358,71.63906970855899,25.487341067954283,387.3297881637533,106853.38,1.1876315409437233,-1.6711148688908328,2.3519514120913687,-2.117799174906776,-1.342016508977073,0.2993166898417332,387.3297881637533,379.3517405019146,97945.14987964326,1,-2.117799174906776,-1.342016508977073,0
2025-06-17,46.9655977551064,155.35663854494717,45.979181831628,69.77737005297215,318.0787881846537,104590.44,-2.117799174906776,-1.0694275170365808,-0.973858685679907,0.310888834581835,1.4825064317541825,1.0721247563352687,318.0787881846537,336.18835248021367,98263.2286678279,1,0.310888834581835,1.4825064317541825,1
2025-06-18,100.0,219.40899928983077,56.77906200781109,78.12710412879676,454.3151654264386,104915.6,0.310888834581835,-1.133730435823277,-0.8212931207247864,-0.23228194853769368,2.3682083503311135,3.786586551475657,454.3151654264386,376.8769794203619,98717.54383325434,1,-0.23228194853769368,2.3682083503311135,0
2025-06-19,-39.33260521251633,307.3631749859772,103.54313617682439,1.7732040689307738,373.346910019216,104671.9,-0.23228194853769368,-0.7523982742400293,-5.10352793239236,-1.293661431578097,2.2525052091344477,4.735683597985707,373.346910019216,379.7585366356496,99090.89074327356,1,-1.293661431578097,2.2525052091344477,0
2025-06-20,42.666758568088,97.34847005889398,146.79618017405625,27.118256643013574,313.9296654440518,103317.8,-1.293661431578097,-2.1604793594651395,-6.3303942040380035,2.034102545737526,3.6736941746727148,4.559524109108026,313.9296654440518,369.40006344762276,99404.82040871761,1,2.034102545737526,3.6736941746727148,1
2025-06-23,8.233517126016826,213.2969674146876,95.78686119291925,26.925729506381053,344.24307524000477,105419.39,4.3788683748318125,0.48018597806236407,-0.6589884723427586,0.6845135415790127,1.6636597878246118,2.703914336821711,344.24307524000477,360.782720862873,99749.06348395762,1,0.6845135415790127,1.6636597878246118,1
2025-06-24,100.0,129.98791850608268,32.164677518592626,21.80290696673406,283.95550299140933,106141.0,0.6845135415790127,1.403528549687172,0.6405701508608308,1.186365306526227,-0.40438661780085594,2.6540545123938886,283.95550299140933,353.95806382422415,100033.01898694903,1,1.186365306526227,-0.40438661780085594,1
2025-06-25,-41.317890932119674,319.50466289248425,97.78410672880563,74.88424525795246,450.85512394712265,107400.22,1.186365306526227,3.951323005329188,1.705476127908101,-0.34504584813699335,1.3855651319894857,3.615104326601948,450.85512394712265,353.266055528361,100483.87411089615,1,-0.34504584813699335,1.3855651319894857,0
2025-06-26,-42.87414388190599,47.681309521622524,127.86525946582604,44.18521583681589,176.85764094235847,107029.64,-0.34504584813699335,4.766648952628549,0.1649550065706773,0.07824000902927342,2.4284768219345665,8.410436585603765,176.85764094235847,313.96820171298947,100660.73175183851,1,0.07824000902927342,2.4284768219345665,1
2025-06-27,-30.843005840331667,144.10781527284115,55.60868382722471,42.06455476068167,210.93804802041586,107113.38,0.07824000902927342,6.056138175371184,2.412208993479714,0.0558567006288202,0.8544404069781075,9.773550232473283,210.93804802041586,293.3698782282622,100871.66979985892,1,0.0558567006288202,0.8544404069781075,1
2025-06-30,-107.05372418826907,237.72118750645208,74.6393133330833,-10.115870932202604,195.19090571906372,107173.21,-1.1193558899065148,-0.21136828211338887,3.7316028796586798,-1.363615030286025,1.0232314586826163,11.841112158532896,195.19090571906372,263.55944432407404,101066.86070557799,1,-1.363615030286025,1.0232314586826163,0
2025-07-01,-27.13249206086935,356.55240292343404,80.58752778916788,69.0625409062768,479.0699795580094,105711.78,-1.363615030286025,-1.2313037771592983,3.4766532468716083,3.0049063595372294,3.0708592741508944,11.417705765620445,479.0699795580094,302.58233963739406,101545.930685136,1,3.0049063595372294,3.0708592741508944,1
2025-07-02,-38.78741171427187,193.42497389270122,48.6040674767104,12.822248154395822,216.06387780953554,108888.32,3.0049063595372294,1.6570665588183209,7.813558974649415,0.6800637570677948,2.1990696522822706,8.993949029611237,216.06387780953554,255.62409040987663,101761.99456294553,1,0.6800637570677948,2.1990696522822706,1
2025-07-03,6.702642250282256,144.48004733068018,105.93121735375436,51.79797890798985,308.9118858427066,109628.83,0.6800637570677948,2.120711079977866,3.993041507828865,-1.4596799035436203,5.840133475838427,8.797740521357378,308.9118858427066,282.0349393899463,102070.90644878824,1,-1.4596799035436203,5.840133475838427,0
2025-07-04,16.284256315614567,388.115706944059,75.16207405568873,58.32130813874575,537.883345454108,108028.6,-1.4596799035436203,-0.33015200056391025,1.778389123901225,0.22331123424721433,8.843546986631324,9.251670390989041,537.883345454108,347.4239988766847,102608.78979424234,1,0.22331123424721433,8.843546986631324,1
2025-07-07,93.0182808764262,55.19860995837561,96.7812977562811,90.81975787515952,335.81794646624246,108269.84,-0.8681171360246709,-0.567994804217764,1.0796597026440535,0.6356340787055714,10.708309904217096,8.459373358268563,335.81794646624246,375.5494070261205,102944.60774070858,1,0.6356340787055714,10.708309904217096,1
2025-07-08,46.74399269176036,-19.880595662008204,44.500312887915996,10.73538802642664,82.09909794409481,108958.04,0.6356340787055714,-0.6118737197140622,1.4958612864943488,2.133674577846678,8.098163292952055,10.158387577456418,82.09909794409481,296.1552307033375,103026.70683865268,1,2.133674577846678,8.098163292952055,1
2025-07-09,-29.60953602750536,244.00144500533324,62.501667987063584,-40.585364674624756,236.30821229026668,111282.85,2.133674577846678,3.012396717165644,2.6722992285750813,4.267009696462654,6.648670482468755,6.764375642787712,236.30821229026668,300.20409759948376,103263.01505094295,1,4.267009696462654,6.648670482468755,1
2025-07-10,-45.67245316390668,149.7945775647389,108.89525431311085,55.51548634261084,268.5328650565539,116031.3,4.267009696462654,7.191585143743495,8.265209188005084,1.3365876276487443,2.794409784256491,2.0388808881741216,268.5328650565539,292.1282934422532,103531.5479159995,1,1.3365876276487443,2.794409784256491,1
2025-07-11,23.856663810900262,97.87671828692868,65.08667391632932,104.0153354453256,290.83539145948384,117582.16,1.3365876276487443,7.658244549111792,11.229003995581198,1.9403878955787102,0.3749633447795109,0.04346747839978349,290.83539145948384,242.71870264332838,103822.38330745898,1,1.9403878955787102,0.3749633447795109,1
2025-07-14,-66.73873564780389,270.8356447299353,149.07855404933622,87.16839058818312,440.3438537196508,119863.71,0.6152060915224355,7.7108557158627855,10.95553399747844,-1.7370311664806737,-2.0314071706941217,-1.4959657097214918,440.3438537196508,263.62388409401007,104262.72716117863,1,-1.7370311664806737,-2.0314071706941217,0
2025-07-15,90.85788049356374,224.3800713771199,64.0145525754159,56.289782458238776,435.5422869043383,117781.64,-1.7370311664806737,1.508506756366601,8.808577447893317,0.7641598469846356,1.9058827844475656,0.12884011463925038,435.5422869043383,334.31252188605873,104698.26944808297,1,0.7641598469846356,1.9058827844475656,1
2025-07-16,58.26876710276394,143.59213692632716,88.98738903007543,35.25091443103858,326.0992074902051,118681.68,0.7641598469846356,0.9351078428904369,8.664965237408717,0.4988217221057356,0.10849189192470021,-0.7174906860098362,326.0992074902051,352.2707209260464,105024.36865557317,1,0.4988217221057356,0.10849189192470021,1
2025-07-17,-24.150398021352157,71.96956013291057,117.3036332749236,74.21367789911932,239.33647328560133,119273.69,0.4988217221057356,1.5331568667260154,10.163356665161793,-1.0485464145529533,-0.73499025644298,-2.9449579366581213,239.33647328560133,346.4314425718559,105263.70512885877,1,-1.0485464145529533,-0.73499025644298,0
2025-07-18,-86.33691047331781,287.24573282801447,23.265370682678736,20.79361400886594,244.96780704624135,118023.05,-1.0485464145529533,-0.9298686040999815,8.319725648515707,-0.5035118140058303,-0.3302575217298598,-4.045243704513657,244.96780704624135,337.2579256892074,105508.67293590501,1,-0.5035118140058303,-0.3302575217298598,0
2025-07-21,67.0246771424608,265.0201177958661,9.567647520768958,64.29073308068658,405.9031755397824,117428.79,0.09895774285306747,-1.055672619396697,-0.13043645396547676,2.2120895565729715,0.5465439948755257,-2.0241543832649422,405.9031755397824,330.3697900532337,105914.5761114448,1,2.2120895565729715,0.5465439948755257,1
2025-07-22,-6.38487719687961,190.08241362206172,18.973747417196208,65.1641047749988,267.83538861737713,120026.42,2.2120895565729715,0.6310947535873135,2.173927292863498,-1.0130936172219385,-1.7438077383296058,-4.926806948003614,267.83538861737713,296.82841039584156,106182.41150006217,1,-1.0130936172219385,-1.7438077383296058,0
2025-07-23,61.243804545940165,384.6636996047666,130.5033641370873,81.80629722496639,658.2171655127604,118810.44,-1.0130936172219385,0.6671493407431894,-0.26892287561882666,-0.3479492206240553,-0.8250874249771334,-3.18289369183381,658.2171655127604,363.2520020003526,106840.62866557493,1,-0.3479492206240553,-0.8250874249771334,0
2025-07-24,-80.35769984038826,92.99152336738474,57.92567416430213,132.7898011673323,203.34929885863093,118397.04,-0.3479492206240553,0.4095097306795248,-1.2236147204187309,-0.6450921408170274,-2.2263309961127353,-0.7445709791393362,203.34929885863093,356.0545671149585,107043.97796443356,1,-0.6450921408170274,-2.2263309961127353,0
2025-07-25,-30.59455065508174,47.44748290752611,182.32797142673007,61.77247901536301,260.9533826945374,117633.27,-0.6450921408170274,0.27326112177112893,-0.1259703974235693,0.3717655727839553,-3.7272958577110105,-0.8071526023207598,260.9533826945374,359.2516822446177,107304.9313471281,1,0.3717655727839553,-3.7272958577110105,1
2025-07-28,-0.3532709654275822,130.80919301187555,57.43009605370446,34.731091228775036,222.61710932892746,118070.59,-1.1676423456743024,-0.6227146368618874,0.04028026728677414,-0.11620167223691524,-2.556724752539974,0.5346377959151383,222.61710932892746,322.5944690024467,107527.54845645704,1,-0.11620167223691524,-2.556724752539974,0
2025-07-29,1.743746329012792,195.4413983644502,87.38205212788148,49.23277063424017,333.7999674555847,117933.39,-0.11620167223691524,-0.3916060739356242,0.016299991765200694,-0.08754094154336256,-3.239489681421015,1.8483230237000603,333.7999674555847,335.78738477008824,107861.34842391263,1,-0.08754094154336256,-3.239489681421015,0
2025-07-30,-23.09855247923255,224.3339449322692,141.68439810271502,-3.0722771466735495,339.8475134090781,117830.15,-0.08754094154336256,0.16736761632145658,0.44108608871844535,-1.7559342833731395,-2.3774220774564037,4.697846858380483,339.8475134090781,272.11345434935174,108201.19593732171,1,-1.7559342833731395,-2.3774220774564037,0
2025-07-31,30.55705680697935,175.87639421436702,160.24371552636492,29.158606067328254,395.83577261503956,115761.13,-1.7559342833731395,-1.8720919952024961,-1.4201457751544466,-2.1703312674988595,1.5155000646590144,2.2707622152617013,395.83577261503956,310.6107491006335,108597.03170993675,1,-2.1703312674988595,1.5155000646590144,0
2025-08-01,-53.95678481058452,235.2055396514297,162.4601430654559,37.72152685660688,381.43042476290793,113248.73,-2.1703312674988595,-5.2038362198565835,-5.646831755875081,1.5921767952717936,3.03319957760233,3.6982578082774165,381.43042476290793,334.7061575143076,108978.46213469966,1,1.5921767952717936,3.03319957760233,1
2025-08-04,-7.6852210615424195,74.84605758095559,128.3346492237257,34.27734806196223,229.77283380510113,115051.85,0.7320532819778958,-2.3578854817718486,-2.1944642021768157,-0.8160668429060491,3.17247397586391,1.0733508413815152,229.77283380510113,336.13730240954226,109208.23496850475,1,-0.8160668429060491,3.17247397586391,0
2025-08-05,5.457894011672542,344.3764604073259,120.9625010324585,54.57064616101166,525.3675016124686,114112.95,-0.8160668429060491,-1.4237767029399273,-3.269214288457134,0.8026082929238232,5.258149929521583,-1.101329866592704,525.3675016124686,374.4508092409191,109733.60247011721,1,0.8026082929238232,5.258149929521583,1
2025-08-06,25.174258670996792,191.7848821607431,103.70107796804731,25.32740202853398,345.9876208283212,115028.83,0.8026082929238232,1.5718498565061134,-3.713782855505088,2.1617710968632853,7.2475743689647265,-0.6544707096473146,345.9876208283212,375.67883072476775,110079.59009094554,1,2.1617710968632853,7.2475743689647265,1
2025-08-07,35.04211327678838,311.7295831588128,111.13444304666551,83.63092001973413,541.5370595020008,117515.49,2.1617710968632853,4.418543568425659,-0.4701424800197862,-0.7077364864836233,0.7439870267315296,-4.2847032335907365,541.5370595020008,404.81908810216,110621.12715044754,1,-0.7077364864836233,0.7439870267315296,0
2025-08-08,-56.76183243834726,234.2725346377704,57.95257134685866,50.006211947545914,285.46948549382773,116683.79,-0.7077364864836233,2.160875739269885,-1.059581175441493,1.7295033011869076,0.6454795477589537,0.19273456921480303,285.46948549382773,385.626900248344,110906.59663594137,1,1.7295033011869076,0.6454795477589537,1
2025-08-11,-77.22668075206283,245.6753219153784,47.272044663107714,49.720990365841566,265.4416761922648,118701.84,-0.5092056055614025,3.193121237519314,4.815162165615461,1.1889790419423951,-2.034576717597636,-7.223224172430687,265.4416761922648,392.76066872577667,111172.03831213363,1,1.1889790419423951,-2.034576717597636,1
2025-08-12,63.37147979296167,256.9767280232204,79.86502170356192,40.16315850461247,440.37638802435646,120113.18,1.1889790419423951,2.210508589123017,6.72672444264284,2.707821073424266,-6.041793248667626,-6.931104479957984,440.37638802435646,375.76244600815426,111612.41470015798,1,2.707821073424266,-6.041793248667626,1
2025-08-13,16.111807884455327,244.7708560017315,73.19261509900286,54.655720515769374,388.73099950095906,123365.63,2.707821073424266,5.72645094918498,8.011068177737002,-4.033408656852,-7.368040839251588,-9.818310010656939,388.73099950095906,384.31112174268185,112001.14569965894,1,-4.033408656852,-7.368040839251588,0
2025-08-14,-37.91989092835097,264.2722759867544,61.870878026909,74.75294794002905,362.97621102534146,118389.79,-4.033408656852,1.6286712338844822,2.9012484371176983,-0.8048244700830987,-4.991553748004785,-4.911690442224781,362.97621102534146,348.59895204734994,112364.12191068428,1,-0.8048244700830987,-4.991553748004785,0
2025-08-15,77.0702256297227,332.91525301324316,107.85549789826861,23.986093528672992,541.8270700699074,117436.96,-0.8048244700830987,-1.5693738052593775,2.912912162905279,-0.9794190857801643,-0.449841344666968,-7.71361928987262,541.8270700699074,399.8704689625659,112905.94898075418,1,-0.9794190857801643,-0.449841344666968,0
2025-08-18,5.3044141377959235,219.652116970147,118.21220834282043,30.2565053277423,373.42524477850566,116286.76,-1.0229418003108504,-5.73812171185768,-0.3402614879067567,-2.9500950925109515,-5.296406916832142,-6.059339859499047,373.42524477850566,421.4671826798141,113279.3742255327,1,-2.9500950925109515,-5.296406916832142,0
2025-08-19,58.49346404904734,270.9003757588512,83.53627545167389,40.88821913670006,453.8183343962725,112856.19,-2.9500950925109515,-4.674051706654769,-3.1215054083734595,1.258070115604637,-0.9464965989016694,-1.4250436772675013,453.8183343962725,424.1555719541972,113733.19255992897,1,1.258070115604637,-0.9464965989016694,1
2025-08-20,2.9123203929349986,191.02643057127733,139.1012032422105,9.623872295803551,342.66382650222636,114276.0,1.258070115604637,-2.691622807674865,-4.218754989654205,-1.57137106654065,-2.6451660891175677,-2.204828660436131,342.66382650222636,414.9421373544507,114075.85638643119,1,-1.57137106654065,-2.6451660891175677,0
2025-08-21,100.0,344.01172154494725,34.3324354346598,25.422264208355067,503.7664211879621,112480.3,-1.57137106654065,-4.235963726913838,-5.2413172365314615,3.937027194984366,0.0840591641380728,-1.564282812190232,503.7664211879621,443.10017938697484,114579.62280761915,1,3.937027194984366,0.0840591641380728,1
2025-08-22,87.31863718097141,132.36076979407304,72.25362162881127,35.71337379366023,327.646402397516,116908.68,3.937027194984366,-0.49359682556436857,-2.667900391946998,-5.800202345967797,-7.296601073590081,-5.336353126217819,327.646402397516,400.26404585249657,114907.26921001666,1,-5.800202345967797,-7.296601073590081,0
2025-08-25,-12.88920088336543,380.09404329108156,51.327107175887804,76.23167542138182,494.7636250049858,110127.74,-2.9523431854632576,-3.6300360530645004,-6.22395198240826,1.5075856455421643,-0.8056008413502402,1.7659764923896537,494.7636250049858,424.53172189779264,115402.03283502164,1,1.5075856455421643,-0.8056008413502402,1
2025-08-26,48.144843069064265,195.98420493556566,5.3385353170776,57.87683987005775,307.34442319176526,111788.01,1.5075856455421643,-0.6154766656916832,-4.825369024299208,-0.4784055105730878,-0.4831197907539386,-0.21352021562955903,307.34442319176526,395.23693965689114,115709.37725821341,1,-0.4784055105730878,-0.4831197907539386,0
2025-08-27,31.842261505107075,56.92248978819518,76.69277256629204,55.80769734102633,221.26522120062063,111253.21,-0.4784055105730878,-4.8375107819196845,-5.307229807828162,1.1879567340124408,0.45230155606297284,2.454544907063805,221.26522120062063,370.95721859657,115930.64247941403,1,1.1879567340124408,0.45230155606297284,1
2025-08-28,68.01209192201262,212.81044149107893,75.13009966466866,75.52693886503917,431.47957194279934,112574.85,1.1879567340124408,-2.4344997268682222,-3.1920314918052473,-3.7277686801270415,-1.6469575575717044,2.6339364431753554,431.47957194279934,356.49984874753744,116362.12205135683,1,-3.7277686801270415,-1.6469575575717044,0
2025-08-29,-48.658725490638176,131.8948342525119,140.53798972968525,45.8788463480181,269.6529448395771,108378.32,-3.7277686801270415,-4.493981212217335,-3.9677664113948907,0.7955742440000968,2.114537298603625,7.130309825802783,269.6529448395771,344.90115723594965,116631.7749961964,1,0.7955742440000968,2.114537298603625,1
2025-09-01,33.896839430702116,284.0643548988724,105.2324673821911,61.71394549786669,484.9076072096323,109240.55,0.9169688663849929,-1.8090803851861903,-6.559076708418909,1.8375868667816153,2.5924622312868184,5.621108645095618,484.9076072096323,342.92995367687894,117116.68260340604,1,1.8375868667816153,2.5924622312868184,1
2025-09-02,52.52219695929451,134.7376020697609,39.0325270268318,46.90334741202511,273.19567346791234,111247.94,1.8375868667816153,-1.178691332922055,-3.58449582250967,0.45706014870927625,0.2709083871575535,5.0199761002315935,273.19567346791234,336.1002037321084,117389.87827687395,1,0.45706014870927625,0.2709083871575535,1
2025-09-03,-88.32940636181118,155.38165667852203,154.16370265336752,57.960870481988856,279.17682345206725,111756.41,0.45706014870927625,3.1169425767072267,-1.5171134493029426,-0.9266761521777633,1.9932279499672578,4.230620865505608,279.17682345206725,347.68252418239774,117669.05510032602,1,-0.9266761521777633,1.9932279499672578,0
2025-09-04,-59.54887134283837,11.04592690544689,128.84134782101412,32.51724027165254,112.85564365527519,110720.79,-0.9266761521777633,1.7393145307459168,0.538511005492337,-0.0458540803402796,4.352579131705991,5.777776693970482,112.85564365527519,283.9577385248929,117781.9107439813,1,-0.0458540803402796,4.352579131705991,0
2025-09-05,-102.34117547607201,154.76936807509233,103.28390813874464,-23.164514748292873,132.54758598947208,110670.02,-0.0458540803402796,2.2375204334123655,-1.0000983110800443,1.2673260563249134,4.911908392173414,4.536486032983467,132.54758598947208,256.5366667548719,117914.45832997076,1,1.2673260563249134,4.911908392173414,1
2025-09-08,-13.843634626416227,-42.38793266289568,70.94063604600672,45.97162513441088,60.68069389110569,112072.57,0.8485227294507736,0.2829009986988762,3.4086614370844703,-0.4668849835423594,2.952113974008097,0.5924910975094067,60.68069389110569,171.69128409116655,117975.13902386186,1,-0.4668849835423594,2.952113974008097,0
2025-09-09,35.50998987461472,41.60971765142767,41.62243053106081,92.6824440829982,211.4245821401014,111549.32,-0.4668849835423594,0.7483057156655093,2.500635636458415,2.1825771775211056,4.736236850211184,0.4194467523423784,211.4245821401014,159.33706582560436,118186.56360600196,1,2.1825771775211056,4.736236850211184,1
2025-09-10,74.75679769767476,276.04146561442974,65.11172895715788,77.78646206724777,493.69645433651016,113983.97,2.1825771775211056,2.9944423973177203,5.298964091236846,1.3651305530067104,2.19366810964734,-0.5577977324355388,493.69645433651016,202.24099200249296,118680.26006033846,1,1.3651305530067104,2.19366810964734,1
2025-09-11,3.349651826567485,278.5800158650832,123.54994478816744,78.96192453773511,484.44153701755323,115540.0,1.3651305530067104,4.833748591358877,5.766585759592013,0.48989960186949233,1.365752120477759,-5.6294616583001496,484.44153701755323,276.55817067494854,119164.70159735602,1,0.48989960186949233,1.365752120477759,1
2025-09-12,81.08155915923366,242.54575617849648,155.38345223738435,87.08392165418653,566.094689229301,116106.03,0.48989960186949233,4.478032452377012,4.3669033332212726,-0.6243861752916691,-0.3578453246571245,-5.5197305428495,566.094689229301,363.26759132291437,119730.79628658532,1,-0.6243861752916691,-0.3578453246571245,0
2025-09-15,-69.34851896226381,103.3023856870787,141.72974113088756,52.65972772884312,228.34333558454557,115381.08,0.05805879990596896,1.2257074393881906,4.256852939938027,1.257987878081912,-2.2919615590355047,-0.880568980633567,228.34333558454557,396.80011966160237,119959.13962216987,1,1.257987878081912,-2.2919615590355047,1
2025-09-16,-85.50689135535465,195.228864385802,60.44602312854904,55.91947122216787,226.0874673811643,116832.56,1.257987878081912,1.1187121343257722,6.006536457718981,-0.2979991194235643,-4.121582202769492,-2.3665063917113427,226.0874673811643,399.7326967098149,120185.22708955103,1,-0.2979991194235643,-4.121582202769492,0
2025-09-17,-3.1095714955073213,199.63974609094316,35.21530266843955,31.470443136969493,263.2159204008449,116484.4,-0.2979991194235643,0.3258831604181056,4.818508766475471,0.5439269121015444,-2.692403446298386,1.8676921544859226,263.2159204008449,353.6365899226818,120448.44300995188,1,0.5439269121015444,-2.692403446298386,1
2025-09-18,18.876576457031675,84.16353108074573,85.63544987644816,40.5178143191885,229.1933717334141,117117.99,0.5439269121015444,0.9913394473578307,4.501922281250437,-1.218805069998219,-6.900963720432706,2.9912825518948916,229.1933717334141,302.58695686585406,120677.6363816853,1,-1.218805069998219,-6.900963720432706,0
2025-09-19,-1.9560335848824344,350.33983017671505,9.26242537748594,68.47313449313424,426.1193564624528,115690.55,-1.218805069998219,0.3264300740941195,3.7124654816362845,-2.553328685877976,-5.1804231201252,5.728946746298624,426.1193564624528,274.5918903124844,121103.75573814775,1,-2.553328685877976,-5.1804231201252,0
2025-09-22,-103.6880906234206,287.73622905756713,92.92670856739126,86.11653311506448,363.0913801166023,112736.59,-2.2082146716923656,-3.217435124360002,-2.90203704320956,-0.638106935822691,1.4444999622571508,10.6296456190488,363.0913801166023,301.5414992188957,121466.84711826436,1,-0.638106935822691,1.4444999622571508,0
2025-09-23,-4.7667648141307355,177.9035826170336,74.09589654805325,45.81661172957001,293.04932608052616,112017.21,-0.638106935822691,-4.355248924610134,-3.407084777872582,1.1881745671044497,1.8305222920656616,8.370803022142749,293.04932608052616,314.93387095876807,121759.89644434488,1,1.1881745671044497,1.8305222920656616,1
2025-09-24,-65.52910140580745,202.68858389945308,61.35853992527031,36.494322054457655,235.01234447337356,113348.17,1.1881745671044497,-2.0246943246444937,-1.7048734617344907,-3.804604873638451,4.686268865214149,8.81803385092146,235.01234447337356,309.2931557732738,121994.90878881825,1,-3.804604873638451,4.686268865214149,0
2025-09-25,33.183052620681636,220.83828079475524,16.21187730932818,50.01583876569792,320.249049490463,109035.72,-3.804604873638451,-5.802626986567871,-5.499480504082643,0.606746119528534,10.625508778224235,11.628106825909889,320.249049490463,327.50429132468355,122315.15783830872,1,0.606746119528534,10.625508778224235,1
2025-09-26,18.03430554882811,-4.173486842429071,100.54400426278866,68.03620246787344,182.44102543706114,109697.29,0.606746119528534,-4.844613139557374,-6.10726153736596,4.255146138979371,11.505398173464453,2.992772200662386,182.44102543706114,278.76862511960525,122497.59886374578,1,4.255146138979371,11.505398173464453,1
2025-09-29,-47.28471012246464,175.2822617479403,58.691966413523545,6.684355515993744,193.37387355499294,114365.07,1.9317691713205853,0.8971472587515184,-1.145711555524631,-0.260009459181898,9.054355495082532,0.7947881289278147,193.37387355499294,244.8251238072834,122690.97273730078,1,-0.260009459181898,9.054355495082532,0
2025-09-30,-25.979261480662966,131.80157520022016,33.20332657158848,-18.885428594117144,120.14021169702852,114067.71,-0.260009459181898,4.6149922245664055,-1.4554255462521648,4.02590706870507,6.42271156315839,-0.8764180502966235,120.14021169702852,210.24330093058387,122811.1129489978,1,4.02590706870507,6.42271156315839,1
2025-10-01,-53.241865938849585,99.83799901050845,-30.0,33.483894515252494,50.08002758691136,118659.97,4.02590706870507,8.170375038435317,2.929938836214796,1.652916312046937,3.94680699818144,-6.620471924946559,50.08002758691136,173.25683755329143,122861.19297658472,1,1.652916312046937,3.94680699818144,1
2025-10-02,-3.4104970487325104,171.88997071140452,78.89940379797454,13.37862722257524,260.7575046832218,120621.32,1.652916312046937,9.974511575187584,6.99394047664561,1.4069486223496686,0.9062991517585717,-10.299439601556347,260.7575046832218,161.3585285918432,123121.95048126794,1,1.4069486223496686,0.9062991517585717,1
2025-10-03,47.48514468026426,379.76865268495226,150.89006386678977,34.75579407058068,612.899655302587,122318.4,1.4069486223496686,9.02044579000616,9.19607799551514,1.9634740153566366,-7.6342725215503116,-12.962154508234235,612.899655302587,247.4502545649484,123734.85013657053,1,1.9634740153566366,-7.6342725215503116,1
2025-10-06,-49.55377837064316,264.084286126701,146.4503685819148,45.56659043547585,406.5474667734485,124720.09,0.9709296710294746,5.1071309052243885,13.694777692320393,-2.6668838997790933,-7.573807876501693,-11.347033184469312,406.5474667734485,290.0849732086395,124141.39760334398,1,-2.6668838997790933,-7.573807876501693,0
2025-10-07,24.93927071233419,142.8821010217203,61.71614973654913,36.402547729309596,265.94006919991324,121393.95,-2.6668838997790933,0.6405418212965808,10.67894431459331,1.6057637139247793,-6.858620219541411,-10.735032511916776,265.94006919991324,319.24494470921644,124407.3376725439,1,1.6057637139247793,-6.858620219541411,1
2025-10-08,-26.771588064414594,257.25827813561585,55.91151758552878,93.57402603412237,379.9722336908524,123343.25,1.6057637139247793,0.8378543211814415,9.933878306028987,-1.3204938251586529,-10.16604475721209,-12.775137674741021,379.9722336908524,385.2233859300046,124787.30990623475,1,-1.3204938251586529,-10.16604475721209,0
2025-10-09,-39.89807270590386,339.9355436586002,98.75097024300095,59.8023429380696,458.5907841337669,121714.51,-1.3204938251586529,-0.6075932952339214,6.426297819780102,-7.175997340004903,-11.105093386154207,-9.529250045865522,458.5907841337669,424.7900418201137,125245.90069036851,1,-7.175997340004903,-11.105093386154207,0
2025-10-10,-5.601743714448197,292.4633682912769,40.06458243246834,59.01423078832485,385.9404377976218,112980.28,-7.175997340004903,-8.533389399468705,-0.9533197431595752,2.030221557248746,-5.768245573475294,-1.7154763645478632,385.9404377976218,379.39819831912064,125631.84112816612,1,2.030221557248746,-5.768245573475294,1
2025-10-13,-52.00820597037518,205.9630369920174,92.07167599277864,68.66621432130205,314.6927213357229,115274.03,0.17906806046303902,-6.542084791830927,-5.759043610773196,-1.9137267951853554,-4.082419951831307,-1.0296941991184028,314.6927213357229,361.0272492315756,125946.53384950185,1,-1.9137267951853554,-4.082419951831307,0
2025-10-14,-27.92448760932563,135.30632222944263,110.64321113538762,15.835006466576928,233.86005222208155,113068.0,-1.9137267951853554,-7.103927050275272,-7.668357361053402,-2.0022287473025147,-4.1618583507269875,-0.14261329465454775,233.86005222208155,354.61124583600923,126180.39390172393,1,-2.0022287473025147,-4.1618583507269875,0
2025-10-15,-60.131916693953556,269.822331361359,129.0773289553723,81.17335362260806,419.9410972453858,110804.12,-2.0022287473025147,-1.9261414469852634,-10.295165696398156,-2.3520064055379875,-2.9043504880504445,-0.6967159704891701,419.9410972453858,362.60501854691586,126600.33499896932,1,-2.3520064055379875,-2.9043504880504445,0
2025-10-16,98.00216873999308,239.34853854217496,75.99383694080188,47.7270714039362,461.0716156269061,108198.0,-2.3520064055379875,-2.3209495012543657,-13.247336495668016,-1.6032643856633166,1.7727037468345141,0.10183182683598524,461.0716156269061,363.10118484554374,127061.40661459623,1,-1.6032643856633166,1.7727037468345141,0
2025-10-17,1.5329588255212945,289.5193220027732,71.85304999292137,70.11441851723637,433.01974933845224,106463.3,-1.6032643856633166,-7.477910014584421,-12.299336169553754,3.8555633725424476,4.3008529699906095,2.90425902634992,433.01974933845224,372.51704715370977,127494.42636393468,1,3.8555633725424476,4.3008529699906095,1
2025-10-20,-35.212688991072675,263.51718016819694,44.880696529737556,17.844283008795337,291.02947071565717,110568.06,1.7402797543320636,-0.21304261971486493,-2.1350805645020565,-1.9949612935236338,3.1826550994925595,-3.626797829318884,291.02947071565717,367.7843970296966,127785.45583465033,1,-1.9949612935236338,3.1826550994925595,0
2025-10-21,10.476324232769288,304.95527153193353,46.9247858384056,3.387237019518068,365.74361862262646,108362.27,-1.9949612935236338,0.15182350875246886,-2.1726497394710664,-0.7163840329295512,4.193784423305269,-6.362103710082867,365.74361862262646,394.1611103098056,128151.19945327296,1,-0.7163840329295512,4.193784423305269,0
2025-10-22,-5.835393355553501,146.4764788439432,70.94084432393893,74.53668974075086,286.1186195530795,107585.98,-0.7163840329295512,1.0545230140339479,-6.502243282623022,2.3516539980395157,2.2736698592140003,-3.4548925426900357,286.1186195530795,367.3966147713444,128437.31807282603,1,2.3516539980395157,2.2736698592140003,1
2025-10-23,-11.263851246948992,331.73940656343257,94.69462027264713,61.2922857829255,476.46246137205617,110116.03,2.3516539980395157,2.7116402918376803,-4.474555110114564,0.8410219656484141,-1.641768233017482,-8.014754981631643,476.46246137205617,370.47478392037436,128913.78053419809,1,0.8410219656484141,-1.641768233017482,1
2025-10-24,30.496523505869867,219.75996046923996,116.54338504932997,22.93845336927469,389.73832239371444,111042.13,0.8410219656484141,2.1764998926173673,-1.7917271022747316,2.742139402405197,-1.3390052946570807,-6.9864113737731826,389.73832239371444,361.8184985314268,129303.5188565918,1,2.742139402405197,-1.3390052946570807,1
2025-10-27,37.66707494216159,407.5260872625265,47.872841972786205,23.91010756175917,516.9761117392335,114087.06,-0.4024772477655425,6.042683256684556,7.160927756325419,-1.0345695646815645,-6.599416270346525,-7.106572822544466,516.9761117392335,407.0078267361421,129820.49496833104,1,-1.0345695646815645,-6.599416270346525,0
2025-10-28,-26.729924870016266,131.0812181910432,139.70754275838087,83.76304353244308,327.8218796118509,112906.75,-1.0345695646815645,2.534344908729458,5.3147075182463865,-2.546012528037511,-10.131015196168525,-8.765994947157719,327.8218796118509,399.423478933987,130148.31684794289,1,-2.546012528037511,-10.131015196168525,0
2025-10-29,-28.992393359963412,373.5963803165249,69.15505595829725,14.317643213980162,428.07668612883896,110032.13,-2.546012528037511,-0.909564685043418,1.2471385331806806,-1.5667696335606829,-5.601209392202078,-7.627881056196961,428.07668612883896,427.8150922491389,130576.39353407173,1,-1.5667696335606829,-5.601209392202078,0
2025-10-30,-13.950735991882155,219.79107834626478,79.14530822606255,99.2801885976789,384.26583917812405,108308.18,-1.5667696335606829,-3.007203342891296,-2.043881388531199,1.1514273437149614,-6.47936286991434,-8.026762152221556,384.26583917812405,409.37576781035244,130960.65937324986,1,1.1514273437149614,-6.47936286991434,1
2025-10-31,-115.29093422090563,134.85819963855516,50.111532834087065,22.98137796056394,92.66017621230054,109555.27,1.1514273437149614,-4.358710826169155,1.1009367005692994,-2.7358702141850433,-5.724051430843991,-13.738554064993858,92.66017621230054,349.9601385740697,131053.31954946216,1,-2.7358702141850433,-5.724051430843991,0
2025-11-03,-75.9512080773513,151.61141659456786,-16.969610410917667,69.15175776825149,127.84235587455038,106557.98,-3.598854346199032,-3.157395935169127,-4.038242061819242,-4.776582664198403,-0.5429907736614337,-13.567618305076723,127.84235587455038,272.13338740113306,131181.16190533672,1,-4.776582664198403,-0.5429907736614337,0
2025-11-04,68.15522618278193,167.965269180568,115.36181585444199,40.14144572753046,391.6237569453224,101468.15,-4.776582664198403,-6.315340170982465,-9.132628393137022,2.3661119277329945,1.5189002657484352,-8.429926040831525,391.6237569453224,284.8937628678274,131572.78566228203,1,2.3661119277329945,1.5189002657484352,1
2025-11-05,82.06301390483463,242.41659464019165,109.47375588369734,68.09562293247029,502.0489873611939,103869.0,2.3661119277329945,-5.1903208307551125,-9.322800580961232,-2.4824538601507684,-2.1469254541778615,-11.945238714149554,502.0489873611939,299.68822311429835,132074.83464964322,1,-2.4824538601507684,-2.1469254541778615,0
2025-11-06,-12.634109822184051,252.28354880354996,68.74689771527146,33.67657993657422,342.0729166332116,101290.5,-2.4824538601507684,-7.961445586073889,-11.216486777729218,1.968368208272242,-1.654607292885324,-14.565650283096632,342.0729166332116,291.2496386053159,132416.90756627644,1,1.968368208272242,-1.654607292885324,1
2025-11-07,28.648553592047453,142.6299996061421,82.67962868899488,45.116212817831176,299.0743947050156,103284.27,1.968368208272242,-6.560522674918323,-8.522501976188313,2.609409932412743,-8.501110575695602,-17.63617054174852,299.0743947050156,332.5324823038589,132715.98196098144,1,2.609409932412743,-8.501110575695602,1
2025-11-10,15.386176644862678,197.5645407739017,100.63756870816398,51.227575261871635,364.81586138880004,105979.38,1.2268309025411428,2.031770788204379,-3.264005465004105,-2.8024602521735775,-13.095736170564498,-16.713798476647067,364.81586138880004,379.9271834067088,133080.79782237025,1,-2.8024602521735775,-13.095736170564498,0
2025-11-11,100.0,414.2270358611864,17.498165724538296,19.934376326555817,551.6595779122804,103009.35,-2.8024602521735775,1.6969508492899132,-6.399596555272602,-1.330306423640193,-9.79997446833709,-15.226132385069914,551.6595779122804,411.9343476001004,133632.45740028252,1,-1.330306423640193,-9.79997446833709,0
2025-11-12,55.8081953098992,372.75431701007113,58.83789290614821,72.22473036260378,559.6251355887223,101639.01,-1.330306423640193,-1.5929434365949513,-8.048960696156849,-1.9918238085947504,-10.013291156613969,-10.99004211079978,559.6251355887223,423.44957724560606,134192.08253587125,1,-1.9918238085947504,-10.013291156613969,0
2025-11-13,-6.563610887989583,243.63236696740321,111.77058718487308,34.603593005852446,383.44293627013917,99614.54,-1.9918238085947504,-2.611345862373371,-6.516114513432036,-5.130355468187664,-13.128264207213114,-8.329948619950455,383.44293627013917,431.72358117299154,134575.5254721414,1,-5.130355468187664,-13.128264207213114,0
2025-11-14,-47.94198098920434,203.80034781682002,29.828423073230027,43.14200253979944,228.82879244064515,94503.96,-5.130355468187664,-9.73398430392296,-6.863424631275916,-2.5431315259170084,-9.983793271731678,-3.810697456487544,228.82879244064515,417.6744607201175,134804.35426458204,1,-2.5431315259170084,-9.983793271731678,0
2025-11-17,-80.48454844028728,212.00313267182614,91.74231728666517,20.169518761744634,243.43042027994866,92100.6,-2.2120218546744175,-9.384595540629515,-10.828047678509034,0.8836641672258283,-4.163273637739606,-6.317266119873278,243.43042027994866,393.39737249834724,135047.78468486198,1,0.8836641672258283,-4.163273637739606,1
2025-11-18,10.013630832120555,261.35179727304165,25.7367278150638,-26.870009763859315,270.23214615636664,92914.46,0.8836641672258283,-6.726006062970313,-9.161712644315323,-1.5636532785101465,-6.015694435505525,-1.7289128086198868,270.23214615636664,337.11188614716445,135318.01683101835,1,-1.5636532785101465,-6.015694435505525,0
2025-11-19,-37.9744510800251,97.72074348015944,98.65719929734105,44.269167121994926,202.6726588194703,91461.6,-1.5636532785101465,-3.2192936676939232,-12.639912431306378,-5.384467361165779,-1.0854391351124537,2.17822561599621,202.6726588194703,265.7213907933141,135520.68948983782,1,-5.384467361165779,-1.0854391351124537,0
2025-11-20,-71.267005738443,174.26234625766548,78.57434070810066,122.37846264838748,303.9481438757106,86536.88,-5.384467361165779,-9.42808692956424,-18.345549860737066,-1.6963865579623372,5.523448499645456,6.421146683356271,303.9481438757106,249.82243231442834,135824.63763371354,1,-1.6963865579623372,5.523448499645456,0
2025-11-21,-32.48041378116576,33.141592612241055,15.394727363779623,73.53812863694071,89.59403483179562,85068.88,-1.6963865579623372,-9.677963245762522,-17.416351039978405,3.758507223793228,6.857760440715799,5.026996946474416,89.59403483179562,221.97548079265843,135914.23166854534,1,3.758507223793228,6.857760440715799,1
2025-11-24,-54.22666121942884,239.92231226052792,126.58957417828685,49.42218860796816,361.70741382735406,88266.2,1.6794711287909436,-3.4937066484732493,-6.600527639265074,-1.0663085076733858,-2.2475647529858533,2.7050671718052977,361.70741382735406,245.63087950213952,136275.9390823727,1,-1.0663085076733858,-2.2475647529858533,0
2025-11-25,84.21028778289008,264.7195939702741,50.61633692807803,42.11327512375197,441.65949380499416,87325.01,-1.0663085076733858,0.9107446443643363,-8.603208081976932,3.6001484568968234,4.561167528065568,6.143703848416404,441.65949380499416,279.916349031865,136717.5985761777,1,3.6001484568968234,4.561167528065568,1
2025-11-26,43.93762016765842,151.6813537700626,47.58990251942476,50.67397678436139,293.8828532415072,90468.84,3.6001484568968234,6.347750199602942,-3.9445459774099634,0.9371845598993067,3.299478582902138,1.7322538898476125,293.8828532415072,298.1583879162724,137011.48142941922,1,0.9371845598993067,3.299478582902138,1
2025-11-27,-0.5406135577824969,357.39867632900325,88.02276788923771,66.4135734552563,511.2944041157148,91316.7,0.9371845598993067,7.832294175995469,-0.8511345202962928,-0.4533672373180364,0.8507096730389963,1.3418137098690552,511.2944041157148,339.62763996427327,137522.77583353492,1,-0.4533672373180364,0.8507096730389963,0
2025-11-28,73.85757220019586,77.42343369976588,125.9454939771486,14.575615540734653,291.80211541784496,90902.7,-0.4533672373180364,4.716623805931874,-2.1651742904172377,-5.082731316011513,-1.7132714429824447,-0.6872183114472907,291.80211541784496,380.0692560814831,137814.57794895276,1,-5.082731316011513,-1.7132714429824447,0
2025-12-01,3.731088597394844,53.562511979017984,39.36712724086412,83.42965084006616,180.0903786573431,86282.36,-4.522709042020912,-4.6275380561970225,1.4264675872069699,5.824701596015691,5.066504903203861,0.15662529397666436,180.0903786573431,343.74584904748093,137994.6683276101,1,5.824701596015691,5.066504903203861,1
2025-12-02,-43.19926703929208,222.4451818559972,82.46719399391887,71.46143946323733,333.1745482738613,91308.05,5.824701596015691,-0.009472528026077676,7.822079731708476,2.350055663219175,1.5135029167745895,-3.7828428052072205,333.1745482738613,322.04885994125436,138327.84287588394,1,2.350055663219175,1.5135029167745895,1
2025-12-03,76.0233791860169,304.7098302612155,97.15266001322291,71.54557177123803,549.4314412316933,93453.84,2.350055663219175,2.8064512935259245,7.655444849270143,-1.4555849176449032,-1.5171661217987298,-7.751495283660892,549.4314412316933,373.15857753929157,138877.27431711563,1,-1.4555849176449032,-1.5171661217987298,0
2025-12-04,26.8148729055821,368.3927691457869,107.72422429052577,63.15427216429182,566.0861385061866,92093.54,-1.4555849176449032,1.3932698771723206,4.33613319707884,-2.9841941139411077,0.48696140901958174,-7.203024229495347,566.0861385061866,384.1169244173859,139443.36045562182,1,-2.9841941139411077,0.48696140901958174,0
2025-12-05,-51.99077788290922,154.111573713106,87.05766221108901,50.5884997308197,239.7669577721055,89345.29,-2.9841941139411077,-1.1333689869514663,2.3135182005704857,1.464621134477273,1.043938634034336,-1.4020213040888851,239.7669577721055,373.7098928882381,139683.12741339393,1,1.464621134477273,1.043938634034336,1
2025-12-08,-9.643280645685845,307.86808334312957,65.3188864366671,70.1858370790046,433.7295262131155,90653.86,0.27827834892235614,-2.9961101651895694,-0.2737432441500598,2.2460599030201145,-4.6731159599822885,-2.3132936644948088,433.7295262131155,424.43772239939256,140116.85693960704,1,2.2460599030201145,-4.6731159599822885,1
2025-12-09,-43.90517108279183,196.14915304992928,46.89639117405121,67.75442401224134,266.89479715343,92690.0,2.2460599030201145,0.647667577986466,2.049961212427087,-0.7055885208760326,-5.2173805156974895,-5.675563706980247,266.89479715343,411.18177217530626,140383.75173676046,1,-0.7055885208760326,-5.2173805156974895,0
2025-12-10,-69.26219115084429,182.73727000591805,83.44575532185499,39.37877867176928,236.29961284869802,92035.99,-0.7055885208760326,3.0115745329160726,1.8440732941896076,0.5497957918418672,-6.330371412313818,-4.810031380115543,236.29961284869802,348.55540649870716,140620.05134960916,1,0.5497957918418672,-6.330371412313818,1
2025-12-11,46.18869263837231,288.3659937486672,37.11443952057572,32.79194681309297,404.4610727207082,92542.0,0.5497957918418672,3.667642492598411,7.2548316944506475,-2.4464567439648977,-7.652719846123923,-5.803116422813437,404.4610727207082,316.23039334161155,141024.51242232986,1,-2.4464567439648977,-7.652719846123923,0
2025-12-12,95.3526337642922,265.232287841342,-30.0,53.0556888578596,383.6406104634938,90278.0,-2.4464567439648977,-0.13748545529100875,-1.1281042580583045,-4.2762356277276865,-2.4206894259952705,-3.3031192538603094,383.6406104634938,345.0051238798892,141408.15303279334,1,-4.2762356277276865,-2.4206894259952705,0
2025-12-15,-70.04462330478576,42.36078430157505,97.46239216630671,96.47060454485562,166.2491577079516,86417.5,-1.9894272090528964,-6.10466622893936,-3.2769382694935456,1.662290624005558,2.475505539965872,0.8022449156710243,166.2491577079516,291.50905017885646,141574.4021905013,1,1.662290624005558,2.475505539965872,1
2025-12-16,28.034138575167507,347.65403497258956,116.15739364344782,12.826787730382975,504.67235492158784,87854.01,1.662290624005558,-5.065797151563622,-1.583949987884803,-1.871559419996871,-0.4834042293572982,0.6186285634543154,504.67235492158784,339.06456173248796,142079.0745454229,1,-1.871559419996871,-0.4834042293572982,0
2025-12-17,-32.64456211818077,338.0091354147452,-14.517297421673533,5.974242027426797,296.8215179023177,86209.77,-1.871559419996871,-4.506335984403731,-4.6376258831496315,-0.8696810117925113,1.6230874992474664,1.494227394412495,296.8215179023177,351.1689427432119,142375.8960633252,1,-0.8696810117925113,1.6230874992474664,0
2025-12-18,-24.466844485348375,137.44372984904706,39.6107718116025,54.942825237095505,207.53048241239668,85460.02,-0.8696810117925113,-5.313038610909581,-5.7293092649336685,3.080539882859834,2.002878070938885,3.836086160522778,207.53048241239668,311.78282468154964,142583.4265457376,1,3.080539882859834,2.002878070938885,1
2025-12-19,-29.728443860152503,239.5803533437409,104.76617044020792,51.52663105568054,366.1447109794768,88092.65,3.080539882859834,-0.08955263491275955,-4.959920163987497,0.526854397046761,-0.9043206215274435,2.11747518096006,366.1447109794768,308.28364478474623,142949.57125671708,1,0.526854397046761,-0.9043206215274435,1
2025-12-22,-43.30648869167463,249.40301862827388,162.29981878846795,55.200249931112246,423.5965986561795,88556.77,-0.09384030564095758,2.722429255988046,-1.9065885376282066,-1.2731381237143125,-1.6328395897908243,5.999868784735485,423.5965986561795,359.7531329743918,143373.16785537326,1,-1.2731381237143125,-1.6328395897908243,0
2025-12-23,2.3208989210040087,226.06737658239072,80.83174830701631,57.31859593725501,366.538619747666,87429.32,-1.2731381237143125,2.304352374361729,-3.131117367929115,0.20554889366632967,1.1073859432968236,7.197459616522228,366.538619747666,332.1263859396074,143739.70647512094,1,0.20554889366632967,1.1073859432968236,1
2025-12-24,-41.650949783373584,144.969484615458,50.87988235083462,43.30393236095585,197.50234954387486,87609.03,0.20554889366632967,-0.5489901824953569,-0.6380511822342783,-0.49920653156416694,-0.12680199746533116,4.189864903195484,197.50234954387486,312.2625522679189,143937.20882466482,1,-0.49920653156416694,-0.12680199746533116,0
2025-12-25,13.42110710448662,132.83766320619486,72.68414235580639,94.69590315806246,313.6388158245503,87171.68,-0.49920653156416694,-1.3046510574702297,0.8727167529724911,0.14262659616059992,1.7972121221020432,4.421527725518204,313.6388158245503,333.4842189503496,144250.84764048937,1,0.14262659616059992,1.7972121221020432,1
2025-12-26,-2.611958138795653,197.44459290085547,134.9950567659274,1.9728806457045351,331.80057217369176,87296.01,0.14262659616059992,-1.5161786530791144,-0.6351445995464555,-0.2121861010600523,3.0493719014190956,3.6879577886778536,331.80057217369176,326.61539118919256,144582.64821266307,1,-0.2121861010600523,3.0493719014190956,0
2025-12-29,-12.045801284543442,317.2729019259365,54.16143283501859,25.14508925659262,384.5336227330043,87110.78,-0.8722503845987939,-0.5687199139175481,-1.114587879919604,1.4771076553326656,7.759407044684941,4.680603250252147,384.5336227330043,318.80279600455754,144967.18183539607,1,1.4771076553326656,7.759407044684941,1
2025-12-30,-45.47495565185894,254.36001545944322,48.03231973398986,46.90235719552858,303.8197367371027,88397.5,1.4771076553326656,1.4062135776206297,0.08321633983967569,-1.0176305891003712,6.023371701688385,7.90376424672643,303.8197367371027,306.25901940244484,145271.00157213316,1,-1.0176305891003712,6.023371701688385,0
2025-12-31,-28.93373956863786,162.9385667913894,60.69025911271871,0.7043356653749839,195.39942200084522,87497.94,-1.0176305891003712,0.23131641411791026,-1.2883694090531361,1.417633375140026,4.322147469986137,10.808505891681563,195.39942200084522,305.8384338938389,145466.400994134,1,1.417633375140026,4.322147469986137,1
2026-01-01,37.67596132305681,277.16987106483447,41.86685566965151,44.72436786703786,401.43705592458065,88738.34,1.417633375140026,1.059516217201173,0.20503231994570825,1.3744340946652889,2.577983766655989,7.718546459174247,401.43705592458065,323.398081913845,145867.83805005858,1,1.3744340946652889,2.577983766655989,1
2026-01-02,24.95380648438525,-50.0,84.90681263979182,99.84410497184055,159.70472409601763,89957.99,1.3744340946652889,2.367733461056898,2.892244844178138,4.348774355674245,0.6196892571743717,6.165111070178408,159.70472409601763,288.9789122983102,146027.5427741546,1,4.348774355674245,0.6196892571743717,1
2026-01-05,-48.968293636205175,314.87657003721034,144.98713833878242,50.62659464887885,461.52200938866645,93870.06,2.596957177519843,7.282594310220336,7.5307565603513815,-0.1577180199948791,-2.8571090718382375,-1.395972262082279,461.52200938866645,304.3765896294426,146489.06478354326,1,-0.1577180199948791,-2.8571090718382375,0
2026-01-06,4.877580227547643,26.02862212219003,92.92317092464117,56.9210271715605,180.75040044593933,93722.01,-0.1577180199948791,5.616140667044256,6.735160805393581,-2.6058766772074082,1.7735641819888404,-3.0551734859292856,180.75040044593933,279.76272237121,146669.8151839892,1,-2.6058766772074082,1.7735641819888404,0
2026-01-07,37.48179274451062,163.75590585968678,69.9058599149485,12.19505704482259,283.33861556396846,91279.73,-2.6058766772074082,1.4692858299746314,3.871808063266413,-0.27796970915667796,6.2176235622081855,,283.33861556396846,297.3505610838346,146953.15379955317,1,-0.27796970915667796,6.2176235622081855,0
2026-01-08,-83.55638018404899,88.03301053738562,68.32754924337823,31.509157758815675,104.31333735553054,91026.0,-0.27796970915667796,0.4723944298120397,4.494529838901684,-0.5608837035572245,5.01137037769428,,104.31333735553054,237.92581737002462,147057.4671369087,1,-0.5608837035572245,5.01137037769428,0
2026-01-09,27.083316865414375,70.53185242790943,17.47236765213372,38.74410859028189,153.8316455357394,90515.45,-0.5608837035572245,-1.069523684613205,2.395938799174191,0.7431217543524271,5.511269070639324,,153.8316455357394,236.75120165796898,147211.29878244444,1,0.7431217543524271,5.511269070639324,1
2026-01-12,-33.214480852786146,316.08267873785195,115.32439108588636,40.46854709731298,438.66113606826514,91188.09,0.347829876328265,-0.10039468784580619,1.36741605720625,4.6016316385177,1.504110898693023,,438.66113606826514,232.1790269938887,147649.9599185127,1,4.6016316385177,1.504110898693023,1
2026-01-13,28.448017234798936,153.22987986881085,76.88651211948792,88.44931385011306,347.01372307321077,95384.23,4.6016316385177,4.7878957660448584,5.282907948760895,1.6469493961423165,-4.744589330961723,,347.01372307321077,265.43169151934296,147996.9736415859,1,1.6469493961423165,-4.744589330961723,1
2026-01-14,-38.24352006637539,234.65038817307158,72.78080345637497,66.73073182175374,335.9184033848249,96955.16,1.6469493961423165,7.114487084801557,5.968872275777648,-1.410456132504978,,,335.9184033848249,275.94764908351425,148332.89204497074,1,-1.410456132504978,,0
2026-01-15,-90.32333569578383,195.3079421120816,207.72430271379443,16.656261291889038,329.36517042198125,95587.65,-1.410456132504978,5.7554670802431485,1.8297527454440798,-0.08751130506922111,,,329.36517042198125,320.95801569680435,148662.25721539272,1,-0.08751130506922111,,0
2026-01-16,-81.45504298905118,247.70408272231214,91.95011633462745,57.39514335296015,315.59429942084853,95504.0,-0.08751130506922111,5.097268124695398,1.9013570024799975,-3.0829494052605044,,,315.59429942084853,353.31054647382615,148977.85151481358,1,-3.0829494052605044,,0
2026-01-19,2.3276141605912657,207.68218910602553,49.92835799619263,64.94665245490356,324.884813717713,92559.66,-1.146886163535643,-4.533539009166709,2.2584100283432385,-1.8377552380810402,,,324.884813717713,330.5552820037158,149302.7363285313,1,-1.8377552380810402,,0
2026-01-20,12.910758548526355,71.70077758114303,62.945696151778264,84.204471155638,231.76170343708566,90858.64,-1.8377552380810402,-4.9473022927124966,0.5234244327134707,,,,231.76170343708566,307.5048780764908,149534.49803196837,1,,,0
