date,GBTC,IBIT,FBTC,OTHER,total_flow_usd_millions,close,return_1d,return_5d,return_10d,fwd_return_1d,fwd_return_5d,fwd_return_10d,flow_signal,flow_signal_5d_ma,cumulative_flow,flow_positive,strategy_return_1d,strategy_return_5d,fwd_return_positive,gold_close,gold_return,btc_return,btc_fwd_1d,btc_fwd_5d,gold_5d_return,gold_rising,btc_gold_corr_30d,fear_greed,etf_outflow,etf_inflow,gold_5d_ret,gold_falling,extreme_fear,extreme_greed,fwd_ret_1d,fwd_ret_5d,fwd_ret_10d
2024-01-11,-475.1642923494384,120.31047445295232,77.13594962343744,37.890546102740096,-239.8273221703085,46368.58594,-0.5558733758850076,5.409034225863851,4.983896035433677,-7.581464689367223,-11.01290290070035,-13.877450044145125,-239.8273221703085,,-239.8273221703085,0,-0.0,,0,187.8699951171875,,,-7.581464689367223,-10.244391959993417,,0,,76,1,0,,0,0,0,-7.581464689367223,-10.244391959993415,-9.816376233447844
2024-01-12,-498.648941969368,257.707212718054,78.51111053960634,21.34632261951941,-141.08429609218825,42853.16797,-7.581464689367223,-2.480320560312565,-4.681707911903821,-0.7962053592837415,-2.8813779202144785,-2.4182503396842803,-141.08429609218825,,-380.9116182624967,0,-0.0,,0,189.7100067138672,0.9794068475553752,-7.581464689367223,0.7042124405161054,-7.807592620322223,,0,,71,1,0,,0,0,0,0.7042124405161054,-7.8075926203222235,1.0152764442166395
2024-01-16,-399.46321942995576,237.1145873371309,82.07783543229198,111.87574757729436,31.604950916761467,43154.94531,1.5124600880781491,-6.930641866366982,-1.8964884311269747,-0.9553782701804624,-7.668633354131815,-0.4688591968928235,31.604950916761467,,-449.0216755727198,1,-0.9553782701804624,,0,187.91000366210935,-0.9488181898979596,0.7042124405161054,-0.9553782701804624,-7.668633354131815,,0,,64,1,0,,0,0,0,-0.9553782701804625,-7.668633354131815,-0.4688591968928235
2024-01-17,-479.4611612519757,139.60148132841795,109.30560308862316,17.974012572371812,-212.5800642625628,42742.65234,-0.9553782701804624,-0.2578937222969646,-2.7318176915916315,-3.463972554212336,-6.236342330364608,-0.3744430006984434,-212.5800642625628,-132.3203479670565,-661.6017398352826,0,-0.0,,0,185.83999633789065,-1.101595063528893,-0.9553782701804624,-3.463972554212336,-6.236342330364608,,0,,60,1,0,,0,0,0,-3.4639725542123356,-6.236342330364608,-0.3744430006984434
2024-01-18,-471.7290551621207,208.65897874729,76.77133679565671,50.72658370018274,-135.57215591899129,41262.058594,-3.463972554212336,-3.688693560786571,-12.153255427997813,0.8636206436191118,-3.219058983627987,4.395599511517667,-135.57215591899129,-111.4693147167931,-797.1738957542739,0,0.0,-0.0,1,187.3699951171875,0.8232882099906247,-3.463972554212336,0.8636206436191118,-3.219058983627987,,0,,63,1,0,,0,0,0,0.8636206436191118,-3.219058983627987,4.395599511517667
2024-01-19,-373.45806824261024,184.43227646079205,83.14540761264362,92.36661666246287,-13.513767506711687,41618.40625,0.8636206436191118,-0.4255482175803626,-9.799199462033616,-5.072368815180184,0.4768679483011295,3.7662497707970255,-13.513767506711687,-85.95520899969777,-810.6876632609856,0,-0.0,0.0,0,187.92999267578125,0.298872590696031,0.8636206436191118,-5.072368815180184,0.4768679483011295,0.0319356790084102,1,,51,1,0,0.03193567900841021,0,0,0,-5.072368815180184,0.47686794830112955,3.7662497707970255
2024-01-22,-406.56914903636647,316.77820616598075,0.0719726187156908,47.61075826262854,-42.108211989041486,39507.36719,-4.906437469287683,-7.569219439787355,-7.807592620322223,0.8560013335578542,9.570060393589095,7.9764889541858786,-42.108211989041486,-74.43384975210915,-852.795875250027,0,0.0,0.0,1,187.22000122070312,-0.3777957126316789,-5.072368815180184,0.8560013335578542,9.570060393589095,-1.312532499626995,0,,55,1,0,-1.312532499626995,1,0,0,0.8560013335578542,9.570060393589097,7.9764889541858786
2024-01-23,-461.06037881822135,225.4420843301213,116.65310698809928,63.57115388749202,-55.39403361250877,39845.55078,0.8560013335578542,-3.432954782837672,-6.995017161604988,0.5810521738758734,7.797755431102127,8.129191431897187,-55.39403361250877,-91.8336466579632,-908.1899088625358,0,0.0,7.797755431102127,1,187.9499969482422,0.3899133227109219,0.8560013335578542,0.5810521738758734,7.797755431102127,0.0212832128962725,1,,50,1,0,0.021283212896294756,0,0,0,0.5810521738758734,7.797755431102127,8.129191431897187
2024-01-24,-403.2259860332307,233.7602662075202,93.85953903591972,18.128194155593608,-57.47798663419718,40077.074219,0.5810521738758734,-3.7034864375663057,-4.113274534623268,-0.3574752693201399,6.251781847418791,10.582480192601796,-57.47798663419718,-60.813231132290085,-965.6678954967332,0,-0.0,0.0,0,186.3999938964844,-0.8246890539639895,0.5810521738758734,-0.3574752693201399,6.251781847418791,0.3013331734981195,1,,48,1,0,0.3013331734981195,0,0,0,-0.35747526932013995,6.251781847418791,10.582480192601796
2024-01-25,-446.4117470859302,158.81230338775327,119.92040439438608,62.84921291622946,-104.82982638756135,39933.80859,-0.3574752693201399,-4.156373445686857,-6.064551315328104,4.715459322533899,7.867931862594224,13.441637573592624,-104.82982638756135,-54.6647652260041,-1070.4977218842944,0,0.0,0.0,1,187.13999938964844,0.3969986681303217,-0.3574752693201399,4.715459322533899,7.867931862594224,-0.1227494975357235,0,,52,1,0,-0.1227494975357235,1,0,0,4.715459322533899,7.867931862594224,13.441637573592624
2024-01-26,-439.5317939843142,151.23937759275066,-30.0,44.38567204986354,-273.9067443417,41816.87109,4.715459322533899,0.6524992341726099,-3.100627773684006,3.51861572051444,3.2737702614181963,12.746836363074255,-273.9067443417,-106.74336059300175,-1344.4044662259944,0,0.0,0.0,1,187.00999450683597,-0.0694693188182715,4.715459322533899,3.51861572051444,3.2737702614181963,-0.4895430238921472,0,,49,1,0,-0.4895430238921361,1,0,0,3.5186157205144397,3.2737702614181963,12.746836363074255
2024-01-29,-397.2672629606892,156.7441812180379,163.5349881912291,79.5718998703959,2.5838063189737,43288.24609,2.979980126960857,8.01249076579953,4.012262819410584,-0.7753529891282307,-1.4543858364948536,15.40828555662095,2.5838063189737,-97.80495693139872,-1341.8206599070206,1,-0.7753529891282307,-0.0,0,188.3300018310547,0.705848544458676,3.51861572051444,-0.7753529891282307,-1.4543858364948536,0.5928856976360475,1,,55,1,0,0.5928856976360475,0,0,0,-0.7753529891282307,-1.4543858364948536,15.40828555662095
2024-01-30,-498.2631742419252,239.44521423782967,74.41641487379304,85.62158154694254,-98.77996358335996,42952.60938,-0.7753529891282307,7.559511342867387,3.0889363751019028,-0.8614235906521772,0.3074609480221424,15.807728862129489,-98.77996358335996,-106.48214292556898,-1440.6006234903807,0,-0.0,0.0,0,188.58999633789065,0.1380526226878897,-0.7753529891282307,-0.8614235906521772,0.3074609480221424,0.3405157754935661,1,,61,1,0,0.34051577549358836,0,0,0,-0.8614235906521772,0.3074609480221424,15.807728862129489
2024-01-31,-482.1906747940425,157.9015519179737,124.32731266950066,127.68690926055842,-72.27490094600967,42582.60547,-0.8614235906521772,1.8311613471796,2.495608895119039,1.1581441871785891,4.075883029803706,21.708605516195068,-72.27490094600967,-109.44152578793144,-1512.8755244363904,0,0.0,0.0,1,188.4499969482422,-0.0742347910106522,-0.8614235906521772,1.1581441871785891,4.075883029803706,1.0997870809460686,1,,60,1,0,1.0997870809460686,0,0,0,1.1581441871785891,4.075883029803706,21.708605516195068
2024-02-01,-417.5147679977511,228.9774856896413,38.40376291497876,67.38899519640727,-82.74452419672379,43075.77344,1.1581441871785891,2.26903492666235,9.032255257199797,0.2555634669063833,5.16715729573678,20.57486271800765,-82.74452419672379,-105.02446534976396,-1595.6200486331145,0,0.0,0.0,1,190.41000366210935,1.040067256889099,1.1581441871785891,0.2555634669063833,5.16715729573678,1.7473572101773804,1,,63,1,0,1.7473572101773804,0,0,0,0.2555634669063833,5.1671572957367795,20.574862718007658
2024-02-02,-433.6057251990456,407.5400798645439,104.51095620250278,59.77388949746499,138.21920036546612,43185.85938,0.2555634669063833,2.7364086655728537,8.383140738706096,-1.220750073215282,9.172770663525466,20.780745986859174,138.21920036546612,-22.59927640833072,-1457.400848267648,1,-1.220750073215282,0.0,0,188.6100006103516,-0.9453300862028224,0.2555634669063833,-1.220750073215282,9.172770663525466,0.8555725097661337,1,,63,0,0,0.8555725097661337,0,0,0,-1.220750073215282,9.172770663525466,20.780745986859174
2024-02-05,-360.9219615975648,287.1124703431692,37.86337747305375,55.83152904732008,19.88541526597829,42658.66797,0.1763260308799363,0.1786234054033775,2.0130556353397555,0.9986338774093716,17.111539195582615,21.38012505785232,19.88541526597829,-19.1389546189298,-1437.51543300167,1,0.9986338774093716,17.111539195582615,1,187.57000732421875,-0.5513988032274764,-1.220750073215282,0.9986338774093716,17.111539195582615,-0.4035440447336169,0,,60,1,0,-0.40354404473361694,1,0,0,0.9986338774093717,17.111539195582615,22.56565309720804
2024-02-06,-415.8103141169194,167.3976467832159,55.049241572167794,39.40501121567935,-153.95841454585644,43084.67188,0.9986338774093716,0.0206576441683647,2.2901612999919108,2.863085004884569,15.45275672179496,21.353773206453862,-153.95841454585644,-30.174644811429097,-1591.4738475475262,0,0.0,0.0,1,188.5500030517578,0.5224693124019186,0.9986338774093716,2.863085004884569,15.45275672179496,-0.0212064727235894,0,,64,1,0,-0.021206472723600545,1,0,0,2.863085004884569,15.452756721794959,20.319309462035974
2024-02-07,-434.90197132246107,320.1213922163945,156.56125415467145,60.15451530385074,101.9351903524556,44318.22266,2.863085004884569,2.6220695761455914,5.430228780817448,2.2188248782989417,16.942179084218733,16.970348941335445,101.9351903524556,4.667373448263959,-1489.5386571950708,1,2.2188248782989417,0.0,1,188.5,-0.0265197830540908,2.863085004884569,2.2188248782989417,16.942179084218733,0.0265338564964467,1,,62,0,0,0.026533856496446795,0,0,0,2.2188248782989417,16.942179084218733,15.764959830634151
2024-02-08,-284.9832168408169,159.19246269784486,72.37270396946613,41.13795769582912,-12.280092477676805,45301.56641,2.2188248782989417,5.371471393099925,4.650963025422961,4.07410373693522,14.650681656197497,13.252094189561593,-12.280092477676805,18.76025979207336,-1501.8187496727476,0,0.0,0.0,1,188.3300018310547,-0.0901847050107762,2.2188248782989417,4.07410373693522,14.650681656197497,-1.09238054254005,0,,66,1,0,-1.092380542540039,1,0,0,4.0741037369352195,14.650681656197495,11.987185522135245
2024-02-09,-363.63285988368347,-3.8124535177854,88.69731492718891,55.05382928808843,-223.69416918619152,47147.19922,4.07410373693522,10.716846663545,9.765622858650168,5.962227844931145,10.63266531826872,7.6033148507352655,-223.69416918619152,-53.62241411825816,-1725.512918858939,0,0.0,10.63266531826872,1,187.6000061035156,-0.3876152075832917,4.07410373693522,5.962227844931145,10.63266531826872,-0.5354936130467891,0,,72,1,0,-0.5354936130468113,1,0,0,5.962227844931145,10.63266531826872,15.64292946774113
2024-02-12,-343.1438998088246,99.1913689082596,114.80270922755015,89.5279260682388,-39.62189560477603,49958.22266,3.446199355856483,12.726142118263372,15.681899995109006,-0.4319233922082,3.644889215520375,9.135992909640468,-39.62189560477603,-65.52387629240903,-1765.134814463715,0,-0.0,3.644889215520375,0,187.1100006103516,-0.2611969494786037,5.962227844931145,-0.4319233922082,4.6571959852024,-0.2452453462200132,0,,70,1,0,-0.24524534622000216,1,0,0,-0.4319233922082,4.6571959852024,14.266216951922296
2024-02-13,-412.0302424075968,12.92080789741442,99.8272755189042,19.80372304161077,-279.4784359496674,49742.44141,-0.4319233922082,9.80291709961647,15.700949380411576,4.190091682112329,5.111195827812498,14.76190044528818,-279.4784359496674,-90.62788057317124,-2044.6132504133825,0,0.0,0.0,1,184.52999877929688,-1.378869019634832,-0.4319233922082,4.190091682112329,4.215189726450541,-2.132062692864256,0,,79,1,0,-2.132062692864256,1,0,0,4.190091682112329,4.215189726450541,25.65685818435586
2024-02-14,-362.3791592440788,164.84865159586914,86.01675620574306,84.19635683387136,-27.317394608595208,51826.69531,4.190091682112329,9.925289661776858,21.70581439928718,0.2158335184809789,0.0240887054930194,20.60346253244445,-27.317394608595208,-116.4783975653814,-2071.930645021978,0,0.0,0.0240887054930194,1,184.4199981689453,-0.0596112345305543,4.190091682112329,0.2158335184809789,-1.0066677932662582,-2.1644572048035493,0,,74,1,0,-2.1644572048035493,1,0,0,0.21583351848097898,-1.0066677932662582,18.082741806984792
2024-02-15,-324.0741856147286,201.8418379189552,94.59844009864902,89.51345202019596,61.87954442307155,51938.55469,0.2158335184809789,8.723395274404023,21.753812675365623,0.4267512473593582,-1.2198684268008408,17.82842856384459,61.87954442307155,-101.64647018523172,-2010.0511005989065,1,0.4267512473593582,-0.0,1,185.66000366210935,0.6723812522913653,0.2158335184809789,0.4267512473593582,-2.3231402514023114,-1.4177232214655278,0,,72,1,0,-1.4177232214655389,1,0,0,0.4267512473593582,-2.3231402514023114,20.220197082268875
2024-02-16,-381.72184937187,367.6437312275283,176.136623409531,46.45794419026764,208.5164494554569,52160.20312,0.4267512473593582,8.005739257688127,21.064408393958026,-0.7305542678262444,-2.738206169776891,19.70933599769311,208.5164494554569,-15.20434645690202,-1801.5346511434493,1,-0.7305542678262444,-0.0,0,186.33999633789065,0.3662569548467775,0.4267512473593582,0.2390172440724258,4.528738537627075,-0.671646974749962,0,,72,0,0,-0.6716469747499287,1,0,0,0.23901724407242586,4.528738537627075,31.001050557258637
2024-02-20,-343.5764771324683,178.08994711911356,88.0439618685987,31.765340387167026,-45.67722775758902,52284.875,0.9767068857365668,0.66678850050228,9.448350371449376,-0.8524364072784008,9.181424054279551,22.02611026611425,-45.67722775758902,38.82090702871125,-1850.5087152698263,0,-0.0,0.0,0,187.47000122070312,0.6064210073093879,0.2390172440724258,-0.8524364072784008,9.181424054279551,0.1924005179719135,1,,72,1,0,0.19240051797189128,0,0,0,-0.8524364072784008,9.181424054279553,22.02611026611425
2024-02-21,-322.94679467424425,282.9405581183489,122.02617584030448,88.90983639683327,170.92977568124243,51839.17969,-0.8524364072784008,-0.6154566332141287,7.34101077117475,-1.0305082626588136,20.5744177160609,27.52286028698925,170.92977568124243,78.47034108667879,-1679.5789395885838,1,-1.0305082626588136,0.0,0,187.47999572753903,0.0053312566121732,-0.8524364072784008,-1.0305082626588136,20.5744177160609,1.598654401862576,1,,78,0,0,1.5986544018625537,0,0,0,-1.0305082626588136,20.5744177160609,27.52286028698925
2024-02-22,-333.3506604677865,-21.113530900788504,124.22103731831936,49.31395813103354,-180.9291959192221,51304.97266,-1.0305082626588136,-0.6929978071273712,2.695752427314236,-1.1168964922707358,19.283530693143547,30.44638932665986,-180.9291959192221,29.90859301822005,-1860.508135507806,0,-0.0,19.283530693143547,0,187.55999755859372,0.0426721959024156,-1.0305082626588136,-1.1168964922707358,19.283530693143547,1.7026349749618364,1,,74,1,0,1.7026349749618142,0,0,0,-1.1168964922707358,19.283530693143547,30.44638932665986
2024-02-23,-205.6388856220373,223.5614558108566,127.4812122224152,20.02093303115268,165.42471544238722,50731.94922,-1.1168964922707358,-2.6679388158094564,1.9892626536844649,7.47153061981245,23.079506642303627,34.62935053769651,165.42471544238722,21.2902462156061,-1695.0834200654187,1,7.47153061981245,23.079506642303627,1,188.6199951171875,0.5651511902278639,-1.1168964922707358,7.47153061981245,23.079506642303627,1.5943075496568149,1,,76,0,0,1.594307549656837,0,0,0,7.47153061981245,23.079506642303627,34.62935053769651
2024-02-26,-293.9979709919126,277.0865193886967,105.5492088811674,34.856752363153475,123.49450964110493,54522.40234,5.3914352797789,5.176051523279801,4.528738537627075,4.70076269570332,25.325391265582287,32.283067426555355,123.49450964110493,46.6485154175847,-1571.5889104243138,1,4.70076269570332,0.0,1,188.1999969482422,-0.2226689533547987,7.47153061981245,4.70076269570332,25.325391265582287,0.9981757255049128,1,-0.158435955250838,72,0,0,0.9981757255048906,0,0,0,4.70076269570332,25.325391265582287,32.283067426555355
2024-02-27,-341.36045163803834,52.14137542201584,34.27980349078066,75.2186007951366,-179.7206719301052,57085.37109,4.70076269570332,11.26674107850505,10.495665002768906,9.4935319969381,11.764534418830207,25.218226132407185,-179.7206719301052,19.839826583081457,-1751.309582354419,0,0.0,0.0,1,188.0,-0.1062683057838631,4.70076269570332,9.4935319969381,11.764534418830207,0.2827112475840554,1,-0.019394122416789,79,1,0,0.2827112475840554,0,0,0,9.4935319969381,11.764534418830209,25.218226132407185
2024-02-28,-242.57958879334248,314.3754043206929,145.33726129204382,66.40200704604138,283.5350838654356,62504.78906,9.4935319969381,23.20596787824349,19.9189080378261,-2.090089846949084,5.762783434949803,16.924640654086854,283.5350838654356,42.36088821992009,-1467.7744984889837,1,-2.090089846949084,5.762783434949803,0,188.33999633789065,0.180849115899262,9.4935319969381,-2.090089846949084,5.762783434949803,0.4587159323394596,1,0.0048494303790965,82,0,0,0.4587159323394818,0,0,1,-2.0900898469490836,5.762783434949803,16.924640654086854
2024-02-29,-340.0597553835746,233.84964074944145,34.14618427925248,42.83203702490917,-29.23189332997154,61198.38281,-2.090089846949084,18.667976752056028,18.191181730595503,2.0298739001923582,9.358256390174024,16.66418371162184,-29.23189332997154,72.70034873777021,-1497.006391818955,0,0.0,0.0,1,189.30999755859372,0.5150266749304189,-2.090089846949084,2.0298739001923582,9.358256390174024,0.9330347743544244,1,-0.0775163656475271,80,1,0,0.9330347743544243,0,0,1,2.0298739001923582,9.358256390174024,16.66418371162184
2024-03-01,-263.9626382967754,158.47120860991987,92.10541860956133,38.99526764555937,25.609256568265145,62440.63281,2.0298739001923582,20.697321269640035,19.423892301549927,9.432609800611647,9.38405117998995,11.151617651262558,25.609256568265145,44.7372569629458,-1471.39713525069,1,9.432609800611647,9.38405117998995,1,192.88999938964844,1.8910791174389097,2.0298739001923582,9.432609800611647,9.38405117998995,2.2638131603216483,1,0.0167746437601306,80,1,0,2.2638131603216483,0,0,1,9.432609800611647,9.38405117998995,11.151617651262558
2024-03-04,-367.8537950057951,263.2781866106285,49.82896599922569,38.24725552868534,-16.499386867255538,68330.41406,8.17359165168321,9.32028583347082,34.689116248390015,-6.628402450514869,5.551689159484674,-1.144176163360422,-16.499386867255538,16.738477661273702,-1487.896522117945,0,-0.0,5.551689159484674,0,196.00999450683597,1.6174996770490724,9.432609800611647,-6.628402450514869,5.551689159484674,4.149839365163022,1,0.1915521719049684,82,1,0,4.149839365163022,0,0,1,-6.628402450514869,5.551689159484674,-1.144176163360422
2024-03-05,-331.8190277259285,427.0692857804396,77.43446613628029,22.327694465044924,195.0124186558363,63801.19922,-6.628402450514869,4.253080376455132,23.71502118443405,3.613733751382608,12.037532105811088,-2.959859380524044,195.0124186558363,91.685095778462,-1292.8841034621091,1,3.613733751382608,0.0,1,197.19000244140625,0.6020141664404566,-6.628402450514869,3.613733751382608,12.037532105811088,4.888299170960764,1,0.0796217657564591,90,0,0,4.888299170960764,0,0,1,3.6137337513826084,12.037532105811088,-2.9598593805240436
2024-03-06,-251.17982658705188,218.18662550584952,93.15049641213922,98.46127068408325,158.61856601502012,66106.80469,3.613733751382608,5.871452153849499,27.784006738964973,1.2384196964882577,10.553671959666456,2.733254463701696,158.61856601502012,66.70179220837892,-1134.265537447089,1,1.2384196964882577,10.553671959666456,1,198.80999755859372,0.8215401882095241,3.613733751382608,1.2384196964882577,10.553671959666456,5.559096009495224,1,0.0980737881411407,75,0,0,5.559096009495201,0,0,0,1.2384196964882577,10.553671959666456,2.7332544637016953
2024-03-07,-219.7852305165255,224.8220586300336,92.85428861801093,40.33038592365981,138.22150265517882,66925.48438,1.2384196964882577,7.892388752643908,22.74859783810472,2.053940113746555,6.680727695018596,-2.142821637057224,138.22150265517882,100.192471405409,-996.04403479191,1,2.053940113746555,0.0,1,199.94000244140625,0.5683843351386164,1.2384196964882577,2.053940113746555,6.680727695018596,5.615131276689378,1,0.0807403327718085,82,0,0,5.6151312766894,0,0,1,2.053940113746555,6.680727695018596,-2.142821637057224
2024-03-08,-243.8971261764464,154.0639100459756,96.8768301694114,86.51475562476489,93.55836966370556,68300.09375,2.053940113746555,8.125591696204948,19.64552817274152,5.598546488085887,1.6159270498805167,-6.61980354895193,93.55836966370556,113.78229402449706,-902.4856651282046,1,5.598546488085887,1.6159270498805167,1,201.6300048828125,0.8452547868211147,2.053940113746555,5.598546488085887,1.6159270498805167,4.53108275225238,1,0.0871939818361352,81,0,0,4.53108275225238,0,0,1,5.598546488085887,1.6159270498805167,-6.61980354895193
2024-03-11,-254.0750660151168,115.01556305352082,144.54845076234588,95.63948155767356,101.12842935842346,72123.90625,4.497430711214645,9.102091060393056,15.507968135853355,-0.8909905514165151,-6.343683721373594,-3.0019086077995083,101.12842935842346,137.30785726963288,-801.3572357697811,1,-0.8909905514165151,-0.0,0,202.0,0.183502012710135,5.598546488085887,-0.8909905514165151,-6.343683721373594,3.055969420454807,1,0.0963878412786579,82,0,0,3.055969420454807,0,0,1,-0.8909905514165151,-6.343683721373594,-3.0019086077995083
2024-03-12,-259.243920112558,283.0335816544245,98.1413720605592,79.94932694443881,201.88036054686447,71481.28906,-0.8909905514165151,6.807279352858076,15.23692505550802,2.241441027532587,-13.38604234174956,-2.0892923723667245,201.88036054686447,138.68144564783853,-599.4768752229165,1,2.241441027532587,-13.38604234174956,1,199.7899932861328,-1.094062729637224,-0.8909905514165151,2.241441027532587,-13.38604234174956,1.3185206209930025,1,0.1288572424821592,81,0,0,1.3185206209930023,0,0,1,2.241441027532587,-13.38604234174956,-2.0892923723667245
2024-03-13,-314.07875006327106,114.39161740911328,70.23373458837405,37.05139061845855,-92.4020074473252,73083.5,2.241441027532587,7.00351344686112,15.69818205014679,-2.30819028918976,-7.073864990045642,-4.964398598862941,-92.4020074473252,88.47733095536944,-691.8788826702418,0,-0.0,-7.073864990045642,0,201.19000244140625,0.700740378557585,2.241441027532587,-2.30819028918976,-7.073864990045642,1.197125351863182,1,0.1294953405041423,81,1,0,1.1971253518632041,0,0,1,-2.30819028918976,-7.073864990045642,-4.964398598862941
2024-03-14,-272.1754867902428,207.15662372193924,118.56348673153428,62.111902710098285,115.65652637332906,71396.59375,-2.30819028918976,4.230303942383396,4.487283930853447,-2.791198018462881,-8.270987199581914,-0.9127054888385278,115.65652637332906,83.9643356989995,-576.2223562969127,1,-2.791198018462881,-8.270987199581914,0,200.3500061035156,-0.4175139558116325,-2.30819028918976,-2.791198018462881,-8.270987199581914,0.205063347555745,1,0.1510336710764268,88,0,0,0.20506334755572286,0,0,1,-2.7911980184628815,-8.270987199581914,-0.9127054888385278
2024-03-15,-255.3114487284451,152.23425532348833,127.57881955698562,49.274131808272514,73.77575796030136,69403.77344,-2.791198018462881,0.5563395443967556,8.781299236525552,-2.673024243564825,-8.104763532580627,0.7046514270910631,73.77575796030136,80.00781335831866,-502.4465983366114,1,-2.673024243564825,-8.104763532580627,0,199.7100067138672,-0.319440663913817,-2.791198018462881,-2.673024243564825,-8.104763532580627,-0.9522383189254136,0,0.1862029414631262,83,1,0,-0.9522383189254136,1,0,1,-2.6730242435648255,-8.104763532580627,0.42991178319424783
2024-03-18,-175.58415625920023,247.8979825746392,30.8956873945203,22.88894417809616,126.0984578880554,67548.59375,-1.23120859035869,-7.573400630785332,-1.100291315485935,-8.34335697773131,3.56812572430496,3.1881562153172283,126.0984578880554,85.00181906424505,-376.348140448556,1,-8.34335697773131,3.56812572430496,0,200.02999877929688,0.1602283584558383,-2.673024243564825,-8.34335697773131,3.56812572430496,-0.9752481290609571,0,0.1710006455258174,77,0,0,-0.9752481290609571,1,0,0,-8.34335697773131,3.5681257243049602,-3.111272897520534
2024-03-19,-207.48356758018767,233.36621052869484,103.89600279399431,59.73077845164809,189.50942419414952,61912.77344,-8.34335697773131,-13.283295199219502,-9.61491501732713,9.692504642544408,13.042643789533347,5.708352289249352,189.50942419414952,82.52763179370204,-186.83871625440645,1,9.692504642544408,13.042643789533347,1,199.8000030517578,-0.1149806173787126,-8.34335697773131,9.692504642544408,13.042643789533347,0.0050101436315008,1,0.1715328729356744,79,0,0,0.005010143631500874,0,0,0,9.692504642544408,13.042643789533347,6.57059736460095
2024-03-20,-309.1031125603993,303.7539944257899,108.04690969243592,14.628806265205924,117.32659782303246,67913.67188,9.692504642544408,-2.1470036658571723,-1.6026087518732246,-3.566706368461481,2.270046409394655,-2.8460534182502384,117.32659782303246,124.47335284777355,-69.51211843137399,1,-3.566706368461481,0.0,0,202.17999267578125,1.1911859798154678,9.692504642544408,-3.566706368461481,2.270046409394655,0.4920673106822537,1,0.2480162768962612,74,0,0,0.49206731068225373,0,0,0,-3.566706368461481,2.270046409394655,0.8763653230996704
2024-03-21,-201.09490578379933,148.9983601145253,68.09745986560033,85.63038165384691,101.6312958501732,65491.39062,-3.566706368461481,0.2698815183737935,-9.196001679401554,-2.6150443345098084,8.021760494417807,4.607404273193927,101.6312958501732,121.6683067431424,32.11917741879921,1,-2.6150443345098084,8.021760494417807,0,201.97000122070312,-0.1038636179074736,-3.566706368461481,-2.6150443345098084,8.021760494417807,0.8085825145173642,1,0.2654677513594217,78,0,0,0.8085825145173864,0,0,0,-2.6150443345098084,8.021760494417807,3.582531959984836
2024-03-22,-232.9615799951792,173.01250647066288,135.02827253246477,36.06148108104821,111.14068008899672,63778.76172,-2.6150443345098084,-6.743414437285811,-10.775585389254305,9.689825599204172,9.586367366054915,6.363997654609843,111.14068008899672,129.14129116888148,143.25985750779594,1,9.689825599204172,9.586367366054915,1,200.3500061035156,-0.802096899240623,-2.6150443345098084,9.689825599204172,9.287396870457789,0.3204643573846422,1,0.2994796724728539,75,0,0,0.3204643573846422,0,0,0,9.689825599204172,9.287396870457787,12.312245406196931
2024-03-25,-244.02129226963888,102.12362842176928,73.99777651869893,56.03478967618518,-11.865097652985504,69958.8125,4.052464013185086,3.0113827796171444,0.7997246150885928,0.0414864674840087,-0.3668788117293986,2.39075939146336,-11.865097652985504,101.54858006067327,131.39475985481045,0,0.0,-0.3668788117293986,1,200.9900054931641,0.3194406639138059,9.689825599204172,0.0414864674840087,-6.449280196115392,0.4799313701573382,1,0.3139968053608977,75,1,0,0.4799313701573604,0,0,0,0.04148646748400875,-6.449280196115392,-1.1718278880162525
2024-03-26,-176.11748744157126,155.57067399238883,85.02305813886169,58.49863614638426,122.97488083606352,69987.83594,0.0414864674840087,6.865704449749255,7.154115235539105,-0.7608353406676316,-6.4880749904781325,-1.212811202974884,122.97488083606352,88.24167138905611,254.369640690874,1,-0.7608353406676316,-6.4880749904781325,0,201.63999938964844,0.3233961285236564,0.0414864674840087,-0.7608353406676316,-5.725314100917755,0.9209190739671635,1,0.3449442009516518,81,0,0,0.9209190739671635,0,0,1,-0.7608353406676316,-5.725314100917755,0.8573587994839649
2024-03-27,-151.734853745502,237.7300493044852,73.07712702864522,42.23285078887768,201.3051733765061,69455.34375,-0.7608353406676316,8.90042684572836,1.5568197395476435,1.8567460765033017,-5.002539851370324,1.6306003236791875,201.3051733765061,105.03738649975084,455.6748140673801,1,1.8567460765033017,-5.002539851370324,1,203.1000061035156,0.7240660177973313,-0.7608353406676316,1.8567460765033017,-1.362746116996938,0.4550467212696585,1,0.3388097963891258,83,0,0,0.4550467212696363,0,0,1,1.8567460765033017,-1.362746116996938,0.8714457337920756
2024-03-28,-153.36082121661374,275.6988616645352,80.6231619032587,67.60081404425824,270.5620163954384,70744.95312,1.8567460765033017,10.43165809874196,4.731940655685385,-1.204502883130898,-3.160804087617441,-0.9673393080623094,270.5620163954384,138.82353060880388,726.2368304628185,1,-1.204502883130898,-3.160804087617441,0,205.72000122070312,1.2900024807739996,1.8567460765033017,-1.4740340250578132,-4.109568770324179,1.856711381559184,1,0.3518306376267651,80,0,0,1.856711381559184,0,0,1,-1.4740340250578132,-4.109568770324179,-5.016733736440426
2024-04-01,-208.83113051981127,286.960592010566,22.39796469622823,76.13891892371733,176.6663451107002,69702.14844,-2.2871394295390424,0.3553429825188914,9.287396870457789,-6.104798596936911,2.767792647970757,-9.0039369523916,176.6663451107002,142.5225067062062,844.0072933858412,1,-6.104798596936911,0.0,0,207.82000732421875,1.0208079384865787,-1.4740340250578132,-6.104798596936911,2.767792647970757,3.72847566415524,1,0.3299372315632363,79,0,0,3.728475664155262,0,0,0,-6.104798596936911,2.767792647970757,-9.0039369523916
2024-04-02,-173.61120672445105,335.56378588049506,143.78020252899887,9.620609592597546,315.3533912776404,65446.97266,-6.104798596936911,-7.488845813514622,2.161601494419529,0.8156830152760808,5.641273866371677,-2.4983728254238224,315.3533912776404,180.9982087945216,1159.3606846634816,1,0.8156830152760808,5.641273866371677,1,210.88999938964844,1.4772360490971526,-6.104798596936911,0.8156830152760808,5.641273866371677,4.9256150186139935,1,0.2254407146645821,79,0,0,4.925615018613971,0,0,0,0.8156830152760808,5.641273866371677,-2.4983728254238224
2024-04-03,-138.25381594492336,241.3434903223701,46.12154606726689,53.79138738639236,203.002607831106,65980.8125,0.8156830152760808,-5.597163149963558,-1.864170175602076,3.8314642609167615,6.982439493299664,-7.129528891448556,203.002607831106,181.3376956854416,1362.3632924945875,1,3.8314642609167615,6.982439493299664,1,212.7400054931641,0.8772374739768773,0.8156830152760808,3.8314642609167615,6.982439493299664,5.50486319039607,1,0.2250173915188983,71,0,0,5.504863190396092,0,0,0,3.8314642609167615,6.982439493299664,-7.1295288914485555
2024-04-04,-207.8984324779857,387.6795812558066,40.34430602174771,108.16786997174854,328.2933247713172,68508.84375,3.8314642609167615,-1.6317840018914898,-2.0726034336274624,-0.9797320948070952,2.2650588523470683,-7.292620290354845,328.2933247713172,192.8839573606173,1690.6566172659047,1,-0.9797320948070952,2.2650588523470683,0,211.5200042724609,-0.5734705223284009,3.8314642609167615,-0.9797320948070952,2.2650588523470683,4.145739988138564,1,0.1827119286435005,70,0,0,4.145739988138564,0,0,0,-0.9797320948070953,2.2650588523470683,-7.292620290354845
2024-04-05,-190.18241325317217,122.6210800896427,-6.135604544148592,19.99006026183276,-53.7068774458453,67837.64062,-0.9797320948070952,-4.900923892797316,-3.0722414704225764,5.592350685146785,-0.9460432646750894,-5.88769048200427,-53.7068774458453,193.92175830898373,1636.9497398200594,0,0.0,-0.0,1,215.13999938964844,1.7114197447370303,-0.9797320948070952,5.592350685146785,-0.9460432646750894,4.579038553883352,1,0.1422035143673457,79,1,0,4.579038553883352,0,0,0,5.592350685146785,-0.9460432646750894,-5.88769048200427
2024-04-08,-233.22620796897235,75.5345296688583,54.44153009241991,29.667650884254456,-73.5824973234397,71631.35938,3.2709358819609458,8.563924368163844,2.4874243992746736,-3.479403122560143,-11.454687599145208,-6.692152335920099,-73.5824973234397,143.87198982215574,1563.3672424966198,0,-0.0,-11.454687599145208,0,216.47999572753903,0.622848536623688,5.592350685146785,-3.479403122560143,-11.454687599145208,4.1670619276853005,1,0.149501003205491,76,1,0,4.167061927685278,0,0,0,-3.479403122560143,-11.454687599145208,-6.692152335920099
2024-04-09,-234.7792057596112,22.127975109572134,27.076408263700067,65.41723548976745,-120.15758689657152,69139.015625,-3.479403122560143,0.9198401848666382,-0.726953622004467,2.0955854981483224,-7.704987259138463,-3.951086315455477,-120.15758689657152,56.769794187313344,1443.2096556000483,0,0.0,-7.704987259138463,1,217.6699981689453,0.5497054993034878,-3.479403122560143,2.0955854981483224,-7.704987259138463,3.214945610943776,1,0.1934646127627518,80,1,0,3.2149456109437757,0,0,1,2.0955854981483224,-7.704987259138463,-3.9510863154554765
2024-04-10,-131.4506023129963,349.6044311489183,145.68060640545477,55.387453458187935,419.2218886995647,70587.88281,2.0955854981483224,4.0541536599213,-1.0454612182458134,-0.7469744225354513,-13.190920352523882,-8.940605835972093,419.2218886995647,100.0136503610051,1862.431544299613,1,-0.7469744225354513,-13.190920352523882,0,215.6100006103516,-0.946385618561396,2.0955854981483224,-0.7469744225354513,-13.190920352523882,1.349062255843414,1,0.1901622332224566,78,0,0,1.349062255843414,0,0,0,-0.7469744225354513,-13.190920352523882,-8.940605835972093
2024-04-11,-101.42071112482996,265.43656563540577,120.39268357370536,60.518902978206775,344.927441062488,70060.60938,-0.7469744225354513,1.6902260671602498,0.5142753100480846,-4.088948433865292,-9.3459870360037,-7.962965779730413,344.927441062488,103.34047361923926,2207.358985362101,1,-4.088948433865292,-9.3459870360037,0,219.8000030517578,1.9433247203493045,-0.7469744225354513,-4.088948433865292,-9.3459870360037,3.914522793140329,1,0.1978032920254876,76,0,0,3.9145227931403292,0,0,0,-4.0889484338652915,-9.3459870360037,-7.962965779730413
2024-04-12,-170.03604792805646,194.44153290895449,52.47398619289105,64.67561390442991,141.55508507821898,67195.86719,-4.088948433865292,-3.1237135219190137,2.6722313636806216,-5.609952527796236,-4.988843838447976,-5.12017632017705,141.55508507821898,142.3928661240521,2348.91407044032,1,-5.609952527796236,-0.0,0,216.88999938964844,-1.3239324939518515,-4.088948433865292,-5.609952527796236,-4.988843838447976,0.8134238193570509,1,0.2510963036055775,79,0,0,0.8134238193570509,0,0,0,-5.609952527796236,-4.988843838447976,-5.12017632017705
2024-04-15,-113.5079594152626,227.99686263198203,170.09743221377235,69.0416440568531,353.6279794873449,63426.21094,-3.517737171086444,-10.14575247890198,-6.502923214430634,0.608033073842007,5.378641888646318,0.6541619684526045,353.6279794873449,227.834961486209,2702.5420499276647,1,0.608033073842007,0.0,1,220.9499969482422,1.871915519396472,-5.609952527796236,0.608033073842007,5.378641888646318,2.064856480470856,1,0.1554914452382065,74,0,0,2.064856480470878,0,0,0,0.608033073842007,5.378641888646318,0.6541619684526045
2024-04-16,-142.89733451645623,87.45109527016236,119.27061947966376,83.29099525868669,147.1153754920566,63811.86328,0.608033073842007,-8.919057592130809,-7.379583761337782,-3.9728848832950137,4.067284712580177,-4.975576086954836,147.1153754920566,281.2895539639346,2849.657425419721,1,-3.9728848832950137,0.0,0,221.22000122070312,0.1222015280335941,0.608033073842007,-3.9728848832950137,4.067284712580177,1.6309105901689105,1,0.0683685102737611,65,0,0,1.6309105901689103,0,0,0,-3.9728848832950137,4.067284712580177,-4.975576086954836
2024-04-17,-190.5743724197828,444.57519796168265,67.0067446596551,62.29455970785538,383.3021299094103,61276.69141,-3.9728848832950137,-8.808839036578265,-11.657389662387596,3.649124077275312,4.896163550877319,-4.932837627892416,383.3021299094103,274.1056022059038,3232.9595553291315,1,3.649124077275312,4.896163550877319,1,219.58999633789065,-0.7368252752093185,-3.9728848832950137,3.649124077275312,4.896163550877319,1.845923526864457,1,0.1210867657852163,67,0,0,1.845923526864457,0,0,0,3.649124077275312,4.896163550877319,-4.932837627892416
2024-04-18,-137.63183168187814,212.9221181975228,-19.976228594942924,42.762270361443726,98.07632828214544,63512.75391,3.649124077275312,-0.4837223854809114,-11.333870444830296,0.520866093239758,1.5256040091932377,-6.910927411870427,98.07632828214544,224.73537964983524,3331.035883611277,1,0.520866093239758,1.5256040091932377,1,220.33999633789065,0.3415456134194583,3.649124077275312,0.520866093239758,1.5256040091932377,0.2456748310443179,1,0.1054724933801325,57,0,0,0.24567483104434018,0,0,0,0.520866093239758,1.5256040091932377,-6.910927411870427
2024-04-19,-76.22626235071557,210.93947946048928,171.63770290362967,70.17721103608194,376.52813104948535,63843.57031,0.520866093239758,-2.882861213124166,-7.659127436412638,4.689758679631706,-0.1382284849852366,-1.493861269614205,376.52813104948535,271.7299888440885,3707.564014660762,1,4.689758679631706,-0.1382284849852366,1,221.02999877929688,0.3131535140574959,0.520866093239758,4.689758679631706,-0.1382284849852366,1.9088014206735335,1,0.1028692106139906,66,0,0,1.9088014206735338,0,0,0,4.689758679631706,-0.13822848498523665,-1.493861269614205
2024-04-22,-152.38840791159862,272.5766623898692,24.41710132945616,106.99645804685647,251.6018138545832,66837.67969,2.943375826417438,9.07520976090508,-0.533049895743154,-0.6439574982199714,-4.483337264097664,-5.4994884428191,251.6018138545832,251.32475571753625,3959.165828515345,1,-0.6439574982199714,-4.483337264097664,0,215.57000732421875,-2.470249054532203,4.689758679631706,-0.6439574982199714,-4.483337264097664,-2.434935369238189,0,-0.0236353400637664,73,0,0,-2.434935369238189,1,0,0,-0.6439574982199714,-4.483337264097664,-5.4994884428191
2024-04-23,-69.87577194527458,248.10092317367133,14.184050121724326,46.0209876085228,238.43018895864387,66407.27344,-0.6439574982199714,4.557383126704995,4.0516156588480845,-3.208044675896582,-8.689436670237127,-6.132546660991178,238.43018895864387,269.58771841085365,4197.596017473989,1,-3.208044675896582,-8.689436670237127,0,215.0399932861328,-0.2458663172418052,-0.6439574982199714,-3.208044675896582,-8.689436670237127,-2.793602703403275,0,-0.0204521037163072,71,0,0,-2.793602703403275,1,0,0,-3.208044675896582,-8.689436670237127,-6.132546660991178
2024-04-24,-276.64720077122274,222.38840242791315,120.90281728038562,20.764120859880755,87.40813979695679,64276.89844,-3.208044675896582,0.6787341746332665,-2.2236940027516083,0.3186348361086333,-9.370219887977528,-4.805703300826536,87.40813979695679,210.40892038836296,4285.004157270946,1,0.3186348361086333,-9.370219887977528,1,214.63999938964844,-0.1860090722529683,-3.208044675896582,0.3186348361086333,-9.370219887977528,-2.2541996588157254,0,-0.0178685472584704,72,0,0,-2.2541996588157365,1,0,0,0.3186348361086333,-9.370219887977527,-4.805703300826536
2024-04-25,-102.15727321133386,120.9525544554688,177.59009625357092,83.21242007860918,279.59779757631503,64481.70703,0.3186348361086333,-0.7888895863656264,1.6641323426973775,-1.126500450216128,-8.309757428579035,-2.2203911092705475,279.59779757631503,246.7132142471969,4564.601954847261,1,-1.126500450216128,-8.309757428579035,0,215.9199981689453,0.5963468053189924,0.3186348361086333,-1.126500450216128,-8.309757428579035,-2.005989943907982,0,-0.0258630786263547,72,0,0,-2.0059899439080042,1,0,0,-1.126500450216128,-8.309757428579035,-2.2203911092705475
2024-04-26,-136.53229113557063,247.1468357135996,135.37091274042072,46.38856508139205,292.3740223998417,63755.32031,-1.126500450216128,-1.804073240622761,-0.0886088684668107,0.1345782274840834,-1.357509249097533,-4.646738429977471,292.3740223998417,229.88239251726813,4856.975977247103,1,0.1345782274840834,-1.357509249097533,1,216.6199951171875,0.3241927353549112,-1.126500450216128,0.1345782274840834,-1.357509249097533,-1.9952059387707168,0,-0.0378835338389991,70,0,0,-1.9952059387707166,1,0,0,0.13457822748408343,-1.3575092490975327,-4.6467384299774706
2024-04-29,-153.5063937175445,388.2024496475034,102.55636480209438,-15.180086380421088,322.0723343516321,63841.12109,1.1533090836571835,-0.677968851292321,-0.0038362829461235,-5.019124923390339,-1.06384702900586,-1.471891241814649,322.0723343516321,243.976496616678,5179.048311598735,1,-5.019124923390339,-1.06384702900586,0,216.17999267578125,-0.2031218037689575,0.1345782274840834,-5.019124923390339,-1.06384702900586,0.2829639239400716,1,-0.0523774262311574,67,0,0,0.28296392394007164,0,0,0,-5.019124923390339,-1.06384702900586,-1.471891241814649
2024-04-30,-131.67785769023118,334.5420046154978,103.79017366661144,75.42265031451265,382.0769709063906,60636.85547,-5.019124923390339,-5.962701263803682,-6.704551720833074,-3.929695450943871,2.800212720199613,1.5105229037695622,382.0769709063906,272.7058530062273,5561.125282505126,1,-3.929695450943871,2.800212720199613,0,211.8699951171875,-1.9937078844561416,-5.019124923390339,-3.929695450943871,2.800212720199613,-1.4741435397681135,0,0.0329813689915655,67,0,0,-1.4741435397681135,1,0,0,-3.929695450943871,2.800212720199613,1.5105229037695622
2024-05-01,-233.3920650839309,359.3186626639397,114.13662235121232,33.94015442138232,274.0033743526034,58254.011719,-3.929695450943871,-8.628783549750473,-10.277187215360929,1.4924669483602715,5.036442305728928,13.756100626433486,274.0033743526034,310.0248999173566,5835.12865685773,1,1.4924669483602715,5.036442305728928,1,213.7899932861328,0.906215232545482,-3.929695450943871,1.4924669483602715,5.036442305728928,-0.3960147716794204,0,-0.0077743144303154,54,0,0,-0.39601477167942045,1,0,0,1.4924669483602715,5.036442305728928,13.756100626433486
2024-05-02,-142.78216344973896,148.8784323568815,110.3571435914706,47.28400153087517,163.73741402948832,59123.43359,1.4924669483602715,-6.773518196563666,-11.541762275081158,6.370405305142901,6.641237004652112,10.366019085597555,163.73741402948832,286.85282320799126,5998.8660708872185,1,6.370405305142901,6.641237004652112,1,213.1300048828125,-0.3087087441164704,1.4924669483602715,6.370405305142901,6.641237004652112,-1.2921421405115985,0,-0.1065601010827487,43,0,0,-1.2921421405115985,1,0,0,6.370405305142901,6.641237004652112,10.366019085597555
2024-05-03,-111.76450174735844,101.03951797414192,91.24765695877502,59.95940991707044,140.48208310262893,62889.83594,6.370405305142901,-0.3539583195732554,-5.296765426121686,0.4326824453153577,-3.3344952624788093,6.609166644933695,140.48208310262893,256.4744353485487,6139.348153989848,1,0.4326824453153577,-3.3344952624788093,1,212.9600067138672,-0.0797626636562909,6.370405305142901,0.4326824453153577,-3.3344952624788093,-1.6895893665496264,0,-0.1256596740788216,48,0,0,-1.6895893665496264,1,0,0,0.4326824453153577,-3.3344952624788093,6.609166644933695
2024-05-06,-53.582995776179175,187.4213079900352,84.16804415807505,55.71499039337199,273.72134676530305,63161.94922,-1.357439032945329,8.42506353841248,-0.9307005079965514,-1.309542881773662,-0.4124318568647256,13.09367567361468,273.72134676530305,246.8042378312829,6413.06950075515,1,-1.309542881773662,-0.4124318568647256,0,215.1999969482422,1.0518361024399514,0.4326824453153577,-1.309542881773662,-0.4124318568647256,-0.4533239711081105,0,-0.1473770985300082,71,0,0,-0.4533239711081105,1,0,0,-1.309542881773662,-0.4124318568647256,13.09367567361468
2024-05-07,-151.2841879086114,205.57249122886947,77.4962748840191,71.28355451417119,203.0681327184484,62334.81641,-1.309542881773662,5.431658185263388,-1.7097743668542331,-1.8398626418606343,-1.2545594822262809,12.52594302779948,203.0681327184484,211.0024701936944,6616.137633473599,1,-1.8398626418606343,-1.2545594822262809,0,214.2100067138672,-0.4600326433150892,-1.309542881773662,-1.8398626418606343,-1.2545594822262809,1.1044563414396746,1,-0.1685404307943154,68,0,0,1.1044563414396746,0,0,0,-1.8398626418606345,-1.2545594822262807,12.52594302779948
2024-05-08,-163.72316211546263,309.41915184709484,49.84141644533295,36.935408882904696,232.47281505986984,61187.94141,-1.8398626418606343,-2.706151963289727,-3.0505316328486187,3.043115174480593,8.301555278618755,12.94697681838548,232.47281505986984,202.6963583351477,6848.610448533469,1,3.043115174480593,8.301555278618755,1,213.5800018310547,-0.2941061869504713,-1.8398626418606343,3.043115174480593,8.301555278618755,-0.0982232385390857,0,-0.1604141102826578,64,0,0,-0.09822323853908577,1,0,0,3.043115174480593,8.301555278618755,12.94697681838548
2024-05-09,-146.3483894970512,30.753537028518053,68.77299692532904,65.39317394528248,18.57131840207839,63049.96094,3.043115174480593,-1.317095513634703,-1.2392641866120546,-3.57999206716082,3.4928158989593783,7.756529880571872,18.57131840207839,173.66313920966573,6867.181766935548,1,-3.57999206716082,3.4928158989593783,0,216.9499969482422,1.5778607960932778,3.043115174480593,-3.57999206716082,3.4928158989593783,1.792329553752925,1,-0.1073273520710299,55,1,0,1.792329553752925,0,0,0,-3.57999206716082,3.4928158989593783,7.756529880571872
2024-05-10,-73.4861710420475,352.9550319460613,12.281727432184582,42.21359967248249,333.96418800868094,60792.77734,-3.57999206716082,-5.057470214698833,0.2571404285255818,3.468622379607189,10.286670446104672,12.75648687117541,333.96418800868094,212.35956019087607,7201.145954944229,1,3.468622379607189,10.286670446104672,1,218.7100067138672,0.8112513438038427,-3.57999206716082,3.468622379607189,10.286670446104672,2.700037480617512,1,-0.1490448041815319,66,0,0,2.700037480617512,0,0,0,3.468622379607189,10.286670446104672,12.75648687117541
2024-05-13,-100.8475885639146,184.19921014210107,76.06641492821001,72.16431442662508,231.5823509330216,62901.44922,2.3646747829849435,2.800401141980502,0.0184660682070791,-2.144084399841117,13.56204171093658,10.281592650402205,231.5823509330216,203.93176102441984,7432.72830587725,1,-2.144084399841117,13.56204171093658,0,216.25999450683597,-1.1202103844459854,3.468622379607189,-2.144084399841117,13.56204171093658,0.4925639282646887,1,-0.1815241505364584,57,0,0,0.49256392826471096,0,0,0,-2.1440843998411174,13.56204171093658,8.617497445951528
2024-05-14,-141.83460131583337,157.311893005258,40.456355713963305,68.4610245203916,124.39467192377955,61552.78906,-2.144084399841117,-2.3745801863775062,-3.660400210909765,7.659609258979705,13.955583607473333,10.997374844219587,124.39467192377955,188.19706886548607,7557.122977801029,1,7.659609258979705,13.955583607473333,1,218.08999633789065,0.8462045119477013,-2.144084399841117,7.659609258979705,13.955583607473333,1.8113017610825957,1,-0.128849496597534,66,0,0,1.8113017610826176,0,0,0,7.659609258979705,13.955583607473333,9.774798237225468
2024-05-15,-87.77670801384401,98.78956247398324,35.85642731136916,21.93683893866214,68.80612071017055,66267.49219,7.659609258979705,9.005535015091004,3.4926125493296656,-1.5321421657076395,4.289339638582135,1.9647005899469767,68.80612071017055,155.4637299955462,7625.9290985112,1,-1.5321421657076395,4.289339638582135,0,220.88999938964844,1.2838750510223873,7.659609258979705,-1.5321421657076395,4.289339638582135,3.4226039404082758,1,-0.0418222444298523,64,1,0,3.4226039404082753,0,0,0,-1.5321421657076395,4.289339638582135,3.1253450848296005
2024-05-16,-106.71120260681288,34.51433281342307,87.19576604613914,82.57946348525097,97.57835973800027,65252.18,-1.5321421657076395,7.333766916121087,3.30931962330594,2.74956330960896,4.119816380081098,4.729956914849431,97.57835973800027,171.26513826273057,7723.507458249201,1,2.74956330960896,4.119816380081098,1,220.02999877929688,-0.3893343350662603,-1.5321421657076395,2.74956330960896,4.119816380081098,1.4196828183359989,1,-0.0102955303534136,70,0,0,1.4196828183359989,0,0,0,2.74956330960896,4.119816380081098,3.4120383104441876
2024-05-17,-61.28882196966885,282.31705839619144,135.68009145378397,33.92109664657856,390.6294245268852,67046.33,2.74956330960896,9.109978401904396,7.558398117370824,6.541506447854784,2.239451436044293,0.6447472665543241,390.6294245268852,182.59818556637143,8114.136882776086,1,6.541506447854784,2.239451436044293,1,223.66000366210935,1.64977725898805,2.74956330960896,6.541506447854784,2.239451436044293,2.2632695333040465,1,0.0419790321633419,74,0,0,2.2632695333040243,0,0,0,6.5415064478547835,2.239451436044293,2.619372961950339
2024-05-20,-143.01019639321248,207.3317967188404,116.73266424009252,74.24173394843436,255.2959985141548,71432.17,7.8032351155918,7.793682300805949,17.501080104460964,-1.8049710655577145,-2.8886844680764967,-3.681319719112541,255.2959985141548,187.3409150825981,8369.43288129024,1,-1.8049710655577145,-2.8886844680764967,0,224.55999755859372,0.4023937591649318,6.541506447854784,-1.8049710655577145,-4.354046643130127,3.8379743191454985,1,0.0326815197445975,70,0,0,3.837974319145454,0,0,0,-1.8049710655577145,-4.354046643130127,-1.2457272402616182
2024-05-21,-122.50709424325991,71.00391002589461,17.179975855072918,61.018619402040216,26.695411039747817,70142.84,-1.8049710655577145,7.495013959686858,15.378447729942105,-1.4725808079627312,-2.5959313880076773,0.5695235607797056,26.695411039747817,167.80106290579175,8396.128292329988,1,-1.4725808079627312,-2.5959313880076773,0,224.22999572753903,-0.1469548604570936,-1.8049710655577145,-1.4725808079627312,-3.6687850107010256,2.815351227818641,1,0.0518352526316819,76,1,0,2.815351227818619,0,0,0,-1.4725808079627312,-3.6687850107010256,1.394682621918375
2024-05-22,-123.9753193516477,70.4921227936384,40.4148745371865,105.14551030385368,92.07718828303088,69109.93,-1.4725808079627312,3.077871674706123,12.468243521414578,-1.6922025532365548,-2.2290284478655886,2.910117258113276,92.07718828303088,172.45527642036382,8488.205480613018,1,-1.6922025532365548,-2.2290284478655886,0,220.1100006103516,-1.8373969565578017,-1.4725808079627312,-1.6922025532365548,-1.116120360706474,-0.3531163843778051,0,0.0946930286323942,76,0,0,-0.353116384377794,1,0,0,-1.6922025532365548,-1.116120360706474,2.4073385691463
2024-05-23,-175.82057619656055,166.4215300709872,117.63084751952864,43.29602052884444,151.52782192279972,67940.45,-1.6922025532365548,1.519009585070319,8.010945443205797,0.893944623563736,0.5859984736633406,4.17010779292748,151.52782192279972,183.2451688573237,8639.733302535818,1,0.893944623563736,0.5859984736633406,1,215.72000122070312,-1.994457033971764,-1.6922025532365548,0.893944623563736,-0.6797726832836748,-1.9588226980435164,0,0.1355511963891032,76,0,0,-1.9588226980435164,1,0,0,0.893944623563736,-0.6797726832836748,2.0371958089768327
2024-05-24,-86.1422451440989,366.90215252893927,40.70050425846762,39.52049611645408,360.9809077597621,68547.8,0.893944623563736,3.450232578074619,11.364246928244714,1.1975876687508435,-1.5597737928861433,1.1331217048541342,360.9809077597621,177.3154655038991,9000.71421029558,1,1.1975876687508435,-1.5597737928861433,1,215.9199981689453,0.0927113606111973,0.893944623563736,-0.3294343509200992,0.3715997304071017,-3.460612253613815,0,0.0939608113690868,74,0,0,-3.460612253613804,1,0,0,-0.3294343509200992,0.3715997304071017,1.3857921041958932
2024-05-28,-97.38310858571982,49.68570468818939,102.00208396098208,40.90460651497174,95.2092865784234,68321.98,-1.508951008466075,0.5615653119754205,2.0891051279610773,-1.101446415926466,3.24981799415065,-1.4716347506322225,95.2092865784234,181.60823756065489,9304.16948013326,1,-1.101446415926466,3.24981799415065,0,218.19000244140625,1.0513172896031486,-0.3294343509200992,-1.101446415926466,3.24981799415065,-2.8366562105636817,0,0.2076380777090279,72,0,0,-2.8366562105636706,1,0,0,-1.1014464159264659,3.24981799415065,-1.4716347506322225
2024-05-29,-107.75431097913442,175.42569359140558,41.26622180545459,73.9982570582615,182.93586147598725,67569.45,-1.101446415926466,-1.4272522239955232,1.9737368328754945,1.1382806875000595,5.256310359193406,1.005113997524032,182.93586147598725,199.7799721992461,9487.105341609247,1,1.1382806875000595,5.256310359193406,1,216.16000366210935,-0.9303812074716976,-1.101446415926466,1.1382806875000595,5.256310359193406,-3.5989797168954563,0,0.2160271016877912,72,0,0,-3.5989797168954563,1,0,0,1.1382806875000595,5.256310359193406,1.005113997524032
2024-05-30,-165.20633852130163,172.72764302523296,84.21502024583839,1.510681746902364,93.24700649667209,68338.58,1.1382806875000595,-1.3726288492931116,-4.330807813902327,-1.2583969699107134,3.563228852574918,-2.3408885581175265,93.24700649667209,188.1238091140206,9580.352348105922,1,-1.2583969699107134,3.563228852574918,0,216.57000732421875,0.1896760062746194,1.1382806875000595,-1.2583969699107134,3.563228852574918,-1.60828371101569,0,0.1958767566309115,73,0,0,-1.6082837110157011,1,0,0,-1.2583969699107134,3.563228852574918,-2.3408885581175265
2024-05-31,-113.90914799531365,-50.0,26.63898020327182,18.389527425609376,-118.88064036643244,67478.60938,-1.2583969699107134,-1.4532737815325492,-3.798293054572643,1.9619759093500333,2.735564109812727,-2.1847210450026577,-118.88064036643244,92.15149948878168,9461.471707739487,0,0.0,2.735564109812727,1,215.3000030517578,-0.586417430627717,-1.2583969699107134,1.9619759093500333,2.735564109812727,-0.1946959793105218,0,0.193433918911203,73,1,0,-0.19469597931052185,1,0,0,1.9619759093500333,2.735564109812727,-2.1847210450026577
2024-06-03,-108.4774878527058,194.5705133482188,55.94529424195145,17.96591235262421,160.00423209008864,68802.52344,1.556385870187338,1.8248978495459145,0.3715997304071017,2.5286813230291028,1.010437590426827,-3.3730062851892506,160.00423209008864,82.50314925494781,9621.475939829576,1,2.5286813230291028,1.010437590426827,1,217.22000122070312,0.8917780500373507,1.9619759093500333,2.5286813230291028,1.010437590426827,0.6020762610143393,1,0.2057826874972195,73,0,0,0.6020762610143393,0,0,0,2.5286813230291028,1.010437590426827,-3.3730062851892506
2024-06-04,-129.94587895578064,176.9065469791322,92.79127736570148,78.50922775920728,218.26117314826035,70542.32,2.5286813230291028,3.2247377689147205,1.8078452386914408,0.820486198922854,-4.572843649032254,-7.640122978660191,218.26117314826035,107.1135265689152,9839.737112977838,1,0.820486198922854,-4.572843649032254,1,215.2700042724609,-0.8977059834655465,2.5286813230291028,0.820486198922854,-4.572843649032254,-1.3382822935388394,0,0.3311179336839659,73,0,0,-1.3382822935388616,1,0,0,0.820486198922854,-4.572843649032254,-7.640122978660191
2024-06-05,-96.41150846159884,269.6206364813418,16.28025065873323,101.31840117745776,290.807779855934,71121.11,0.820486198922854,5.398007833100982,3.866286219004889,-0.4885609912443689,-4.038899280396491,-8.68563496829563,290.807779855934,128.68791024490457,10130.544892833772,1,-0.4885609912443689,-4.038899280396491,0,217.82000732421875,1.1845603201319,0.820486198922854,-0.4885609912443689,-4.038899280396491,0.7679513480690847,1,0.3288446341703052,75,0,0,0.7679513480691069,0,0,0,-0.4885609912443689,-4.038899280396491,-8.830331810063152
2024-06-06,-66.68442888449565,384.8956094945345,97.61898951841596,46.866523443875856,462.6966935723306,70773.64,-0.4885609912443689,4.500678981384887,2.025293244563242,-2.047527864894328,-5.700978499904763,-8.38272554583882,462.6966935723306,202.57784766003627,10593.241586406102,1,-2.047527864894328,-5.700978499904763,0,219.42999267578125,0.7391356612921562,-0.4885609912443689,-2.047527864894328,-5.700978499904763,1.320582377448476,1,0.3177669051907235,78,0,0,1.320582377448476,0,0,0,-2.0475278648943274,-5.700978499904763,-9.400901239501035
2024-06-07,8.85843865976409,312.65650295477576,79.21448804293276,44.93534830429968,445.6647779617723,69324.53,-2.047527864894328,2.3268968483255,1.4673901429671732,0.2498394147064431,-4.789271560874631,-7.507082990681657,445.6647779617723,315.48693132567723,11038.906364367876,1,0.2498394147064431,-0.0,1,211.6000061035156,-3.568330143379639,-2.047527864894328,0.2498394147064431,-4.789271560874631,-1.718530838735155,0,0.3440353546628047,77,0,0,-1.718530838735166,1,0,0,0.2498394147064431,-4.789271560874631,-13.07117408513263
2024-06-10,-75.30958733316812,173.11113094451696,102.0995981766859,52.10156489339544,252.0027066814302,69497.73,-0.2012410775918294,-2.282557176062084,2.9922380418800465,-3.1385197761135464,-4.339594976699235,-13.287815299866622,252.0027066814302,333.8866262439455,11290.909071049306,1,-3.1385197761135464,-4.339594976699235,0,213.5399932861328,0.9168181127878317,0.2498394147064431,-3.1385197761135464,-4.339594976699235,-1.694138621623198,0,0.3466731688102175,72,0,0,-1.694138621623198,1,0,0,-3.1385197761135464,-4.339594976699235,-11.09103851305646
2024-06-11,-69.77192457465505,89.34740912583297,88.95656536258646,84.85634907824571,193.38839899201008,67316.53,-3.1385197761135464,-4.884742398441,-0.603909991477547,1.3846079113109422,-3.214262529574829,-8.210197406194286,193.38839899201008,328.9120714126954,11484.297470041316,1,1.3846079113109422,-3.214262529574829,1,214.1499938964844,0.2856610609396126,-3.1385197761135464,1.3846079113109422,-3.214262529574829,-0.5202816712722269,0,0.3288033778183644,74,0,0,-0.5202816712722047,1,0,0,1.3846079113109422,-3.2142625295748295,-9.655652185280495
2024-06-12,-85.00566474549873,457.33598032498605,134.56561719895376,22.179405974282776,529.0753387527238,68248.6,1.3846079113109422,-1.5520191770503122,0.7387637859590068,-2.2121332891810286,-4.842311783684949,-10.889483447279511,529.0753387527238,376.5655831920534,12013.37280879404,1,-2.2121332891810286,-4.842311783684949,0,214.72000122070312,0.2661720011508661,1.3846079113109422,-2.2121332891810286,-4.993098759535009,-1.4231962167283174,0,0.2574140545417347,72,0,1,-1.4231962167283174,1,0,0,-2.2121332891810286,-4.993098759535009,-9.719188378955767
2024-06-13,-175.87843380479904,205.92184340144885,85.0089801059163,57.15106948204355,172.20345918460964,66738.85,-2.2121332891810286,-3.7013709876984047,-2.999415336560507,-1.1004984353191638,-2.843875793484618,-7.676877860496556,172.20345918460964,318.46693631450927,12185.57626797865,1,-1.1004984353191638,-2.843875793484618,0,212.97000122070312,-0.8150148984962247,-2.2121332891810286,-1.1004984353191638,-3.9236067148295306,-2.943987454177732,0,0.3280362534511513,70,0,0,-2.943987454177732,1,0,0,-1.1004984353191638,-3.9236067148295306,-9.62782547197023
2024-06-14,-79.94427692927464,201.39292919129463,62.82377835498989,79.25592889347288,263.5283595104828,66004.39,-1.1004984353191638,-5.217678254662294,-6.4329185657630905,0.7233155249219081,-2.854522252232017,-8.6222143708926,263.5283595104828,282.03965262425135,12449.104627489132,1,0.7233155249219081,-2.854522252232017,1,215.72999572753903,1.2959545903254766,-1.1004984353191638,0.7233155249219081,-8.698497175718156,1.9517908813306173,1,0.3042800009207578,74,0,0,1.9517908813306173,0,0,0,0.7233155249219081,-8.698497175718156,-4.809164966148471
2024-06-17,-74.30762177757609,197.58749128899967,84.89190012129136,65.03282509819536,273.2045947309103,66481.81,-0.2205354295255479,-2.588756399398684,-4.100597580683207,-1.9990580882199185,-9.354152662209405,-5.4927505734275295,273.2045947309103,286.2800302341474,12722.309222220045,1,-1.9990580882199185,-9.354152662209405,0,214.6100006103516,-0.5191652247571676,0.7233155249219081,-1.9990580882199185,-7.057719998898948,0.5010805272364083,1,0.3350306184331365,71,0,0,0.5010805272364305,0,0,0,-1.9990580882199183,-7.057719998898948,-6.680910161741982
2024-06-18,47.12094619791054,219.8084760767855,101.73192116145552,55.6874484979623,424.3487919341139,65152.8,-1.9990580882199185,-2.3765018426298967,-5.989909680603079,-0.3207997200427304,-5.161850296533688,-4.777354158224978,424.3487919341139,332.47210882256815,13146.658014154156,1,-0.3207997200427304,-5.161850296533688,0,215.47000122070312,0.4007271832187298,-1.9990580882199185,-0.4787514888078603,-6.655308751120447,0.6163938182771167,1,0.3229825407598949,74,0,0,0.6163938182770945,0,0,0,-0.47875148880786034,-6.655308751120447,-7.6862237693545055
2024-06-20,-58.470866579807776,142.63379931197636,81.62366764815529,-31.09696878997711,134.68963159034678,64840.88,-0.1584601083490899,-2.0412134396906034,-6.700722455251418,-1.1113359349842256,-4.974469809786664,-12.02750487038423,134.68963159034678,271.7837528626257,13544.495032291778,1,-1.1113359349842256,-4.974469809786664,0,218.16000366210935,1.2484347826456466,-0.4787514888078603,-1.1113359349842256,-4.974469809786664,1.6020875660625489,1,0.3032514476195685,60,0,0,1.6020875660625489,0,0,0,-1.1113359349842256,-4.9744698097866635,-12.64857910626752
2024-06-21,-74.0681768047597,145.3141058759608,51.92033248772979,70.33625958592722,193.5025211448581,64120.28,-1.1113359349842256,-3.764846256308274,-4.748090847819997,-6.015694254610238,-5.937169956213539,-11.66690164172708,193.5025211448581,257.77858518950075,13737.997553436637,1,-6.015694254610238,-5.937169956213539,0,214.77999877929688,-1.5493238109986152,-1.1113359349842256,-6.015694254610238,-5.937169956213539,0.8498838090901017,1,0.3110254631976846,63,0,0,0.8498838090901017,0,0,0,-6.015694254610238,-5.937169956213539,-11.573327502624753
2024-06-24,-129.5709376742334,196.7246729784001,53.48396329796208,30.377729506177285,151.0154281083061,60263.0,-4.604027485209694,-7.207448164019992,-8.698497175718156,2.5334118779350545,4.259877536797041,-5.9133630917810205,151.0154281083061,233.34075186497995,13889.012981544942,1,2.5334118779350545,4.259877536797041,1,215.6300048828125,0.3957566385821121,-6.015694254610238,2.5334118779350545,4.259877536797041,-0.04634999615577,0,0.2269163632129556,51,0,0,-0.046349996155758966,1,0,0,2.5334118779350545,4.259877536797041,-3.675787796823926
2024-06-25,-12.820103286403665,145.6575228866235,23.89578912801226,-4.918986905693707,151.8142218225384,61789.71,2.5334118779350545,-4.705627067368612,-6.650788614938364,-1.5747444032347735,0.4054234920345179,-6.055781779846514,151.8142218225384,178.8338378426648,14040.82720336748,1,-1.5747444032347735,0.4054234920345179,0,214.55999755859372,-0.4962237629221655,2.5334118779350545,-1.5747444032347735,0.4054234920345179,-0.0232994975143729,0,0.250902684036438,30,0,0,-0.023299497514406298,1,0,0,-1.5747444032347735,0.4054234920345179,-6.598380215734956
2024-06-26,-31.20823472546399,128.71542173228357,149.98306972747758,65.33607798574943,312.8263347200466,60816.68,-1.5747444032347735,-5.152192098973984,-8.723066243926237,1.313307467622371,-1.1044174065404366,-5.104010939104208,312.8263347200466,188.7696274772192,14353.653538087528,1,1.313307467622371,-1.1044174065404366,1,212.5800018310547,-0.9228168111804492,-1.5747444032347735,1.313307467622371,-1.1044174065404366,-1.3412537120136014,0,0.3122432531454482,46,0,0,-1.3412537120136014,1,0,0,1.313307467622371,-1.1044174065404366,-5.71538926491878
2024-06-27,-28.11604426615401,210.64302276918968,30.245470584348595,91.20975635488873,303.98220544227297,61615.39,1.313307467622371,-4.078181041771467,-7.319927059747622,-2.113173348411823,-7.422252784572169,-6.937584911821548,303.98220544227297,222.62814224760444,14657.6357435298,1,-2.113173348411823,-7.422252784572169,0,214.9900054931641,1.1336925587312363,1.313307467622371,-2.113173348411823,-8.07583949399655,-1.4530611091550405,0,0.3493054438225433,40,0,0,-1.4530611091550072,1,0,0,-2.113173348411823,-8.07583949399655,-6.015315329498039
2024-06-28,-112.0185666187729,174.50227825791447,52.28379208816371,45.87654456116925,160.64404828847452,60313.35,-2.113173348411823,-4.524323733054647,-7.427846539212446,4.172840672919009,-6.091387727592645,-3.9863811245768974,160.64404828847452,216.05644767632776,14818.279791818271,1,4.172840672919009,-6.091387727592645,1,215.00999450683597,0.0092976478725192,-2.113173348411823,4.172840672919009,-5.991907264312124,0.1070843322684922,1,0.2810250570571839,47,0,0,0.10708433226849223,0,0,0,4.172840672919009,-5.991907264312124,7.36787129217662
2024-07-01,4.690483091932805,350.3992988582688,51.2637093772321,78.58623641608817,484.9397277435219,62830.13,0.2582966241603035,3.3106871338586696,-2.0120779260477395,-1.2572152882701304,-9.757579683505346,3.067047609164586,484.9397277435219,282.8413076033709,15303.219519561795,1,-1.2572152882701304,-9.757579683505346,0,215.57000732421875,0.2604589701363791,4.172840672919009,-1.2572152882701304,-7.611427829291451,-0.0278243088786989,0,0.2790242904451253,53,0,1,-0.02782430887869891,1,0,0,-1.2572152882701304,-7.611427829291451,3.595185940248724
2024-07-02,-134.46000493351616,-50.0,115.79697507777766,98.36834773965936,29.705317883920856,62040.22,-1.2572152882701304,0.6894868311309921,-3.4168127318731645,-3.054808638654083,-6.435115800685431,4.914183089615087,29.705317883920856,258.4195268156474,15332.924837445717,1,-3.054808638654083,-6.435115800685431,0,215.55999755859372,-0.0046433943892476,-1.2572152882701304,-3.054808638654083,-6.97552329762855,0.4660701022458413,1,0.22978715811251,51,1,0,0.46607010224584133,0,0,0,-3.054808638654083,-6.97552329762855,3.297199784268967
2024-07-03,-33.96069670452826,309.15068519224616,68.20201286831889,89.44743360752142,432.8394349635582,60145.01,-3.054808638654083,-0.2791090198106971,-4.790804957240957,-5.158981601299928,-4.044259033293041,6.552164510405767,432.8394349635582,282.4221468643497,15765.764272409277,1,-5.158981601299928,-4.044259033293041,0,217.9900054931641,1.1273000380832563,-3.054808638654083,-5.828546707366078,-4.662464932668575,2.5449259645829336,1,0.1605326574476807,50,0,0,2.5449259645829336,0,0,0,-5.828546707366078,-4.662464932668575,6.3809948655757065
2024-07-05,-110.75503038302536,-7.339023240814953,53.06037503024526,72.26382473215676,7.230146138561707,56639.43,-0.7059868370997258,-9.62022880482082,-8.335174254742416,0.1059332694555825,2.241547981679904,17.775920414453328,7.230146138561707,311.1394620671708,16373.977102154127,1,0.1059332694555825,2.241547981679904,1,220.92999267578125,1.3486798057397165,-5.828546707366078,0.1059332694555825,2.2415479816799038,2.762913173099135,1,0.0445705641589823,29,1,0,2.762913173099113,0,0,0,0.10593326945558257,2.2415479816799033,17.775920414453328
2024-07-08,-88.53108724201995,165.73124059196513,91.15976648895207,52.26300916704778,220.62292900594505,56699.43,1.5134791382332091,-5.728787807999369,-5.991907264312124,2.3782073294211337,14.211306886153883,19.15149764292164,220.62292900594505,258.2761023196555,16594.600031160073,1,2.3782073294211337,14.211306886153883,1,218.19000244140625,-1.240207452682074,0.1059332694555825,2.3782073294211337,14.211306886153883,1.4790047048111488,1,0.0136366891423649,28,0,0,1.4790047048111488,0,0,0,2.3782073294211337,14.211306886153885,19.151497642921633
2024-07-09,-54.23834625251979,162.85591340042086,46.58611786960971,1.9410256430849488,157.1447106605957,58047.86,2.3782073294211337,1.7631175828957346,-4.660883258737236,-0.5775751250778338,12.129870076175076,13.594609689315009,157.1447106605957,283.76398087499047,16751.74474182067,1,-0.5775751250778338,12.129870076175076,0,218.55999755859372,0.1695747344275577,2.3782073294211337,-0.5775751250778338,12.129870076175076,1.387015880125686,1,-0.0108341083774564,27,0,0,1.3870158801256638,0,0,0,-0.5775751250778338,12.129870076175076,13.594609689315007
2024-07-10,-83.41586159255844,59.248830528217866,165.80596511093552,42.61812535610154,184.25705940269648,57712.59,-0.5775751250778338,1.8947224574823447,-7.907782982964595,-0.6442615034258581,11.043032378203788,13.261941631799925,184.25705940269648,234.04750576281813,16936.001801223363,1,-0.6442615034258581,11.043032378203788,0,219.3600006103516,0.3660336112253803,-0.5775751250778338,-0.6442615034258581,11.043032378203788,1.7628516862108867,1,-0.0118969545939758,28,0,0,1.762851686210909,0,0,0,-0.6442615034258581,11.043032378203787,13.261941631799923
2024-07-11,-134.8125935496505,122.21833124091248,32.49606323881949,24.702602140514248,44.60440307059571,57340.77,-0.6442615034258581,-1.55203687886033,-8.736827378838786,0.9910226179383308,11.583538205015389,14.744570050245231,44.60440307059571,122.77184965567896,16980.60620429396,1,0.9910226179383308,11.583538205015389,1,223.25,1.7733403441032136,-0.6442615034258581,0.9910226179383308,11.583538205015389,2.412952141973723,1,-0.0166484730025988,29,1,0,2.412952141973701,0,0,0,0.9910226179383308,11.583538205015387,14.744570050245231
2024-07-12,-52.90452768450488,88.94241545341713,92.3928284090811,115.1282815249344,243.55899770292777,57909.03,0.9910226179383308,3.6791217975263857,-6.658889991041295,11.825668639243323,15.193796200696164,17.29445304126145,243.55899770292777,170.03761996855218,17224.165201996886,1,11.825668639243323,15.193796200696164,1,223.1100006103516,-0.06270969301162,0.9910226179383308,11.825668639243323,15.193796200696164,0.9867415049298112,1,-0.0281888424100743,25,0,0,0.9867415049298112,0,0,0,11.825668639243325,15.193796200696163,17.29445304126145
2024-07-15,-108.51676486747218,375.2270443423623,105.35107523728394,44.723425627029904,416.7847803392039,64757.16,6.493738860506504,12.206296754313062,14.332294657626331,0.512422101278065,4.325483081716364,3.1105286272591126,416.7847803392039,209.26999023520392,17640.94998233609,1,0.512422101278065,4.325483081716364,1,223.8300018310547,0.3227113167197482,11.825668639243323,0.512422101278065,4.325483081716364,2.5849027574776478,1,0.0035038062753977,52,0,0,2.5849027574776473,0,0,0,0.512422101278065,4.325483081716364,3.1105286272591126
2024-07-16,-30.806250089556624,293.5678393147461,96.55196389805994,53.69614420353457,413.009697326784,65088.99,0.512422101278065,13.51258450139403,11.750827327784895,-1.541243764882505,1.3062885136180702,1.6603268847772856,413.009697326784,260.4429875684416,18053.959679662872,1,-1.541243764882505,1.3062885136180702,0,228.2899932861328,1.9925798233449088,0.512422101278065,-1.541243764882505,1.3062885136180702,4.451864859181542,1,0.0058483567753222,65,0,0,4.451864859181542,0,0,0,-1.541243764882505,1.3062885136180702,1.6603268847772856
2024-07-17,-99.55651108784352,327.15550949941587,72.58849364489167,66.54456128121403,366.73205333767805,64085.81,-1.541243764882505,10.666350308406123,14.73790012512961,-0.1606439865548981,1.998242668696859,0.8173572277544894,366.73205333767805,296.9379863554379,18420.69173300055,1,-0.1606439865548981,1.998242668696859,0,227.22999572753903,-0.4643206403117217,-1.541243764882505,-0.1606439865548981,1.998242668696859,3.587707465030032,1,0.0003548204547352,69,0,0,3.58770746503001,0,0,0,-0.1606439865548981,1.998242668696859,0.8173572277544894
2024-07-18,24.79710796994481,272.1672064043235,74.80717201066295,51.308073391173615,423.0795597761049,63982.86,-0.1606439865548981,8.034299272362922,12.845684692068328,4.258562371235053,2.8328836816609915,2.040108866655843,423.0795597761049,372.6330176965397,18843.77129277665,1,4.258562371235053,2.8328836816609915,1,225.77999877929688,-0.6381186355259194,-0.1606439865548981,4.258562371235053,2.8328836816609915,1.1332581318239,1,0.028079458688652,61,0,0,1.1332581318239,0,0,0,4.258562371235053,2.8328836816609915,2.040108866655843
2024-07-19,-90.99122892257576,87.09482287827709,81.75245887916438,100.8515312129226,178.7075840477883,66707.61,4.258562371235053,9.701271633106078,14.91829328419687,1.275131877757274,1.823585045244469,-7.929455125134899,178.7075840477883,359.66273496551185,19022.478876824443,1,1.275131877757274,1.823585045244469,1,221.72999572753903,-1.7937829186174925,4.258562371235053,1.275131877757274,1.823585045244469,-0.6185311635683255,0,-0.0613146217641609,60,0,0,-0.6185311635683477,1,0,0,1.275131877757274,1.823585045244469,-7.929455125134899
2024-07-22,-67.07498929756062,147.54797337202262,74.11991993486046,31.32051914796644,185.9134231572889,67558.22,-0.9138285464866612,5.418375768364325,16.662669017249996,-2.3964219305955603,-1.1645807127541263,-20.112492425052054,185.9134231572889,313.48846352912886,19208.392299981733,1,-2.3964219305955603,-1.1645807127541263,0,221.8000030517578,0.0315732312126115,1.275131877757274,-2.3964219305955603,-1.1645807127541263,-0.9069377485995344,0,-0.059577269179707,70,0,0,-0.9069377485995345,1,0,0,-2.3964219305955603,-1.1645807127541263,-20.112492425052054
2024-07-23,-9.453560992918383,248.93745612279184,118.5551646717964,55.83822365711728,413.8772834587871,65939.24,-2.3964219305955603,3.0576626302731835,11.337623669091457,-0.8687391604756178,0.3494732423364066,-14.97818555385232,413.8772834587871,313.66198075552944,19622.26958344052,1,-0.8687391604756178,0.3494732423364066,0,222.5800018310547,0.3516676143213937,-2.3964219305955603,-0.8687391604756178,0.3494732423364066,-2.5012009387206824,0,-0.1596753866633808,71,0,0,-2.5012009387206824,1,0,0,-0.8687391604756178,0.34947324233640664,-14.978185553852319
2024-07-24,-110.84407121896784,77.78721911080547,168.42092006365405,27.72588242905855,163.08995038455024,65366.4,-0.8687391604756178,-2.0105802021688324,7.495639584123381,0.6563310814118539,-1.157750771038335,-15.688472732168211,163.08995038455024,272.9335601649039,19785.35953382507,1,0.6563310814118539,-1.157750771038335,1,221.8000030517578,-0.3504352470483529,-0.8687391604756178,0.6563310814118539,-1.157750771038335,-2.3896460757285354,0,-0.1597883288002996,69,0,0,-2.3896460757285243,1,0,0,0.6563310814118539,-1.157750771038335,-15.688472732168213
2024-07-25,-37.11298720199606,271.2998430172388,57.70032859968666,10.399324663378827,302.2865090783082,65795.42,0.6563310814118539,-2.037421034506226,1.6033130544946594,3.2352707832855376,-0.7709351198001313,-6.1694876482284,302.2865090783082,248.77495002534457,20087.64604290338,1,3.2352707832855376,-0.7709351198001313,1,218.3300018310547,-1.5644730265821472,0.6563310814118539,3.2352707832855376,-0.7709351198001313,-3.299670913509334,0,-0.1612412930909181,68,0,0,-3.299670913509334,1,0,0,3.2352707832855376,-0.7709351198001313,-6.1694876482284
2024-07-26,17.672556606346603,175.9674601841865,25.20788081683689,31.64692727284144,250.4948248802114,67924.08,3.2352707832855376,-0.3772296442659861,4.3557136160816246,-1.696938699795425,-9.578370439467133,-10.396828341289275,250.4948248802114,263.1323981918292,20338.14086778359,1,-1.696938699795425,-9.578370439467133,0,220.6300048828125,1.0534525866662925,3.2352707832855376,-1.696938699795425,-9.578370439467133,-0.4960947395129311,0,-0.1260550641433625,68,0,0,-0.49609473951292005,1,0,0,-1.696938699795425,-9.578370439467133,-10.396828341289277
2024-07-29,-127.27058603499952,162.51791924504025,76.4687180659498,48.88889608854764,160.6049473645382,66771.45,-2.1582022234824083,2.14949882508444,0.0957012250926148,-0.901238478421551,-19.17117552486879,-11.101556129154,160.6049473645382,258.0707030332791,20498.74581514813,1,-0.901238478421551,-19.17117552486879,0,220.32000732421875,-0.140505621054765,-1.696938699795425,-0.901238478421551,-19.17117552486879,-0.6672658733885117,0,-0.1459417797874986,74,0,0,-0.6672658733885117,1,0,0,-0.901238478421551,-19.17117552486879,-11.101556129154
2024-07-30,-36.88960166556467,271.0959968203491,183.18837350617275,37.12093326448221,454.5157019254394,66169.68,-0.901238478421551,0.5688237874307944,-1.4801865825698313,-2.35766592795974,-15.274279277155332,-8.412448118231787,454.5157019254394,266.1983867266096,20953.26151707357,1,-2.35766592795974,-15.274279277155332,0,222.5200042724609,0.9985461488319248,-0.901238478421551,-2.35766592795974,-15.274279277155332,-0.0269555027855972,0,-0.1420250109190934,67,0,0,-0.02695550278560832,1,0,0,-2.35766592795974,-15.274279277155333,-8.412448118231787
2024-07-31,-32.36483693228507,244.426331148604,47.85301728121077,29.22737060378432,289.141882101314,64609.62,-2.35766592795974,-4.879653872382228,-5.238476015704007,1.0502460779060474,-14.700921998922144,-9.161174450492048,289.141882101314,291.4087730699623,21242.403399174884,1,1.0502460779060474,-14.700921998922144,1,226.5500030517578,1.8110725786084412,-2.35766592795974,1.0502460779060474,-14.700921998922144,2.141568951598072,1,-0.1710155022056469,61,0,0,2.141568951598072,0,0,0,1.0502460779060474,-14.700921998922144,-9.161174450492048
2024-08-01,-5.518115115764537,163.903383418092,145.5646722177627,7.8104760898449825,311.7604166099352,65288.18,1.0502460779060474,-3.845732974704797,-3.3601240530019894,-5.927749862226217,-5.440495216745211,-11.862131859089963,311.7604166099352,293.3035545762877,21554.163815784817,1,-5.927749862226217,-5.440495216745211,0,225.7700042724609,-0.3442943141866439,1.0502460779060474,-5.927749862226217,-5.440495216745211,3.4076867031601843,1,-0.172058700345602,52,0,0,3.4076867031601843,0,0,0,-5.927749862226217,-5.440495216745211,-11.862131859089963
2024-08-02,-105.71946805605128,315.9329803364248,147.10803256305763,47.50683282113916,404.8283776645703,61418.06,-5.927749862226217,-10.00265223615746,-6.856584940924416,-12.125882647546993,-0.9051572127156128,-4.120009651884149,404.8283776645703,324.17026513315943,21958.992193449387,1,-12.125882647546993,-0.9051572127156128,0,225.33999633789065,-0.1904628278481923,-5.927749862226217,-12.125882647546993,-0.9051572127156128,2.134791891782739,1,-0.142162529652901,57,0,0,2.134791891782739,0,0,0,-12.125882647546993,-0.9051572127156127,-4.120009651884149
2024-08-05,-109.16962390389908,91.89366724001027,57.85647033168021,4.858388779069934,45.43890244686136,53970.57812,-7.156896420925508,-16.466652922583357,-20.542791127977,3.876482766866451,9.983591185589468,10.157556340810237,45.43890244686136,301.1370561496241,22004.43109589625,1,3.876482766866451,9.983591185589468,1,222.47999572753903,-1.2691935106198704,-12.125882647546993,3.876482766866451,9.983591185589468,0.980386860709248,1,0.0073356364070303,26,1,0,0.9803868607092481,0,0,0,3.8764827668664514,9.983591185589468,10.157556340810237
2024-08-06,-16.33656120416382,261.5935606944264,102.759323167411,72.80167891068808,420.8180015683616,56062.73828,3.876482766866451,-14.130339856310902,-17.432657691723698,-1.696899133340013,8.098876115046604,5.270616118039539,420.8180015683616,294.3975160782085,22425.24909746461,1,-1.696899133340013,8.098876115046604,0,220.6999969482422,-0.8000713832612472,3.876482766866451,-1.696899133340013,8.098876115046604,-0.8179072844121782,0,-0.0109196073391238,17,0,0,-0.8179072844121671,1,1,0,-1.696899133340013,8.098876115046604,5.270616118039539
2024-08-07,-26.8830394536046,259.3101257968384,145.1358649251415,52.4731925880351,430.0361438564104,55111.41016,-1.696899133340013,-10.268396364196452,-19.243936621813106,12.020685935574685,6.494498742835297,10.981155848544155,430.0361438564104,322.5763684292278,22855.28524132102,1,12.020685935574685,6.494498742835297,1,220.5500030517578,-0.0679627995280651,-1.696899133340013,12.020685935574685,6.494498742835297,-2.648421946226698,0,0.0050708996447328,29,0,0,-2.648421946226698,1,0,0,12.020685935574683,6.494498742835297,10.981155848544155
2024-08-08,-28.51785679465557,169.04535606860097,64.83489036050051,6.2734550160520826,211.635844650498,61736.17969,12.020685935574685,1.7490744365094455,-7.541052815237648,-1.4157819521533832,-6.79110646472203,-2.191404937580121,211.635844650498,302.5514540373404,23066.92108597152,1,-1.4157819521533832,-6.79110646472203,0,224.00999450683597,1.5688013635013045,12.020685935574685,-1.4157819521533832,-6.79110646472203,-0.779558724506646,0,0.1221165682640051,20,0,0,-0.7795587245066238,1,1,0,-1.4157819521533832,-6.79110646472203,-2.1914049375801214
2024-08-09,-23.041715991946827,232.6133022242118,71.85678559590554,40.7237276885041,322.1520995166746,60862.13,-1.4157819521533832,4.698323354426526,-8.021120851725438,-2.4700910073308324,-3.244217709764674,5.298187887936234,322.1520995166746,286.0161984077612,23389.073185488192,1,-2.4700910073308324,-3.244217709764674,0,224.55999755859372,0.2455261217110704,-1.4157819521533832,-2.4700910073308324,-3.244217709764674,-0.346143069127991,0,0.1141849764937425,48,0,0,-0.3461430691280132,1,0,0,-2.4700910073308324,-3.244217709764674,5.298187887936234
2024-08-12,-73.69820221746366,74.8886423614697,56.73276344205425,27.435307832282504,85.3585114183428,59358.78,1.083554188522995,7.706879260880806,-3.3528900131329475,2.0964211191672133,0.1581737360504931,5.864709483584396,85.3585114183428,294.0001202020575,23474.431696906537,1,2.0964211191672133,0.1581737360504931,1,228.41000366210935,1.7144665770273848,-2.4700910073308324,2.0964211191672133,0.1581737360504931,2.6654117441788028,1,0.0786075805695089,25,0,0,2.6654117441788028,0,0,0,2.0964211191672133,0.15817373605049312,5.864709483584396
2024-08-13,-27.428148142526403,292.4027019206901,39.40973077228533,59.575235312575415,363.9595198630244,60603.19,2.0964211191672133,-1.835211857437813,-0.1182366423826075,-3.155889978728843,-2.6163639240772696,-1.919948438357788,363.9595198630244,282.6284238609901,23838.39121676956,1,-3.155889978728843,-2.6163639240772696,0,228.05999755859372,-0.1532358906807807,2.0964211191672133,-3.155889978728843,-2.6163639240772696,3.33484400186812,1,0.072020672426215,31,0,0,3.334844001868098,0,0,0,-3.155889978728843,-2.6163639240772696,-1.919948438357788
2024-08-14,-23.74192112454995,181.5097863557011,54.02889819735972,90.21351338069434,302.0102768092052,58690.62,-3.155889978728843,-3.567916535290494,0.9627745632920348,-1.954332736645148,4.2130411980653815,0.6053096729937257,302.0102768092052,257.023250451549,24140.401493578764,1,-1.954332736645148,4.2130411980653815,0,226.1999969482422,-0.8155751250824572,-3.155889978728843,-1.954332736645148,4.2130411980653815,2.561774571890818,1,0.0911014594731177,30,0,0,2.561774571890818,0,0,0,-1.954332736645148,4.2130411980653815,0.6053096729937257
2024-08-15,-73.47849315570528,147.72769794809605,31.04238932950974,-6.255174089372339,99.03642003252818,57543.61,-1.954332736645148,-5.565617275583068,6.620332789572125,2.3356546452334204,4.934831165441311,3.1643131183462403,99.03642003252818,234.50336552795503,24239.43791361129,1,2.3356546452334204,4.934831165441311,1,226.91000366210935,0.3138844931238616,-1.954332736645148,2.3356546452334204,4.934831165441311,1.2945891819058808,1,0.1120362881331196,29,0,0,1.2945891819058364,0,0,0,2.3356546452334204,4.934831165441311,3.1643131183462403
2024-08-16,56.151936450070885,304.9009225836889,81.36333873036904,53.45078237442252,495.8669801385514,58887.63,2.3356546452334204,0.2812210449522734,5.038804394268692,0.9595223988467572,8.828832133335984,0.3823213805683734,495.8669801385514,269.24634165233044,24735.30489374984,1,0.9595223988467572,8.828832133335984,1,231.9900054931641,2.238773852658915,2.3356546452334204,0.9595223988467572,8.828832133335984,3.3086961236858947,1,0.1945170903672425,27,0,1,3.308696123685917,0,0,0,0.9595223988467572,8.828832133335984,0.3823213805683734
2024-08-19,-12.831325927902906,129.56563094572408,49.20107075765433,45.19601613300079,211.1313919084763,59452.67,1.7364929266794338,1.2984187251727786,-2.315824306510472,-0.7318090171560043,5.69752376133823,-0.5262000848742288,211.1313919084763,294.4009177503572,24946.43628565832,1,-0.7318090171560043,5.69752376133823,0,231.6100006103516,-0.1638022646728631,0.9595223988467572,-0.7318090171560043,5.69752376133823,1.400988090248445,1,0.1969249477130283,28,0,0,1.4009880902484673,0,0,0,-0.7318090171560043,5.69752376133823,-3.336822383250415
2024-08-20,-95.48447520478908,59.153870363644046,89.35143647162991,70.14020229351397,123.16103392399884,59017.59,-0.7318090171560043,2.5615007469986573,-3.146679856673551,3.635678786612595,0.715125778602621,-2.624217627320935,123.16103392399884,246.241220562552,25069.59731958232,1,3.635678786612595,0.715125778602621,1,232.4600067138672,0.366998877974023,-0.7318090171560043,3.635678786612595,0.715125778602621,1.929320881511876,1,0.1970326702257438,30,0,0,1.9293208815118978,0,0,0,3.635678786612595,0.715125778602621,-1.7733526563859958
2024-08-21,-2.497926098523316,44.337082647609634,17.76417415185491,56.395898847130674,115.9992295480719,61163.28,3.635678786612595,3.864393931289145,4.156482465236056,-1.275258619223818,-3.461881050198745,-5.219275356063314,115.9992295480719,209.03901111032536,25185.59654913039,1,-1.275258619223818,-3.461881050198745,0,232.1499938964844,-0.1333617862983249,3.635678786612595,-1.275258619223818,-3.461881050198745,2.630414247796664,1,0.1873977656018076,26,0,0,2.6304142477966863,0,0,0,-1.275258619223818,-3.461881050198745,-8.185401436940598
2024-08-22,-83.47580912276685,260.600995134564,93.23520928857828,27.440920047835423,297.80131534821084,60383.29,-1.275258619223818,1.4888023007357143,1.7259620228043726,6.133203407763976,-1.6872548680272326,-6.999403311744024,297.80131534821084,248.7919901734619,25483.3978644786,1,6.133203407763976,-1.6872548680272326,1,229.3699951171875,-1.1975011209935604,-1.275258619223818,6.133203407763976,-1.6872548680272326,1.0841264886414017,1,0.2164152762832497,39,0,0,1.0841264886414237,0,0,0,6.133203407763976,-1.6872548680272326,-10.654073337176563
2024-08-23,5.186734791806558,71.9570647503717,113.341158464357,40.42838193000146,230.9133399365367,64086.72,6.133203407763976,9.666363781039356,5.748096758602972,-1.945364031736996,-7.761280340139121,-15.817177100029456,230.9133399365367,195.8012621330589,25714.31120441514,1,-1.945364031736996,-7.761280340139121,0,232.0200042724609,1.1553425520716143,6.133203407763976,-1.945364031736996,-7.761280340139121,0.0129310653849579,1,0.2506588613543117,34,0,0,0.012931065384935714,0,0,0,-1.9453640317369958,-7.761280340139121,-10.973911599782294
2024-08-26,24.32702258049533,375.47941819843646,0.2505742971417817,26.11922429589533,426.1762393719689,62840.0,-2.197490410015701,2.7413833921267727,6.711715176854627,-5.411139401654996,-5.888239974538512,-9.20767027371101,426.1762393719689,238.81023162575747,26140.487443787108,1,-5.411139401654996,-5.888239974538512,0,232.75999450683597,0.3189338077530745,-1.945364031736996,-5.411139401654996,-8.547358370464675,0.496521693128038,1,0.2618001133922302,55,0,0,0.49652169312803807,0,0,0,-5.411139401654996,-8.547358370464675,-8.266088478676004
2024-08-27,-74.08146757707999,-8.192940788372198,94.96226279390288,82.28021415795794,94.96806858640863,59439.64,-5.411139401654996,-1.5627667853142846,-0.0972309924334613,-0.6624535411048904,-3.315632463453688,-3.018271981458842,94.96806858640863,233.1716385582394,26235.455512373515,1,-0.6624535411048904,-3.315632463453688,0,233.38999938964844,0.2706671669018279,-5.411139401654996,-0.6624535411048904,-2.4708090425850537,0.400065666747551,1,0.252919490384751,48,0,0,0.40006566674755106,0,0,0,-0.6624535411048904,-2.4708090425850537,-3.5108725422966836
2024-08-28,15.667679480698824,369.6456368290038,129.10675969893168,50.639349460158265,565.0594254687927,59045.88,-0.6624535411048904,-7.865654538100875,1.0403864615258218,0.5395634716596653,-1.820414904477663,-2.8674142886853327,565.0594254687927,322.9836777423836,26800.51493784231,1,0.5395634716596653,-1.820414904477663,1,231.75,-0.7026862307456638,-0.6624535411048904,0.5395634716596653,-4.892907007228953,-0.1722997660998149,0,0.2489340279922814,30,0,1,-0.172299766099826,1,0,0,0.5395634716596653,-4.892907007228953,-1.5383630492085132
2024-08-29,-11.324884256528868,221.10174672026184,31.614359252351782,107.03572057259022,348.426942288675,59364.47,0.5395634716596653,-7.502629728466803,-0.1483533035606221,-0.423990983158784,-5.403316158638328,-2.066774958152584,348.426942288675,333.1088031304764,27148.941880130984,1,-0.423990983158784,-5.403316158638328,0,232.9499969482422,0.5177980359189593,0.5395634716596653,-0.423990983158784,-9.120708059888347,1.560797797124969,1,0.2529442841483587,29,0,0,1.5607977971249687,0,0,0,-0.42399098315878403,-9.120708059888349,1.9858342877482116
2024-08-30,9.667394699390854,190.3286888129608,146.90289547350812,48.18017558556138,395.0791545714211,59112.77,-0.423990983158784,-7.998452342209806,0.1612739523928485,0.045776910809625,-8.733747378104583,2.420086218257067,395.0791545714211,365.94196605745327,27544.021034702404,1,0.045776910809625,-8.733747378104583,1,231.2899932861328,-0.7126008516231908,-0.423990983158784,-2.7810065405495354,-3.482953006600764,-0.3146327785904512,0,0.3513847196706522,34,0,0,-0.31463277859044014,1,0,0,-2.7810065405495354,-3.482953006600764,-1.5293142243207325
2024-09-03,-42.674437112752514,239.9136114352071,51.799525769663646,4.588568221615184,253.62726831373345,57468.84,-2.8254900293085083,-3.19320630673533,-10.456261589541729,0.8737952601792554,0.307557974025574,4.948351141244545,253.62726831373345,379.4266120294999,28132.588572521014,1,0.8737952601792554,0.307557974025574,1,230.2899932861328,-0.4323576587954125,-2.7810065405495354,0.8737952601792554,0.307557974025574,-1.0611794462087376,0,0.3618272771591118,26,0,0,-1.0611794462087487,1,0,0,0.8737952601792554,0.30755797402557405,4.948351141244545
2024-09-04,-67.58928856637783,196.2365297575152,77.76923689369175,-4.094190287678352,202.32228779715075,57971.0,0.8737952601792554,-1.9315115837068688,-9.77547289240961,-3.12946128236532,-1.0664125166031324,6.551862137965525,202.32228779715075,306.87918449517144,28334.910860318163,1,-3.12946128236532,-1.0664125166031324,0,230.42999267578125,0.0607926500195254,0.8737952601792554,-3.12946128236532,-1.0664125166031324,-1.268266301730181,0,0.3663271502254828,27,0,0,-1.268266301730181,1,0,0,-3.12946128236532,-1.0664125166031324,6.551862137965525
2024-09-05,-73.88395730249111,310.33018820165216,102.3330765008689,2.475921709835305,341.25522910986524,56156.82,-3.12946128236532,-4.7678950596735215,-10.63523233609166,-3.929727502376379,3.5271227964831287,12.11485978016562,341.25522910986524,305.4448418594096,28676.16608942803,1,-3.929727502376379,3.5271227964831287,0,232.3500061035156,0.8332306942507639,-3.12946128236532,-3.929727502376379,3.5271227964831287,0.2589023100391108,1,0.3431467661236207,29,0,0,0.2589023100390886,0,0,0,-3.929727502376379,3.5271227964831287,12.11485978016562
2024-09-06,-69.71267468569114,211.422764866204,83.04021565649646,58.0137995303445,282.7641053673538,53950.01,-3.929727502376379,-5.844761688685662,-9.23563803549281,5.753270481321504,12.221202553993948,17.16529802311435,282.7641053673538,282.98183201859604,28958.930194795383,1,5.753270481321504,12.221202553993948,1,230.6300048828125,-0.7402630408956501,-3.929727502376379,5.753270481321504,12.221202553993948,-0.9959184785673814,0,0.4014714976832808,22,0,0,-0.9959184785673814,1,0,0,5.753270481321504,12.221202553993948,17.16529802311435
2024-09-09,-32.29920464375597,215.03017614618776,101.55023969785476,65.26175069689802,349.54296189718457,57053.9,3.959085375642002,-1.5819978954994762,-3.482953006600764,1.0370719617764923,2.024138577730872,11.015846418912645,349.54296189718457,285.9023704970576,29308.47315669257,1,1.0370719617764923,2.024138577730872,1,231.6000061035156,0.4205876079289794,5.753270481321504,1.0370719617764923,2.024138577730872,0.1340364159202023,1,0.3818931295448404,26,0,0,0.13403641592020232,0,0,0,1.0370719617764923,2.024138577730872,11.015846418912645
2024-09-10,-10.916380494963384,163.6387787786144,43.17305627682535,2.564278939036001,198.4597334995124,57645.59,1.0370719617764923,2.6510938475504897,-2.243202584707716,-0.5079313092293702,4.626563801324624,11.49669905364834,198.4597334995124,274.86886353421335,29506.93289019208,1,-0.5079313092293702,4.626563801324624,0,232.6199951171875,0.4404097525005923,1.0370719617764923,-0.5079313092293702,4.626563801324624,1.011768595676532,1,0.3818879793551519,33,0,0,1.011768595676532,0,0,0,-0.5079313092293702,4.6265638013246235,11.49669905364834
2024-09-11,-13.677070061702665,194.30543762789324,86.77443296144313,76.85114942228347,344.2539499499172,57352.79,-0.5079313092293702,6.307283353608284,0.0938759838740699,1.3682856579427138,7.70039260513744,10.074662453212824,344.2539499499172,303.2551959647667,29851.186840142,1,1.3682856579427138,7.70039260513744,1,232.25,-0.1590555949419148,-0.5079313092293702,1.3682856579427138,7.70039260513744,0.789830917010681,1,0.3911258043948784,37,0,0,0.789830917010681,0,0,0,1.3682856579427138,7.7003926051374405,10.074662453212824
2024-09-12,14.302279340390385,230.7801768892059,23.4514201238008,35.508168449496814,304.0420448028939,58137.54,1.3682856579427138,7.351329013616681,-1.6947799816130704,4.138135187694547,8.29515662341407,12.108647871925784,304.0420448028939,295.81255910337234,30155.22888494489,1,4.138135187694547,8.29515662341407,1,236.3300018310547,1.7567284525531468,1.3682856579427138,4.138135187694547,8.29515662341407,1.7129311913019365,1,0.44914560443869,31,0,0,1.7129311913019363,0,0,0,4.138135187694547,8.29515662341407,12.108647871925783
2024-09-13,-25.959577575565405,28.98316073433745,75.55095754605199,54.40379035956648,132.97833106439052,60543.35,4.138135187694547,10.31728403452481,5.349873079045975,-3.8560799823597502,4.405669656535372,8.664287655043879,132.97833106439052,265.8554042427797,30288.20721600928,1,-3.8560799823597502,4.405669656535372,0,238.67999267578125,0.9943683944142244,4.138135187694547,-3.8560799823597502,4.405669656535372,3.4904338648646727,1,0.47578773203213,32,0,0,3.4904338648646727,0,0,0,-3.8560799823597502,4.4056696565353715,8.664287655043879
2024-09-16,46.506850883649655,65.18145778942869,43.84369434140841,98.36661884766272,253.89862186214947,58208.75,-1.5452367996998784,1.4924470108603316,7.893863226346021,3.614319153048284,8.813314149505015,8.748684690875507,253.89862186214947,246.7265362357727,30542.10583787143,1,3.614319153048284,8.813314149505015,1,238.66000366210935,-0.0083748174481534,-3.8560799823597502,3.614319153048284,8.813314149505015,3.0483581055858133,1,0.4722694554282193,39,0,0,3.0483581055858133,0,0,0,3.6143191530482843,8.813314149505015,8.748684690875507
2024-09-17,-38.97014501274818,274.3264094022715,50.578802296409336,76.90517947596595,362.8402461618986,60312.6,3.614319153048284,3.741231569137593,11.367590824562887,2.415050918050299,6.566339371872543,0.7915427290483334,362.8402461618986,279.6026387682499,30904.946084033327,1,2.415050918050299,6.566339371872543,1,237.33999633789065,-0.553091135491468,3.614319153048284,2.415050918050299,6.566339371872543,2.029060837321972,1,0.3417075639544399,33,0,0,2.029060837321972,0,0,0,2.415050918050299,6.566339371872543,0.7915427290483334
2024-09-18,100.0,217.0865438127942,129.4437270084175,41.94408056282503,488.4743513840367,61769.18,2.415050918050299,2.0247145227345387,12.550894105458132,1.92808128584514,2.204513642564132,-1.8121982516199784,488.4743513840367,308.44671905507386,31393.420435417363,1,1.92808128584514,2.204513642564132,1,235.50999450683597,-0.7710465405288858,2.415050918050299,1.92808128584514,2.204513642564132,1.4036574841058913,1,0.3629846296797185,45,0,1,1.4036574841059135,0,0,0,1.9280812858451402,2.204513642564132,-1.8121982516199786
2024-09-19,6.38983320431834,181.6016663647321,123.65240482377077,23.264233237541376,334.90813763036255,62960.14,1.92808128584514,4.9119722857045245,10.352035531313364,0.3979501951552278,3.521386705938068,-3.5161452944672544,334.90813763036255,314.6199376205676,31728.32857304773,1,0.3979501951552278,3.521386705938068,1,239.1699981689453,1.554075728197235,1.92808128584514,0.3979501951552278,3.521386705938068,1.20170791515537,1,0.3645210046261033,49,0,0,1.20170791515537,0,0,0,0.3979501951552278,3.5213867059380677,-3.5161452944672544
2024-09-20,-67.33995807544383,201.84339330653933,104.36552483628708,-14.554462039879157,224.31449802750345,63210.69,0.3979501951552278,6.915086059700282,9.653990877706352,0.2027821559929199,4.078914500063191,-1.7785757440711425,224.31449802750345,332.88717101319014,31952.64307107523,1,0.2027821559929199,4.078914500063191,1,242.2100067138672,1.2710660066880486,0.3979501951552278,0.2027821559929199,4.078914500063191,1.478973582373544,1,0.255784457042752,54,0,0,1.478973582373544,0,0,0,0.20278215599291993,4.078914500063191,-1.7785757440711425
2024-09-23,-77.6220519636538,234.7581705361671,36.30748941309684,28.4254004227274,221.86900840833755,63338.87,-0.3755879030464482,2.5412187760951443,4.617385724443723,1.4747026588886047,-0.0593948076433981,-1.7193865315248025,221.86900840833755,326.4812483224278,32174.512079483568,1,1.4747026588886047,-0.0593948076433981,1,242.67999267578125,0.1940406873731204,0.2027821559929199,1.4747026588886047,-0.0593948076433981,1.6843999631221518,1,0.2566051043824899,50,0,0,1.6843999631221518,0,0,0,1.4747026588886047,-0.059394807643398106,-1.7193865315248025
2024-09-24,0.4441585665888006,146.02403196906386,67.34366201220793,43.66609283516917,257.4779453830298,64272.93,1.4747026588886047,2.085112898414776,7.099505351815094,-1.7768600248969535,-5.41896876336585,-3.2745045231328374,257.4779453830298,305.40878816665406,32431.9900248666,1,-1.7768600248969535,-5.41896876336585,0,246.07000732421875,1.396907347432852,1.4747026588886047,-1.7768600248969535,-5.41896876336585,3.678272150092887,1,0.3406879478583564,54,0,0,3.678272150092887,0,0,0,-1.7768600248969535,-5.41896876336585,-3.2745045231328374
2024-09-25,-34.461214377484254,122.16952745976872,128.5239079991673,20.38461418546448,236.6168352669163,63130.89,-1.7768600248969535,-0.1262444690921738,6.780111676924783,3.241392605109805,-3.9300729009206,-3.9520748083861856,236.6168352669163,255.03728494323,32668.60686013352,1,3.241392605109805,-3.9300729009206,1,245.72999572753903,-0.1381767735031958,-1.7768600248969535,3.241392605109805,-3.9300729009206,4.339519111324375,1,0.3621485752521091,59,0,0,4.3395191113243525,0,0,0,3.241392605109805,-3.9300729009206004,-3.9520748083861856
2024-09-26,12.796867618293865,219.58452550976816,85.66867654559618,46.06229098723086,364.11236066088907,65177.21,3.241392605109805,2.863623006202065,11.971499130285393,0.9386563186733587,-6.798143093268328,-7.435881345642137,364.11236066088907,260.87812954933526,33032.7192207944,1,0.9386563186733587,-6.798143093268328,1,246.97999572753903,0.5086884066794806,3.241392605109805,0.9386563186733587,-6.798143093268328,3.265458719064296,1,0.3299557588095173,50,0,0,3.265458719064296,0,0,0,0.9386563186733587,-6.798143093268328,-7.435881345642137
2024-09-27,1.1372800318983425,102.1627222384968,172.7731815992678,52.305556488763045,328.37874035842594,65789.0,0.9386563186733587,3.478171420590193,9.080026395811158,-3.781407226132028,-5.627931721108393,-4.935961938925959,328.37874035842594,281.69097801551976,33361.09796115283,1,-3.781407226132028,-5.627931721108393,0,245.0200042724609,-0.7935830791900744,0.9386563186733587,-3.781407226132028,-5.627931721108393,1.1601492426831506,1,0.3181657491948953,61,0,0,1.1601492426831506,0,0,0,-3.7814072261320275,-5.627931721108393,-4.935961938925959
2024-09-30,-25.79374791859193,240.8252755714472,95.73271357577488,43.25432054575764,354.01856177438776,63301.25,-3.5042067828953027,0.2698520486563716,0.1432669062780389,-3.9671412491854463,-1.660978258723167,4.432819257123666,354.01856177438776,308.1208886887298,33715.116522927216,1,-3.9671412491854463,-1.660978258723167,0,243.05999755859372,-0.7999374253898295,-3.781407226132028,-3.9671412491854463,-1.660978258723167,0.1565868197961339,1,0.3383114128366584,61,0,0,0.15658681979613398,0,0,0,-3.9671412491854463,-1.660978258723167,4.432819257123666
2024-10-01,-64.12584283788107,29.74163957621596,87.68196465960126,30.499922575296207,83.79768397323237,60790.0,-3.9671412491854463,-6.7312025169533936,-4.0603357746208495,-0.2306300378351666,2.2673301529856804,10.4133081098865,83.79768397323237,273.3848364067703,33798.914206900445,1,-0.2306300378351666,2.2673301529856804,0,245.6100006103516,1.0491249392624136,-3.9671412491854463,-0.2306300378351666,2.2673301529856804,-0.1869413988601631,0,0.2729590663642086,50,1,0,-0.18694139886014094,1,0,0,-0.23063003783516667,2.2673301529856804,10.413308109886499
2024-10-02,-97.16842466781333,302.91556373256435,67.63534143189995,55.05964015900183,328.4421206556528,60649.8,-0.2306300378351666,-7.811640243809748,-4.605171061659085,0.1592255868939407,-0.0229019716470602,11.507309174968428,328.4421206556528,291.74989348451766,34127.356327556095,1,0.1592255868939407,-0.0229019716470602,1,245.66000366210935,0.0203587197726173,-0.2306300378351666,0.1592255868939407,-0.0229019716470602,-0.0284833217949032,0,0.2763217735461554,42,0,0,-0.028483321794903205,1,0,0,0.15922558689394073,-0.022901971647060204,11.507309174968427
2024-10-03,-43.39766935798926,247.2597482413043,85.34163619129129,63.25821948708227,352.46193456168857,60746.37,0.1592255868939407,-7.762979663064984,-4.093063232735283,2.2060083590179858,-0.684254878110413,10.975273090392058,352.46193456168857,289.4198082646775,34479.818262117784,1,2.2060083590179858,-0.684254878110413,1,245.4900054931641,-0.0692005887857671,0.1592255868939407,2.2060083590179858,-0.684254878110413,-0.6032837720260975,0,0.3003094032845502,37,0,0,-0.6032837720260753,1,0,0,2.2060083590179858,-0.684254878110413,10.975273090392058
2024-10-04,22.09630619332421,225.6029734313876,73.90120654477825,17.28802767671462,338.88851384620466,62086.44,2.2060083590179858,-5.356051012797092,-3.4018831878366185,0.263165354624939,0.7332357919056065,10.218092710743276,338.88851384620466,291.52176296223325,34818.70677596399,1,0.263165354624939,0.7332357919056065,1,245.0,-0.1996030315693286,2.2060083590179858,0.263165354624939,0.7332357919056065,-0.0081643425484112,0,0.2714965787146566,41,0,0,-0.00816434254840015,1,0,0,0.26316535462493906,0.7332357919056065,10.218092710743276
2024-10-07,-9.676414782672904,298.2690983945514,108.3243470675436,92.3279713923881,489.2450020718102,62249.83,-0.9234910805432928,2.638145550356308,-5.37957713295536,-0.130956180924513,6.196723750088951,8.243283555955072,489.2450020718102,318.5670510217177,35307.9517780358,1,-0.130956180924513,6.196723750088951,0,244.1699981689453,-0.3387762575733366,0.263165354624939,-0.130956180924513,6.196723750088951,0.4566776193124733,1,0.1980083093438577,50,0,1,0.4566776193124955,0,0,0,-0.130956180924513,6.1967237500889505,8.243283555955072
2024-10-08,-82.33117093938797,366.54744444625766,118.26809267178336,47.04235603147215,449.5267222101252,62168.31,-0.130956180924513,2.340781844248463,-5.603912237342246,-2.464921436661205,7.965376572083116,8.465727956896373,449.5267222101252,391.7128586690963,35757.478500245925,1,-2.464921436661205,7.965376572083116,0,242.3699951171875,-0.7371925565205384,-0.130956180924513,-2.464921436661205,7.965376572083116,-1.3191667623926209,0,0.2019467664331435,49,0,0,-1.3191667623926318,1,0,0,-2.464921436661205,7.965376572083116,8.465727956896373
2024-10-09,-11.053883696944634,301.437006501813,48.56042157968202,50.56548868834543,389.5090330728959,60635.91,-2.464921436661205,-2.336307251631753,-7.56722445621577,-0.503332101390086,11.532852397201587,9.95634435106192,389.5090330728959,403.92624115254495,36146.98753331882,1,-0.503332101390086,11.532852397201587,0,241.0500030517578,-0.5446185963701722,-2.464921436661205,-0.503332101390086,11.532852397201587,-1.8765776038546125,0,0.2557920488950146,49,0,0,-1.8765776038546012,1,0,0,-0.503332101390086,11.532852397201587,9.956344351061919
2024-10-10,-0.1212349294191668,15.91257686683548,26.750681857688875,71.24643269769672,113.78845649280191,60330.71,-0.503332101390086,-2.69491432479162,-4.692703540609388,3.664750506002656,11.739858523130264,13.0528051136809,113.78845649280191,356.1915455387676,36260.77598981162,1,3.664750506002656,11.739858523130264,1,242.82000732421875,0.7342892553628744,-0.503332101390086,3.664750506002656,11.739858523130264,-1.0876199067988757,0,0.2405960417953518,39,0,0,-1.0876199067988868,1,0,0,3.6647505060026564,11.739858523130264,13.052805113680899
2024-10-11,-63.25953508357925,72.04230332642985,6.551785075868139,56.99648393790505,72.33103725662377,62541.68,3.664750506002656,-0.4589841232047198,2.881526566869552,5.701158011745133,9.4158167801057,6.607097858580069,72.33103725662377,302.88005022085144,36333.10702706825,1,5.701158011745133,9.4158167801057,1,245.47000122070312,1.0913408354139564,3.664750506002656,5.701158011745133,9.4158167801057,0.1918372329400508,1,0.2808782261140952,32,1,0,0.19183723294005084,0,0,0,5.701158011745133,9.4158167801057,6.607097858580069
2024-10-14,-11.065263751862116,137.51814223043212,100.31965307650177,78.59409901739735,305.3666305724691,66107.28,5.12868098708299,9.023316381332446,6.476196734745932,1.532312326267249,1.9271402483962417,5.854377914202491,305.3666305724691,266.1043759209832,36638.47365764072,1,1.532312326267249,1.9271402483962417,1,245.07000732421875,-0.1629502157067031,5.701158011745133,1.532312326267249,1.9271402483962417,0.3685994028843398,1,0.2264225938331268,48,0,0,0.3685994028843398,0,0,0,1.532312326267249,1.9271402483962419,5.854377914202491
2024-10-15,-15.53114777832001,202.60910502108337,35.86533575304506,58.613724956054725,281.55701795186314,67120.25,1.532312326267249,11.253870541221866,8.255674047121374,0.7579083808537668,0.4634368912511455,8.349343156498978,281.55701795186314,232.5104350693308,36920.03067559258,1,0.7579083808537668,0.4634368912511455,1,245.9199981689453,0.3468359323146597,1.532312326267249,0.7579083808537668,0.4634368912511455,1.464704015875129,1,0.2015383460561746,65,0,0,1.464704015875129,0,0,0,0.7579083808537668,0.4634368912511455,8.349343156498978
2024-10-16,-75.28528602435296,251.7659020469123,-6.1156237180993145,31.626878760786862,201.9918710652469,67628.96,0.7579083808537668,8.13422344906629,7.637904531684381,-0.3186652581970928,-1.4134920897793002,6.94073958848398,201.9918710652469,195.007002667801,37122.02254665783,1,-0.3186652581970928,-1.4134920897793002,0,247.1499938964844,0.5001609209081437,0.7579083808537668,-0.3186652581970928,-1.4134920897793002,2.530591482057276,1,0.2031293995383405,73,0,0,2.530591482057276,0,0,0,-0.3186652581970928,-1.4134920897793002,6.9407395884839795
2024-10-17,0.0523713437879678,127.42561868465344,95.54314418123856,60.845105756183045,283.86623996586303,67413.45,-0.3186652581970928,6.675459570313413,8.29499454054734,1.5086603637701534,1.175002911140144,4.130303374178301,283.86623996586303,229.02255936241323,37405.88878662369,1,1.5086603637701534,1.175002911140144,1,248.6300048828125,0.598831083503093,-0.3186652581970928,1.5086603637701534,1.175002911140144,2.3927178088072987,1,0.2440721708231925,71,0,0,2.3927178088072987,0,0,0,1.5086603637701534,1.1750029111401439,4.130303374178301
2024-10-18,10.497049267989208,218.67667644770785,179.71998069731163,15.688213780380146,424.5819201933888,68430.49,1.5086603637701534,8.823221179267616,10.072945524818032,-1.533278513715175,-2.5670136221441764,1.5151140960703249,424.5819201933888,299.4727359497662,37830.47070681708,1,-1.533278513715175,-2.5670136221441764,0,251.2700042724609,1.0618185005034864,1.5086603637701534,-1.533278513715175,-2.5670136221441764,2.3628154246607918,1,0.1859232815165377,73,0,0,2.3628154246607913,0,0,0,-1.533278513715175,-2.5670136221441764,1.5151140960703247
2024-10-21,36.9003317917886,124.46170676466777,79.75716353840427,53.256791173295696,294.3759932681563,67381.26,-2.40156038707241,-0.3662632103170193,7.738167570810361,0.0742788128331284,3.852985236547979,0.6325497623523191,294.3759932681563,297.27460848890365,38124.84670008524,1,0.0742788128331284,3.852985236547979,1,251.22000122070312,-0.0199001277142452,-1.533278513715175,0.0742788128331284,3.852985236547979,2.5094845198042397,1,0.196511259158362,72,0,0,2.5094845198042393,0,0,0,0.07427881283312843,3.852985236547979,0.6325497623523191
2024-10-22,35.723026521070544,138.84821970080517,113.53963097806567,49.003100280666175,337.1139774806076,67431.31,0.0742788128331284,0.0264932294668174,6.703721344602176,-1.124522124811156,7.849528653677362,2.8909715679555914,337.1139774806076,308.38600039465257,38461.96067756585,1,-1.124522124811156,7.849528653677362,0,253.92999267578125,1.078732362833379,0.0742788128331284,-1.124522124811156,7.849528653677362,3.257154589490985,1,0.1839702002288469,70,0,0,3.257154589490985,0,0,0,-1.1245221248111559,7.849528653677362,2.8909715679555914
2024-10-23,-85.57010337801759,59.33389031517777,83.2731743419026,43.756494281823805,100.79345556088658,66673.03,-1.124522124811156,-2.568241145138672,6.028378437476389,2.2985756009588965,8.474011155635196,13.45899533889492,100.79345556088658,288.1463172937805,38562.754133126735,1,2.2985756009588965,8.474011155635196,1,250.8699951171875,-1.2050555849465017,-1.124522124811156,2.2985756009588965,8.474011155635196,1.5051593415216449,1,0.2094703210784505,71,0,0,1.5051593415216447,0,0,0,2.2985756009588965,8.474011155635196,13.458995338894919
2024-10-24,-63.30208115908773,107.67667538890956,76.0444138723543,46.14387465683208,166.5628827590082,68205.56,2.2985756009588965,-0.2757107956486981,3.174052842591624,-2.245696685138288,2.920978876208924,11.310573507497049,166.5628827590082,264.6856458524095,38729.31701588575,1,-2.245696685138288,2.920978876208924,0,252.8000030517578,0.7693259346016168,2.2985756009588965,-2.245696685138288,2.920978876208924,1.6771902373210246,1,0.2138426232596091,69,0,0,1.6771902373210246,0,0,0,-2.2456966851382876,2.920978876208924,11.310573507497047
2024-10-25,9.612181344753058,64.83153943836663,116.76305931951076,-6.455471364929174,184.7513087377013,66673.87,-2.245696685138288,-3.4261799949246385,-0.6650451987291528,4.95483463011821,4.189677305367145,14.837686787942571,184.7513087377013,216.71952356127204,38914.06832462345,1,4.95483463011821,4.189677305367145,1,253.32000732421875,0.2056978901042505,-2.245696685138288,4.95483463011821,4.189677305367145,0.8158566549530955,1,0.1657137438622131,72,0,0,0.8158566549531177,0,0,0,4.95483463011821,4.189677305367145,14.837686787942573
2024-10-28,9.81647935657647,102.41267470226671,68.38901823245395,33.538252767771155,214.15642505906828,69977.45,2.829456025874344,4.956156934820566,2.2606297280641785,3.9254073990978577,-3.100956093713048,26.85619438833511,214.15642505906828,200.6756099194544,39128.22474968252,1,3.9254073990978577,-3.100956093713048,1,253.3300018310547,0.0039454076057765,4.95483463011821,3.9254073990978577,-3.100956093713048,0.8399015206189242,1,0.1298130164702832,72,0,0,0.8399015206189242,0,0,0,3.9254073990978577,-3.1009560937130476,26.85619438833511
2024-10-29,10.141920734686945,305.364179660784,90.69569256287612,52.78534703423344,458.98713999258047,72724.35,3.9254073990978577,6.625251665699983,6.331274335970072,-0.552002183587752,-4.597662268552427,21.053581090790075,458.98713999258047,225.050242421849,39587.2118896751,1,-0.552002183587752,-4.597662268552427,0,256.0899963378906,1.0894858433216914,3.9254073990978577,-0.552002183587752,-4.597662268552427,0.8506295925693408,1,0.2289976933245145,72,0,0,0.8506295925693408,0,0,0,-0.552002183587752,-4.597662268552427,21.053581090790075
2024-10-30,100.0,105.0601111168057,92.86791224784056,54.79569175992201,352.7237151245683,72322.91,-0.552002183587752,8.472644530758465,4.756176483879915,-2.938322033778784,4.595556235223386,25.124694235892896,352.7237151245683,275.43629433458534,39939.93560479967,1,-2.938322033778784,4.595556235223386,0,257.5,0.5505891218995584,-0.552002183587752,-2.938322033778784,4.595556235223386,2.642805043191987,1,0.270263145813124,77,0,0,2.642805043191987,0,0,0,-2.938322033778784,4.595556235223386,25.124694235892896
2024-10-31,13.445833823499097,463.2382064837391,53.27638185427805,19.16974577222125,549.1301679337375,70197.83,-2.938322033778784,4.595676786983738,4.180049467760028,-1.040687440053356,8.151491292537095,24.42037025930857,549.1301679337375,351.9497513695312,40489.06577273341,1,-1.040687440053356,8.151491292537095,0,253.50999450683597,-1.5495166963743978,-2.938322033778784,-1.040687440053356,8.151491292537095,0.2808510468778502,1,0.3299078866131648,77,0,1,0.28085104687787243,0,0,0,-1.0406874400533561,8.151491292537095,24.420370259308566
2024-11-01,41.92914972105175,249.3317900880889,119.68169398146092,87.97123522594103,498.9138690165426,69467.29,-1.040687440053356,2.079793451914313,3.0193392357348525,-2.3893403643642896,10.219831520705648,31.0809159246028,498.9138690165426,414.78226342529945,40987.979641749946,1,-2.3893403643642896,10.219831520705648,0,252.47000122070312,-0.4102375877353292,-1.040687440053356,-2.3893403643642896,10.219831520705648,-0.3355463757064081,0,0.3518982435264478,75,0,1,-0.3355463757064081,1,0,0,-2.3893403643642896,10.219831520705647,31.080915924602802
2024-11-04,33.09639045541268,218.4836123694874,73.00160973218365,24.014754553564973,348.5963671106487,67807.48,-1.3539782403316436,-6.243429640759768,1.7002312900091132,2.3201717568622326,30.915837013851565,33.496039080054295,348.5963671106487,441.6702518356156,41336.5760088606,1,2.3201717568622326,30.915837013851565,1,252.8300018310547,0.1425914400170036,-2.3893403643642896,2.3201717568622326,30.915837013851565,-0.1973710166131237,0,0.3446520012154009,70,0,0,-0.19737101661312373,1,0,0,2.3201717568622326,30.915837013851565,33.496039080054295
2024-11-05,18.207242738170184,114.16422198187864,49.77019362028621,79.08371601580211,261.22537435613714,69380.73,2.3201717568622326,-1.1639960950359909,3.378187193606763,9.031066695320169,26.88743690070716,33.22991845142016,261.22537435613714,402.1178987083269,41597.801383216734,1,9.031066695320169,26.88743690070716,1,253.3999938964844,0.2254447895034816,2.3201717568622326,9.031066695320169,26.88743690070716,-1.0504129329038658,0,0.3347872716920411,70,0,0,-1.0504129329038547,1,0,0,9.031066695320167,26.88743690070716,33.22991845142016
2024-11-06,-29.888393792645743,270.03098794089914,101.46039374281614,62.81583085615055,404.41881874722014,75646.55,9.031066695320169,8.895208090023399,11.160003497328152,0.3614837689227101,19.62716078922304,24.78183076425824,404.41881874722014,412.45691943285726,42002.22020196395,1,0.3614837689227101,19.62716078922304,1,245.6999969482422,-3.0386729020158154,9.031066695320169,0.3614837689227101,19.62716078922304,-4.582525456993325,0,-0.1287092866199528,70,0,0,-4.582525456993325,1,0,0,0.36148376892271017,19.62716078922304,24.78183076425824
2024-11-07,24.05699404760125,142.4362173762226,44.06128072835851,30.61318070468591,241.16767285686828,75920.0,0.3614837689227101,9.45957363246901,8.492092809898043,0.85185721812433,15.042676501580598,29.6616043203372,241.16767285686828,350.8644204174834,42243.38787482082,1,0.85185721812433,15.042676501580598,1,249.6499938964844,1.6076503855530166,0.3614837689227101,0.85185721812433,15.042676501580598,-1.5226226555132838,0,-0.1456496597887645,77,0,0,-1.5226226555132838,1,0,0,0.85185721812433,15.042676501580598,29.661604320337197
2024-11-08,-52.30312195052487,212.2009814645361,81.12724629476513,103.25932677828536,344.28443258706176,76566.73,0.85185721812433,11.38893988755594,5.283484830046592,15.939037751775476,18.926797579052955,29.33036320083149,344.28443258706176,319.93853313158723,42587.67230740788,1,15.939037751775476,18.926797579052955,1,247.9600067138672,-0.6769426092267161,0.85185721812433,15.939037751775476,18.926797579052955,-1.7863486691606645,0,-0.1448105488676104,75,0,0,-1.7863486691606645,1,0,0,15.939037751775476,18.926797579052955,29.33036320083149
2024-11-11,-25.27698085652904,456.0084538268795,79.63524013423186,14.190895047305595,524.557608151888,88770.73,10.371654872401614,17.34934375724999,27.78781207673424,-0.8283135668705199,1.9708861242889508,4.76427308866334,524.557608151888,355.1307813398351,43112.22991555977,1,-0.8283135668705199,1.9708861242889508,0,242.13999938964844,-2.347155656813127,15.939037751775476,-0.8283135668705199,1.9708861242889508,-4.22813841869506,0,-0.4335518403067125,76,0,1,-4.22813841869506,1,0,0,-0.8283135668705199,1.9708861242889508,4.76427308866334
2024-11-12,-37.482149529516654,190.39401002753505,123.43582263326311,77.57462520830005,353.92230833958155,88035.43,-0.8283135668705199,15.958153319283452,26.927300215372373,2.7925007011381897,4.998510258881006,4.42334410134646,353.92230833958155,373.670168136524,43466.15222389936,1,2.7925007011381897,4.998510258881006,1,240.0500030517578,-0.8631355179477884,-0.8283135668705199,2.7925007011381897,4.998510258881006,-5.268346948019309,0,-0.3835597795216498,80,0,0,-5.26834694801932,1,0,1,2.7925007011381897,4.998510258881006,4.42334410134646
2024-11-13,-8.901857420061546,314.9273326285676,98.98792931519812,80.01746954128934,485.0308740649935,90493.82,2.7925007011381897,18.189479947752773,31.650008772417326,-3.4846799483102986,4.308946179971174,6.030654911020439,485.0308740649935,389.79257920007865,43951.18309796435,1,-3.4846799483102986,4.308946179971174,0,237.6300048828125,-1.0081225320474283,2.7925007011381897,-3.4846799483102986,4.308946179971174,-3.284490095915493,0,-0.388584263839173,84,0,1,-3.2844900959154932,1,0,1,-3.4846799483102986,4.308946179971174,6.030654911020439
2024-11-14,100.0,129.68235748741125,78.99892165019425,29.88139372770065,338.5626728653061,87340.4,-3.4846799483102986,13.848912470218089,28.806438463721108,4.256861658522304,12.707395432125336,9.531820325988893,338.5626728653061,409.2715792017663,44289.74577082966,1,4.256861658522304,12.707395432125336,1,237.00999450683597,-0.2609141788648794,-3.4846799483102986,4.256861658522304,12.707395432125336,-5.063088202954058,0,-0.3721080043822383,88,0,0,-5.063088202954058,1,0,1,4.256861658522304,12.707395432125335,11.621380254727477
2024-11-15,-105.9327787418441,196.50115095030384,112.71065196801148,91.77395900192984,295.05298317840106,91058.36,4.256861658522304,13.215942723090146,31.244453611254897,-0.5908957727769337,8.747873341887558,7.063821487670108,295.05298317840106,399.4252893200341,44584.79875400806,1,-0.5908957727769337,8.747873341887558,0,236.58999633789065,-0.1772069442975365,4.256861658522304,-0.5908957727769337,8.747873341887558,-4.585421063122064,0,-0.3698622361827873,80,0,0,-4.585421063122053,1,0,1,-0.5908957727769337,8.747873341887558,5.276319494442894
2024-11-18,21.95124628355597,377.080063563551,135.60830196069253,42.49860456203142,577.138216369831,90520.3,0.7048985784213535,0.0292616667082912,18.224064159459346,2.116199349759107,2.739396577342301,5.902090470314381,577.138216369831,409.9414109636226,45161.93697037789,1,2.116199349759107,2.739396577342301,1,241.08999633789065,1.9020246289590537,-0.5908957727769337,2.116199349759107,2.739396577342301,-0.4336346966236526,0,-0.3805540923189152,83,0,1,-0.4336346966236415,1,0,1,2.116199349759107,2.7393965773423012,5.970174645908166
2024-11-19,-92.79323482017354,137.30329422122327,102.31241225407447,58.66080887839571,205.48328053351992,92435.89,2.116199349759107,5.834058465498226,20.49092458606452,2.1174243034821183,-0.5477850648703764,3.774107654505188,205.48328053351992,380.2536054024104,45367.42025091141,1,2.1174243034821183,-0.5477850648703764,1,243.25,0.8959325127211537,2.116199349759107,2.1174243034821183,-0.5477850648703764,1.3330543251658389,1,-0.3829219918228152,90,0,0,1.3330543251658389,0,0,1,2.1174243034821183,-0.5477850648703764,6.826731478433334
2024-11-20,-35.55308972087433,381.2448557996929,80.41410479373522,57.80965516313663,483.9155260356905,94393.15,2.1174243034821183,3.662255722593733,17.36220006435496,4.286264416432761,1.650585874080912,4.611658790918627,483.9155260356905,380.03053579654977,45851.3357769471,1,4.286264416432761,1.650585874080912,1,244.6199951171875,0.5632045702723465,2.1174243034821183,4.286264416432761,1.650585874080912,2.941543614335296,1,-0.4055298440837513,83,0,1,2.9415436143352958,0,0,1,4.286264416432761,1.650585874080912,2.808551256102798
2024-11-21,42.68865692036376,270.77519354554755,27.52655070599361,45.97073775588357,386.9611389277885,98439.09,4.286264416432761,8.608973629091409,10.891382778985824,0.5942151639150683,-2.8175392519374176,-1.4169777473562628,386.9611389277885,389.7102290090462,46238.29691587488,1,0.5942151639150683,-2.8175392519374176,1,246.66000366210935,0.8339500390982302,4.286264416432761,0.5942151639150683,-0.9635704677887658,4.071562119290761,1,-0.3754879973630691,82,0,0,4.071562119290739,0,0,1,0.5942151639150683,-0.9635704677887658,1.4752879166193056
2024-11-22,-8.350514899035161,143.75332241057322,37.3954534769851,74.32424819479346,247.12250918331665,99024.03,0.5942151639150683,10.165398236379607,12.482020023074814,-6.083392081699768,-1.5485837124584845,0.8758682109786919,247.12250918331665,380.12413421002935,46485.4194250582,1,-6.083392081699768,-1.5485837124584845,0,249.83999633789065,1.2892210445830663,0.5942151639150683,-6.083392081699768,-3.192295849805349,5.6004058519349975,1,-0.4012686294123784,94,0,0,5.6004058519349975,0,0,1,-6.083392081699768,-3.192295849805349,-1.715967326314638
2024-11-25,-65.2606101159533,263.2407739055521,67.7910118258133,73.80466161656639,339.57583723197854,93000.01,-5.12931077573816,-1.475890994208795,2.132313825990262,-1.1510428869846323,3.078365260390848,4.650322080610536,339.57583723197854,332.6116583824588,46824.99526229018,1,-1.1510428869846323,3.078365260390848,0,242.47999572753903,-2.9458856541118794,-6.083392081699768,-1.1510428869846323,3.144634070469454,0.5765479326236056,1,-0.1872970793863899,82,0,0,0.5765479326235834,0,0,1,-1.1510428869846323,3.144634070469454,3.936289899323664
2024-11-26,-46.95057139108121,297.255444962673,55.61951191362867,-2.4559591971454253,303.468426288075,91929.54,-1.1510428869846323,-6.612769378506044,1.4269126786371489,4.374709152248579,4.34569780290428,5.14657203767146,303.468426288075,352.20868753336987,47128.46368857825,1,4.374709152248579,4.34569780290428,1,242.9499969482422,0.1938309258431525,-1.1510428869846323,4.374709152248579,7.415135548377605,-0.1233311620792654,0,-0.1909429590376553,79,0,0,-0.12333116207926542,1,0,0,4.374709152248579,7.415135548377605,10.086605458919951
2024-11-27,22.97937968648634,262.1809962217196,72.52114788058216,89.13020728634459,446.8117310751327,95951.19,4.374709152248579,-3.1031255746711173,6.746827589268212,-0.2977138688952219,2.912991490777772,5.472490752850479,446.8117310751327,344.7879285412583,47575.275419653386,1,-0.2977138688952219,2.912991490777772,0,243.4900054931641,0.2222714763140842,4.374709152248579,1.6043261162263844,1.1391625262802796,-0.4619367372164729,0,-0.1822847370625874,75,0,0,-0.4619367372164618,1,0,0,1.6043261162263844,1.1391625262802796,4.251411577073716
2024-11-29,0.1830612599101595,127.28628241751314,101.18771017426924,80.97638613024972,309.6334399819423,97490.56,1.9077195307442447,-0.5484341339398457,5.46829808205449,-1.6695667765166178,2.4625871468991534,4.039560343073223,309.6334399819423,295.50423659945875,47962.94060805549,1,-1.6695667765166178,2.4625871468991534,0,245.58999633789065,0.8624546377060671,1.6043261162263844,-1.6695667765166178,2.4625871468991534,-0.4337984709043119,0,-0.1730586861897851,78,0,0,-0.4337984709042897,1,0,0,-1.6695667765166178,2.4625871468991534,4.039560343073223
2024-12-02,-8.185414670805132,175.24813644484954,77.18004887763635,83.8011541048275,328.04392475650826,95862.89,-1.4396917723644154,-0.0920259561137282,-3.192295849805349,0.0642897371443851,1.5250113990930236,10.678709978386848,328.04392475650826,293.19785410436464,48290.984532812,1,0.0642897371443851,1.5250113990930236,1,243.44000244140625,-0.8754403389975018,-1.6695667765166178,0.0642897371443851,1.5250113990930236,-2.561637043825782,0,-0.1586137818440339,80,0,0,-2.561637043825793,1,0,1,0.06428973714438513,1.5250113990930236,10.678709978386847
2024-12-03,-42.871069228896864,192.55665708999533,99.46006575304808,17.27100709354405,266.41666070769065,95924.52,0.0642897371443851,0.2707244709771794,-1.896372801580548,2.941604503207307,0.767520129368382,10.646360284106704,266.41666070769065,285.7875009882878,48557.40119351969,1,2.941604503207307,0.767520129368382,1,243.92999267578125,0.2012776164397767,0.0642897371443851,2.941604503207307,0.767520129368382,0.5979862148593362,1,-0.1604303692046486,76,0,0,0.5979862148593362,0,0,0,2.941604503207307,0.767520129368382,10.646360284106704
2024-12-04,97.07624874336408,262.0672097550678,82.57897659240481,37.67557136136246,479.3980064521992,98746.24,2.941604503207307,1.2880016280550688,0.7325036535412721,-1.7236200588498396,2.487051658878348,1.422322510710261,479.3980064521992,292.3047560637011,49036.79919997189,1,-1.7236200588498396,2.487051658878348,0,244.6699981689453,0.3033679807253664,2.941604503207307,-1.7236200588498396,2.487051658878348,0.7079651131131959,1,-0.1479118242348038,78,0,1,0.7079651131131959,0,0,0,-1.7236200588498396,2.4870516588783476,1.422322510710261
2024-12-05,21.74228007703372,217.77010009332537,0.981337345845148,16.828859945421925,257.32257746162617,97044.23,-1.7236200588498396,0.6000181204829591,4.3486231883201,2.933837488328783,3.077194800762495,0.3379696041691638,257.32257746162617,328.1629218719933,49294.12177743352,1,2.933837488328783,3.077194800762495,1,242.8600006103516,-0.7397709454119217,-1.7236200588498396,2.933837488328783,3.077194800762495,-0.2587395246619994,0,-0.1541577696276413,84,0,0,-0.25873952466199945,1,0,1,2.933837488328783,3.077194800762495,0.3379696041691638
2024-12-06,-111.04628066033686,66.46556412898988,42.42658424724983,43.55236909133794,41.39823680724079,99891.35,2.933837488328783,2.702122221379155,8.660774327816734,-2.569331578760337,1.5390722019474,-2.128662792123648,41.39823680724079,274.51588123705307,49335.52001424076,1,-2.569331578760337,1.5390722019474,0,242.9499969482422,0.0370568795456049,2.933837488328783,-2.569331578760337,1.5390722019474,-1.0749621031046597,0,-0.1594924075864334,72,1,0,-1.0749621031046708,1,0,0,-2.5693315787603366,1.5390722019474001,-2.128662792123648
2024-12-09,-0.3046351492220776,238.01978510059632,74.23649777113538,40.75897147442776,352.7106191969374,97324.81,-3.805466153245984,-1.4394775942861315,-0.1700164610809462,-0.6823028989216606,9.01620049399532,-2.630624195413278,352.7106191969374,279.4492201251388,49688.23063343769,1,-0.6823028989216606,9.01620049399532,0,245.3600006103516,0.9919751769426056,-2.569331578760337,-0.6823028989216606,9.01620049399532,0.7886946063465627,1,-0.1788694088246852,78,0,0,0.788694606346585,0,0,0,-0.6823028989216606,9.016200493995319,-2.630624195413278
2024-12-10,-42.55754801239012,261.05857452838234,31.612210286355698,73.3898159680802,323.5030527704281,96660.76,-0.6823028989216606,-0.3951497167837825,0.2024974337954344,4.69823535424303,9.803595585219904,2.000511893347423,323.5030527704281,290.8664985376863,50011.73368620812,1,4.69823535424303,9.803595585219904,1,248.58999633789065,1.316431251835759,-0.6823028989216606,4.69823535424303,9.803595585219904,1.910385685249949,1,-0.1970351350990154,78,0,0,1.9103856852499712,0,0,0,4.69823535424303,9.803595585219904,2.000511893347423
2024-12-11,33.30993795624435,255.979044793104,103.99714919984818,89.30926238358825,482.5953943327848,101202.11,4.69823535424303,1.3121856897519102,4.049764772239617,-1.1577228972795115,-1.038891382798246,-1.8337858765988144,482.5953943327848,291.5059761138035,50494.329080540905,1,-1.1577228972795115,-1.038891382798246,0,250.9600067138672,0.9533812345188464,4.69823535424303,-1.1577228972795115,-1.038891382798246,2.570813173660391,1,-0.1939636487502962,74,0,1,2.570813173660391,0,0,0,-1.1577228972795117,-1.038891382798246,-5.4669018264540075
2024-12-12,-48.78385636600213,308.0780725554622,141.2300332937479,91.87051432369869,492.39476380690667,100030.47,-1.1577228972795115,0.1012215433868535,4.347438304853935,1.3978540738637024,-2.6574502749012296,-4.35965161415316,492.39476380690667,338.5204133828596,50986.72384434781,1,1.3978540738637024,-2.6574502749012296,1,247.27999877929688,-1.4663722649505997,-1.1577228972795115,1.3978540738637024,-2.6574502749012296,1.8199778299584413,1,-0.1616723475977851,83,0,1,1.819977829958419,0,0,1,1.3978540738637024,-2.6574502749012296,-5.8567954344311275
2024-12-13,-14.743276076132531,283.3922154548904,128.75047406789267,33.13495920265093,430.5343726493015,101428.75,1.3978540738637024,0.2508129726526142,5.738084485593453,4.605262314679015,-3.612141527919843,-7.154638108031497,430.5343726493015,416.3476405512717,51417.25821699712,1,4.605262314679015,-3.612141527919843,1,244.2899932861328,-1.2091578404740733,1.3978540738637024,4.605262314679015,-3.612141527919843,0.5515523172350933,1,-0.2080403306812042,76,0,0,0.5515523172350933,0,0,0,4.605262314679015,-3.612141527919843,-8.683967809915828
2024-12-16,16.391773537123832,245.91800792284369,71.46228516279169,43.72334378766416,377.49541041042335,106099.81,1.5816997894449791,4.839523602818163,6.215212828738426,0.03504247557089,-10.68357238340012,-12.704169781265383,377.49541041042335,421.30459879396886,51794.75362740754,1,0.03504247557089,-10.68357238340012,1,244.8800048828125,0.2415209844427002,4.605262314679015,0.03504247557089,-10.68357238340012,-0.1956291678941291,0,-0.2045925756345408,83,0,0,-0.1956291678941402,1,0,1,0.03504247557089002,-10.683572383400119,-12.012830183202016
2024-12-17,34.57657238875932,192.9834288541353,139.62904547399808,-0.5031457666285064,366.68590095026417,106136.99,0.03504247557089,6.104659910125387,6.212060684491805,-5.640126029577441,-7.106400888135234,-12.043652264870152,366.68590095026417,429.94116842993606,52161.439528357805,1,-5.640126029577441,-7.106400888135234,0,243.94000244140625,-0.3838624725020279,0.03504247557089,-5.640126029577441,-7.106400888135234,-1.870547473746276,0,-0.1978415219509741,87,0,0,-1.8705474737462868,1,0,1,-5.640126029577441,-7.106400888135234,-8.699888700442704
2024-12-18,-68.5820244106526,33.90390664840086,85.94669828808446,25.823898005114337,77.09247853094706,100150.73,-5.640126029577441,-1.2600174999691904,-1.0123648146641906,-2.774338239970886,-0.8032392774371178,-5.758460272830757,77.09247853094706,348.8405852695686,52238.53200688875,1,-2.774338239970886,-0.8032392774371178,0,239.25999450683597,-1.9185077837713167,-5.640126029577441,-2.774338239970886,-4.474495592792971,-4.66210228483579,0,-0.1046694778680261,81,1,0,-4.662102284835779,1,0,1,-2.774338239970886,-4.474495592792971,-2.011188535520414
2024-12-19,-25.150662422021178,242.96182191325852,66.51656115527842,78.94554899292373,363.2732696394395,97372.21,-2.774338239970886,-3.972170016979293,0.0487028949761159,0.4033902486140439,-1.748671412510816,-0.4816774724533901,363.2732696394395,323.0162864360751,52601.80527652819,1,0.4033902486140439,-1.748671412510816,1,239.6000061035156,0.1421096733620341,-2.774338239970886,0.4033902486140439,-3.286687238586872,-3.1057880595655507,0,0.0399525606609468,75,0,0,-3.105788059565562,1,0,0,0.40339024861404393,-3.2866872385868717,5.039630917281213
2024-12-20,-32.03360325892844,220.76876871631111,55.463893458362406,98.46748470644695,342.666543622192,97765.0,0.4033902486140439,-6.398184125729456,1.142387045167048,-3.0690328849792947,-3.67525187950698,0.3800030685828126,342.666543622192,305.44272063065324,52944.47182015039,1,-3.0690328849792947,-3.67525187950698,0,242.1000061035156,1.043405649547391,0.4033902486140439,-3.0690328849792947,-5.261893315603738,-0.8964702782778722,0,0.0435035102932571,74,0,0,-0.8964702782778833,1,0,0,-3.0690328849792947,-5.261893315603738,-0.8418350125300456
2024-12-23,-40.81583821422755,227.15788371953727,67.90121254047486,12.969533843602342,267.212791889387,94764.56,-0.3398860526198199,-5.378063644668385,-6.570316601555282,4.041500324593916,-2.262290881738904,7.930021518593033,267.212791889387,283.386196926446,53211.684612039775,1,4.041500324593916,-2.262290881738904,1,240.9600067138672,-0.4708795377563968,-3.0690328849792947,4.041500324593916,-1.4882567913574452,-1.6007832778430542,0,0.0538637604084998,70,0,0,-1.6007832778430542,1,0,0,4.041500324593916,-1.4882567913574452,0.2871010006272545
2024-12-24,80.25803277573206,72.32514241796906,64.47292725835085,32.226072225413176,249.28217467746515,98594.47,4.041500324593916,1.255245208052691,-2.766785282720441,0.7625275535230402,-5.314953262591704,-1.6760473482944849,249.28217467746515,259.9054516718862,53460.96678671724,1,0.7625275535230402,-5.314953262591704,1,241.44000244140625,0.1992014086009907,4.041500324593916,-2.966677542868268,-1.7153903256440284,-1.024842164048312,0,0.4695375956138766,73,0,0,-1.0248421640483119,1,0,0,-2.966677542868268,-1.7153903256440284,-3.9487914484453435
2024-12-26,-70.79612451625691,305.3152853332904,86.42295924199459,58.4048347645882,379.3469548236163,95669.49,-3.700984073082547,-1.6050485611037169,-9.830667934278104,-1.5653893419939946,1.2895438242641388,-3.263370589725112,379.3469548236163,295.75883289274134,54080.5994409919,1,-1.5653893419939946,1.2895438242641388,0,243.07000732421875,0.6751179863859091,-2.966677542868268,-1.5653893419939946,2.578690447706977,1.5924153242734995,1,0.4293276617654152,79,0,0,1.5924153242734995,0,0,0,-1.5653893419939946,2.578690447706977,-1.2156853768113596
2024-12-27,38.2692986333112,196.0444846143345,80.12184080613657,25.711894402350616,340.14751845613284,94171.89,-1.5653893419939946,-0.9631734897502576,-11.273261093988063,-1.6471794290206954,4.209982405577706,0.5620466999228579,340.14751845613284,295.2550278595295,54420.74695944804,1,-1.6471794290206954,4.209982405577706,0,241.3999938964844,-0.6870503877127176,-1.5653893419939946,-1.6471794290206954,8.609278203931137,0.7512469729199722,1,0.4795243982597988,74,0,0,0.7512469729199944,0,0,0,-1.6471794290206954,8.609278203931137,2.50931567795869
2024-12-30,98.6100214403928,268.15006973726247,97.477526789854,62.72183133392269,526.959449301432,92620.71,-1.0074885091224228,-6.7698257045960775,-5.261893315603738,0.7919503100332514,10.428229280470848,2.035980937740578,526.959449301432,347.20435934193847,54947.706408749465,1,0.7919503100332514,10.428229280470848,1,240.6300048828125,-0.3189681164623592,-1.6471794290206954,0.7919503100332514,4.665554820298823,-0.6071876016701117,0,0.4832521961484429,65,0,1,-0.6071876016701006,1,0,0,0.7919503100332514,4.665554820298823,8.518094927149654
2024-12-31,44.24940215929286,202.8318376130461,127.62585099145366,35.78481958787252,410.4919103516651,93354.22,0.7919503100332514,-2.4200714355224417,-3.9862766748726353,1.102649671327116,3.843168525215024,3.407173237589056,410.4919103516651,379.4463064767784,55358.19831910113,1,1.102649671327116,3.843168525215024,1,242.1300048828125,0.6233636577161361,0.7919503100332514,3.8016171095425655,1.802178840977953,0.4855569954953731,1,0.5123496290178523,64,0,0,0.4855569954953731,0,0,0,3.8016171095425655,1.8021788409779527,7.099368405627504
2025-01-02,-31.3438205978122,293.8283805975998,20.60408126200386,66.38852744011099,349.4771687019025,96903.19,2.669531854001317,1.8630870626364704,2.2567824933709346,1.2727341587000396,-4.494950063047465,3.176974875646499,349.4771687019025,382.8759556171841,55994.979219077824,1,1.2727341587000396,-4.494950063047465,1,245.4199981689453,1.3587714119632333,3.8016171095425655,1.2727341587000396,-2.2723813323379805,1.6484408910263149,1,0.5828544858643335,70,0,0,1.6484408910263149,0,0,0,1.2727341587000396,-2.2723813323379805,7.4340277136387245
2025-01-03,56.331324029263584,148.39552717826265,-22.1568453960782,50.19266809432813,232.76267390577613,98136.51,1.2727341587000396,4.887768554674432,-0.4644885255735032,4.221568506970552,-3.5005626346402585,6.083862163021703,232.76267390577613,361.3989867071128,56227.7418929836,1,4.221568506970552,-3.5005626346402585,1,243.4900054931641,-0.7864039973028869,1.2727341587000396,4.221568506970552,-3.698990314613793,0.172788972843163,1,0.558353325634918,74,0,0,0.17278897284316308,0,0,0,4.221568506970552,-3.6989903146137926,8.175092022326869
2025-01-06,-42.28177162985177,209.6120776940984,117.37279644957096,36.90842328420294,321.61152579802047,102279.41,4.000271288936652,8.365670345872633,8.609278203931137,-5.218479457400083,-7.599730972245544,-0.1309941072206166,321.61152579802047,320.3294020064305,56549.35341878162,1,-5.218479457400083,-7.599730972245544,0,243.19000244140625,-0.1232095958723977,4.221568506970552,-5.218479457400083,-5.616428565632125,0.74151142923784,1,0.5312147865951338,76,0,0,0.7415114292378178,0,0,0,-5.218479457400083,-5.616428565632125,1.3567735676222492
2025-01-07,15.406691901210957,153.77247112949576,25.324852063383155,46.71170588222508,241.21572097631497,96941.98,-5.218479457400083,0.0400296419550194,1.9038624916719813,-1.965453975666676,-0.4198593839325193,9.508037694299198,241.21572097631497,286.47416413136045,56790.569139757936,1,-1.965453975666676,-0.4198593839325193,0,244.55999755859372,0.5633435188264313,-5.218479457400083,-1.965453975666676,3.680809902995597,1.6332097394484046,1,0.4495906027431582,78,0,0,1.6332097394483824,0,0,0,-1.9654539756666756,3.6808099029955965,7.204701203750941
2025-01-08,32.05955744247001,156.55037725676846,71.00938392429266,47.34911122383994,306.96842984737106,95036.63,-1.965453975666676,-3.1587428572709464,1.5746336573027708,-2.6191900954400493,5.759463482659255,9.081214264436776,306.96842984737106,290.40710384587703,57097.53756960531,1,-2.6191900954400493,5.759463482659255,0,245.8600006103516,0.5315681488123669,-1.965453975666676,-0.3529691656785516,5.203414725458999,1.5404929799362588,1,0.436435188302716,70,0,0,1.540492979936281,0,0,0,-0.35296916567855163,5.203414725458999,10.328522802207928
2025-01-10,-9.42967409332994,222.2133771633713,7.920782496799205,42.236118119986926,262.9406036868275,94701.18,2.3271740417670994,-3.705463187728397,1.4428485396803523,-0.2056257377151982,9.93210433069578,10.719327890106545,262.9406036868275,264.2011656150915,57548.74772105906,1,-0.2056257377151982,9.93210433069578,0,248.2100067138672,0.9558310004399662,-0.3529691656785516,-0.2056257377151982,9.93210433069578,1.1368301547297843,1,0.2901963512312353,50,0,0,1.1368301547297843,0,0,0,-0.2056257377151982,9.932104330695779,7.7731238406955505
2025-01-13,-168.41010786981747,152.12513783365227,101.65850912819153,97.95941511514152,183.33295420716783,94506.45,-0.0033541559049776,-0.5578691079429099,-3.698990314613793,2.146424926552637,8.083025021043543,7.995189746308329,183.33295420716783,236.54545129692096,57732.08067526623,1,2.146424926552637,8.083025021043543,1,245.7400054931641,-0.9951255605703756,-0.2056257377151982,2.146424926552637,12.330174289691342,0.9240625689924452,1,0.2905132818091902,61,0,0,0.9240625689924453,0,0,0,2.146424926552637,12.330174289691342,7.177869870257525
2025-01-14,-57.46122053358641,325.5756125573521,110.36620641210588,66.82758343823716,445.3081818741088,96534.96,2.146424926552637,4.308622691238151,-1.7054195684037765,4.11795892389657,9.969756034497744,4.925718102540255,445.3081818741088,277.3639434764797,58177.38885714034,1,4.11795892389657,9.969756034497744,1,247.02999877929688,0.5249423200524461,2.146424926552637,4.11795892389657,7.388152437210316,1.5790107731981309,1,0.3012208295911279,63,0,0,1.5790107731981307,0,0,0,4.11795892389657,7.388152437210316,7.4711689941136195
2025-01-15,-18.76707752119223,110.5392697780496,56.93958397093122,41.13559045912519,189.8473666869138,100510.23,4.11795892389657,6.134084073714829,2.201324658730619,-0.5257673771117632,3.140854418500494,3.2205875959093966,189.8473666869138,253.9397308443883,58367.23622382725,1,-0.5257673771117632,3.140854418500494,0,248.8800048828125,0.7488993695735191,4.11795892389657,-0.5257673771117632,3.3987883621398485,1.7664406964935877,1,0.3158307457860653,70,0,0,1.7664406964936097,0,0,0,-0.5257673771117632,3.3987883621398485,4.21092459941641
2025-01-16,-68.4263657600089,181.31283558386409,-23.64169168579639,70.90863213532207,160.15341027338087,99981.78,-0.5257673771117632,5.728080002521008,-2.2464247691690864,4.125971752053226,3.9452988334474526,4.761727586766318,160.15341027338087,248.31650334567976,58527.38963410063,1,4.125971752053226,3.9452988334474526,1,250.6000061035156,0.6910965874952435,-0.5257673771117632,4.125971752053226,4.871617608728296,1.927928691693204,1,0.2909495861056277,75,0,0,1.9279286916931815,0,0,0,4.125971752053226,4.871617608728296,2.429922731921752
2025-01-17,75.68314478391278,156.0268941725825,58.15022206990069,39.9854153073197,329.8456763337157,104107.0,4.125971752053226,10.154923911449456,7.39103946504911,-1.884186462005444,0.716099781955104,-1.6288434015003794,329.8456763337157,261.69751787505743,58857.23531043434,1,-1.884186462005444,0.716099781955104,0,249.2700042724609,-0.5307269747253374,4.125971752053226,1.9712987599296736,-1.9639217343694448,0.4270567382143042,1,0.247221218167054,75,0,0,0.42705673821430423,0,0,0,1.9712987599296738,-1.9639217343694448,-2.5423842777142824
2025-01-21,-27.74499295331315,219.65547765115747,20.843537249034853,61.08926576594282,273.843287712822,106159.26,3.9295247961656177,6.178605741966181,12.26060122442738,-2.3475578107835293,-4.58675013371419,-7.878926435621336,273.843287712822,280.38141528053546,59579.295933543006,1,-2.3475578107835293,-4.58675013371419,0,253.1300048828125,1.548521901629396,1.9712987599296736,-2.3475578107835293,-4.58675013371419,3.0072431124178456,1,0.2625857524773083,76,0,0,3.0072431124178456,0,0,0,-2.3475578107835293,-4.58675013371419,-7.878926435621336
2025-01-22,0.8891798621426483,303.18445394686347,87.33439679116623,46.78093567987313,438.1889662800455,103667.11,-2.3475578107835293,-0.422536428866449,9.689479229733443,0.2500793163810577,0.0773051356404153,-6.780144637966656,438.1889662800455,330.04973519916183,60017.48489982305,1,0.2500793163810577,0.0773051356404153,1,254.42999267578125,0.5135652699768123,-2.3475578107835293,0.2500793163810577,0.0773051356404153,2.995585124499689,1,0.2284244497870236,84,0,0,2.995585124499689,0,0,1,0.25007931638105774,0.0773051356404153,-6.780144637966656
2025-01-23,66.50916618418462,51.443962696302805,79.38760603308017,63.43150777430833,260.7722426878759,103926.36,0.2500793163810577,-0.4870397855125219,9.967478410203755,0.8911598558825728,0.7854407678667741,-7.083611895961727,260.7722426878759,350.1735016820609,60278.25714251093,1,0.8911598558825728,0.7854407678667741,1,254.07000732421875,-0.1414869952149233,0.2500793163810577,0.8911598558825728,0.7854407678667741,2.085343273699314,1,0.2356508916958021,75,0,0,2.085343273699314,0,0,0,0.8911598558825728,0.7854407678667741,-7.083611895961727
2025-01-24,-77.25579804695421,226.7050265869259,103.17165998404354,2.873715437945023,255.49460396196025,104852.51,0.8911598558825728,3.5978058934822643,8.616101358513006,-2.660966342150506,-2.3282704438835067,-7.930596988093075,255.49460396196025,335.3032872077098,60533.75174647289,1,-2.660966342150506,-2.3282704438835067,0,255.6499938964844,0.6218705580030903,0.8911598558825728,-2.660966342150506,-2.3282704438835067,2.0151586871401506,1,0.2789072857041197,75,0,0,2.0151586871401728,0,0,0,-2.660966342150506,-2.3282704438835067,-7.930596988093075
2025-01-27,52.785787451754565,288.9630795623437,84.78321473656612,16.19697593270584,442.72905768337023,102062.42,-0.4880707467605272,-1.5479258561370113,-1.9639217343694448,-0.7568113709237934,-0.5900506768309,-4.524691850340212,442.72905768337023,334.2056316652148,60976.48080415626,1,-0.7568113709237934,-0.5900506768309,0,252.9900054931641,-1.04048052682425,-2.660966342150506,-0.7568113709237934,-0.5900506768309,1.492358148570916,1,0.3366038886688254,71,0,0,1.492358148570938,0,0,0,-0.7568113709237934,-0.5900506768309,-4.524691850340212
2025-01-28,-4.771949140946975,208.22839892754243,41.07724236473778,14.182249808028338,258.71594195936154,101290.0,-0.7568113709237934,-2.5367577580894807,-3.011442524058028,2.425955178201211,-3.450439332609334,-5.445670846085493,258.71594195936154,331.18016251452275,61235.19674611562,1,2.425955178201211,-3.450439332609334,1,255.17999267578125,0.8656417783572623,-0.7568113709237934,2.425955178201211,-3.450439332609334,0.8098557079070146,1,0.283983921579052,72,0,0,0.8098557079070146,0,0,0,2.425955178201211,-3.450439332609334,-5.445670846085493
2025-01-29,-54.27170448150641,306.54803750653514,127.86286006657966,54.2882928429112,434.4274859345196,103747.25,2.425955178201211,-1.0541092435459976,2.505771845448224,0.9594374790657056,-6.852152707662129,-5.67216962377316,434.4274859345196,330.4278664454175,61669.62423205013,1,0.9594374790657056,-6.852152707662129,1,254.1999969482422,-0.3840409733000482,2.425955178201211,0.9594374790657056,-6.852152707662129,-0.090396468246634,0,0.2518717468467227,72,0,0,-0.09039646824663405,1,0,0,0.9594374790657056,-6.852152707662129,-5.67216962377316
2025-01-30,17.994788604590376,148.27115498996278,73.6588170789212,101.97544998455275,341.9002106580272,104742.64,0.9594374790657056,0.0086696184107504,2.5426590303648577,-2.22581748941979,-7.807727588305968,-7.749804664079507,341.9002106580272,346.6534600394478,62011.52444270816,1,-2.22581748941979,-7.807727588305968,0,258.04998779296875,1.514551884715587,0.9594374790657056,-2.22581748941979,-7.807727588305968,1.5664896894622915,1,0.2935861858184306,70,0,0,1.5664896894622915,0,0,0,-2.22581748941979,-7.807727588305968,-7.749804664079507
2025-01-31,4.92706690635671,340.934744018558,78.90781841960272,116.93900438577896,541.7086337302964,102411.26,-2.22581748941979,-0.1479480904419738,-3.53054457990758,-0.9286674141105178,-5.735873184257267,-4.786807622521194,541.7086337302964,403.896265993115,62553.23307643846,1,-0.9286674141105178,-5.735873184257267,0,258.5599975585937,0.1976399107734838,-2.22581748941979,-0.9286674141105178,-5.735873184257267,1.1382764449772154,1,0.2998884604208792,76,0,1,1.1382764449771932,0,0,0,-0.9286674141105178,-5.735873184257267,-4.786807622521194
2025-02-03,-34.953690614615184,429.889812361925,42.66928163707216,69.14153304322272,506.7469364276048,101460.2,3.873684279497258,-2.2044439732137544,-3.235315969069308,-3.612401710227253,-3.957995351871957,-5.596677317805399,506.7469364276048,416.6998417419619,63059.980012866064,1,-3.612401710227253,-3.957995351871957,0,259.94000244140625,0.5337271410283728,-0.9286674141105178,-3.612401710227253,-3.957995351871957,2.7471428899707995,1,0.2980903780629722,44,0,1,2.7471428899707773,0,0,0,-3.612401710227253,-3.957995351871957,-5.768567379129951
2025-02-04,-1.3710444363041183,163.7161439560341,62.26870995233959,65.0253342483337,289.6391437204033,97795.05,-3.612401710227253,-6.633010204822021,-6.624915643085172,-1.182800151950436,-2.0665360874604577,-2.236974161780181,289.6391437204033,422.8844820941703,63349.61915658647,1,-1.182800151950436,-2.0665360874604577,0,262.5,0.984841707528572,-3.612401710227253,-1.182800151950436,-2.0665360874604577,2.868566319585719,1,0.082787542749537,72,0,0,2.868566319585719,0,0,0,-1.182800151950436,-2.0665360874604577,-1.189242195796214
2025-02-05,-24.04648080835976,155.4497478599228,44.60789143892397,-4.031732024582169,171.97942646590482,96638.33,-1.182800151950436,-5.637007102539304,-5.776615348615,-0.0762740829648112,1.2667851358772353,-0.0065191523901608,171.97942646590482,370.3948702004473,63521.59858305237,1,-0.0762740829648112,1.2667851358772353,0,264.1300048828125,0.6209542410714253,-1.182800151950436,-0.0762740829648112,1.2667851358772353,3.906376102983256,1,0.0682974915200579,54,0,0,3.9063761029832555,0,0,0,-0.0762740829648112,1.2667851358772353,1.7683149118988162
2025-02-06,0.9740859868147992,345.3384477117701,73.08215760306308,33.71978600797935,453.11447730962726,96564.62,-0.0762740829648112,-4.034063494887152,-5.386703548671489,-0.0285197622069022,0.0628283940847129,1.84599701215622,453.11447730962726,392.63772353076735,63974.713060362,1,-0.0285197622069022,0.0628283940847129,0,263.42999267578125,-0.2650256290805841,-0.0762740829648112,-0.0285197622069022,0.0628283940847129,2.0848692646049827,1,0.0640053838605618,49,0,0,2.0848692646049827,0,0,0,-0.02851976220690222,0.06282839408471297,-0.422090409510234
2025-02-07,28.48246605924158,357.95721457307127,148.46833920569372,26.366487442752835,561.2745072807594,96537.08,-0.0285197622069022,-1.166544426439442,-4.692388192319086,0.9398771953740503,1.0068152051004642,-0.3936829247373152,561.2745072807594,396.5508982408599,64535.98756764276,1,0.9398771953740503,1.0068152051004642,1,263.8999938964844,0.1784159867026069,-0.0285197622069022,0.9398771953740503,1.0068152051004642,2.065283256618411,1,0.0202485728203452,44,0,1,2.065283256618433,0,0,0,0.9398771953740503,1.0068152051004642,-5.206558971951503
2025-02-10,74.7532022564197,147.71399728467316,25.123954282745743,31.37457205246652,278.9657258763051,97444.41,1.0039717724088737,0.8341203743897463,-4.849906152897631,-1.7141362957608377,-1.706213830018577,-6.089205117050833,278.9657258763051,350.9946561306,64814.95329351906,1,-1.7141362957608377,-1.706213830018577,0,268.3699951171875,1.6938239196991,0.9398771953740503,-1.7141362957608377,-1.8851876675121888,3.2430532417500717,1,0.0539021377636731,43,0,0,3.2430532417500713,0,0,0,-1.7141362957608375,-1.8851876675121892,-9.093051104727301
2025-02-11,-66.36324763840008,157.98131829041426,15.457544084930362,44.95568544245632,152.03130017940086,95774.08,-1.7141362957608377,-0.8186642271258315,-4.819702287280803,2.180600429677848,-0.1740345613343463,-7.507605398036709,152.03130017940086,323.47308742239954,64966.98459369846,1,2.180600429677848,-0.1740345613343463,1,267.3900146484375,-0.365160221552363,-1.7141362957608377,2.180600429677848,0.8958060468970297,1.862862723214276,1,0.0974495237051824,47,0,0,1.8628627232142758,0,0,0,2.180600429677848,0.8958060468970297,-12.176885437061891
2025-02-12,100.0,171.82153911394929,138.84681309974434,35.83728266908618,446.50563488277976,97862.53,2.180600429677848,1.3729957442259355,0.1904347124569883,-1.264263247639319,-1.2573760355470087,-14.05108778610159,446.50563488277976,378.37832910577447,65413.49022858124,1,-1.264263247639319,-1.2573760355470087,0,267.6700134277344,0.1047154957020346,2.180600429677848,-1.264263247639319,0.4952559472966911,1.340252330094982,1,0.0565067000426274,46,0,0,1.340252330094982,0,0,0,-1.264263247639319,0.4952559472966911,-13.526464112464698
2025-02-13,-101.9302375776854,65.55494889657228,71.62705291392535,-9.37899431127363,25.872769921538605,96625.29,-1.264263247639319,0.1544836164340868,-4.7653266995334125,0.914605275699576,1.7820489853122234,-12.419212402881264,25.872769921538605,292.9299876281567,65439.36299850277,1,0.914605275699576,1.7820489853122234,1,270.3099975585937,0.9862831092105616,-1.264263247639319,0.914605275699576,-0.484614328195021,2.611701428880253,1,0.0140884328245829,50,1,0,2.611701428880231,0,0,0,0.914605275699576,-0.48461432819502104,-12.7581091865287
2025-02-14,-11.84360238149645,108.13480535158018,53.23709045360334,72.43730768352602,221.9656011072131,97509.03,0.914605275699576,1.0709522862827114,-0.2924687905982992,-1.7713538940957507,-1.386538251893188,-13.548796455056522,221.9656011072131,225.0682063934475,65661.32859960999,1,-1.7713538940957507,-1.386538251893188,0,266.2900085449219,-1.4871773334245608,0.914605275699576,-1.9502091242216248,-6.15144053837885,0.9056516497590428,1,-0.0153549490080921,48,0,0,0.9056516497590428,0,0,0,-1.9502091242216246,-6.15144053837885,-11.637824722489798
2025-02-18,9.934719862241618,123.22024348958716,55.77537841052544,57.17740592333449,246.1077476856887,95607.4,-0.1820805205164366,-1.0534405640593714,-0.9005843407056235,1.071705746626317,-7.346356035202284,-8.741415413451248,246.1077476856887,240.9366809042861,66171.66799821988,1,1.071705746626317,-7.346356035202284,1,270.70001220703125,1.656090548123368,-1.9502091242216248,1.071705746626317,-7.346356035202284,0.868210728560137,1,-0.1367800400094516,47,0,0,0.868210728560137,0,0,0,1.071705746626317,-7.346356035202284,-8.741415413451248
2025-02-19,-35.18183663847164,196.5315112613219,153.04038854187746,112.2224800924992,426.61254325722695,96632.03,1.071705746626317,-0.8994038808508353,0.1619162190069856,1.7749497759697253,-12.956625251482343,-6.238407699807203,426.61254325722695,236.9580625791756,66598.28054147711,1,1.7749497759697253,-12.956625251482343,1,270.8500061035156,0.0554096378723611,1.071705746626317,1.7749497759697253,-12.956625251482343,1.2939867854180331,1,-0.119396845869838,44,0,0,1.2939867854180331,0,0,0,1.7749497759697253,-12.956625251482345,-6.238407699807203
2025-02-20,-14.386084442216983,223.42147325365207,107.11703485357076,22.4184622524073,338.57088591741314,98347.2,1.7749497759697253,0.768733118067022,0.926466690085137,-2.226977483853121,-13.952618884930123,-8.566944458001846,338.57088591741314,299.4976857783505,66936.85142739453,1,-2.226977483853121,-13.952618884930123,0,270.989990234375,0.0516832666438649,1.7749497759697253,-2.226977483853121,-13.952618884930123,1.2403245190320655,1,-0.0958195191352184,49,0,0,1.2403245190320655,0,0,0,-2.226977483853121,-13.952618884930123,-8.566944458001846
2025-02-21,-28.56423550755453,355.0500492814077,60.4835436741719,-25.908625682389896,361.0607317656352,96157.03,-2.226977483853121,0.0386496529125812,0.3998472237999984,-4.831898406179969,-12.333263620974988,-9.77572830608433,361.0607317656352,327.3167119100349,67297.91215916017,1,-4.831898406179969,-12.333263620974988,0,270.739990234375,-0.0922543300524769,-2.226977483853121,-4.831898406179969,-12.333263620974988,0.1590739076115843,1,-0.0591102810410774,55,0,0,0.15907390761160656,0,0,0,-4.831898406179969,-12.333263620974988,-9.77572830608433
2025-02-24,-33.31773077191137,100.16459592612092,166.29232853062013,41.41987334359668,274.55906702842634,91510.82,-4.939605871149899,-5.299702386465432,-6.15144053837885,-3.198616294772572,-5.845997227431687,-14.168936525757282,274.55906702842634,329.3821951308781,67572.4712261886,1,-3.198616294772572,-5.845997227431687,0,272.2099914550781,0.5429568123388684,-4.831898406179969,-3.198616294772572,-5.845997227431687,2.2231336964178894,1,-0.0667558754837766,49,0,0,2.2231336964178894,0,0,0,-3.1986162947725716,-5.845997227431687,-14.168936525757282
2025-02-25,38.69423844791972,298.4322398476584,55.77140307986646,83.02878904995714,475.92667042540165,88583.74,-3.198616294772572,-9.927542421136536,-9.235125609470952,-5.048285385105666,-1.505671356842686,-6.3998539686854645,475.92667042540165,375.34597967882064,68048.397896614,1,-5.048285385105666,-1.505671356842686,0,268.6199951171875,-1.3188334192659743,-3.198616294772572,-5.048285385105666,-1.505671356842686,-0.7683845570915393,0,0.033616422140471,25,0,0,-0.7683845570915393,1,0,0,-5.048285385105666,-1.505671356842686,-6.3998539686854645
2025-02-26,14.1274827627902,178.6011155774491,109.68381488037228,108.75042362661782,411.1628368472294,84111.78,-5.048285385105666,-12.526645217723551,-12.492837069709209,0.6103901260917421,7.718241131028258,-0.5377962516070922,411.1628368472294,372.2560383968212,68459.56073346123,1,0.6103901260917421,7.718241131028258,1,269.0299987792969,0.1526333368930821,-5.048285385105666,0.6103901260917421,7.718241131028258,-0.6719613377166311,0,0.0456736828490617,21,0,0,-0.6719613377166311,1,0,0,0.6103901260917421,7.718241131028258,-0.5377962516070922
2025-02-27,-38.30723070241541,195.0536290347567,91.97170321625968,13.113512166427498,261.8316137150285,84625.19,0.6103901260917421,-12.380065792716078,-11.647943555038642,-0.3869533409614822,6.258963790805083,-4.197048183880014,261.8316137150285,356.90818395634426,68721.39234717625,1,-0.3869533409614822,6.258963790805083,0,264.92999267578125,-1.5239958822878874,0.6103901260917421,-0.3869533409614822,6.258963790805083,-2.236244059550896,0,0.0018116897436751,10,0,0,-2.236244059550896,1,1,0,-0.38695334096148226,6.258963790805083,-4.197048183880014
2025-02-28,41.378766251775154,267.4819492166604,132.06965157595192,64.90097669709564,505.8313437414831,84297.73,-0.3869533409614822,-12.432481339721468,-11.829283088965914,2.210462844017292,2.917338343511733,-0.3763327909304226,505.8313437414831,385.8623063515138,69227.22369091773,1,2.210462844017292,2.917338343511733,1,263.2699890136719,-0.6265820058134697,-0.3869533409614822,2.2104628440172918,2.917338343511733,-2.7591052264707816,0,-0.043999658792977,16,0,1,-2.7591052264707816,1,1,0,2.2104628440172913,2.917338343511733,-0.3763327909304226
2025-03-03,11.823271579304407,87.72779784377013,142.4604478690741,36.0406862965984,278.05220358874703,86161.1,-8.597399599514045,2.4364244818026792,-10.395422986754054,1.263748953994326,-8.839708406693969,-2.4949774318108853,278.05220358874703,386.56093366357794,69505.27589450647,1,1.263748953994326,-8.839708406693969,1,266.739990234375,1.3180390342641513,2.2104628440172918,1.263748953994326,-8.839708406693969,-2.0094784880832828,0,0.0104768396612766,33,0,0,-2.0094784880832828,1,0,0,1.2637489539943259,-8.839708406693969,-2.4949774318108853
2025-03-04,37.15994070321405,238.24097461840503,81.28016596263066,46.82154937087593,403.5026306551257,87249.96,1.263748953994326,3.1016414852362617,-9.662409564006246,3.843864226413385,-4.968999412721809,-5.216277463049856,403.5026306551257,372.0761257095228,69908.7785251616,1,3.843864226413385,-4.968999412721809,1,269.0599975585937,0.8697635934455272,1.263748953994326,3.843864226413385,-4.968999412721809,0.1638010756475072,1,0.0979011483922964,15,0,0,0.16380107564748503,0,1,0,3.843864226413385,-4.968999412721809,-5.216277463049856
2025-03-05,28.055848514942006,216.6452208213056,49.863285186152666,129.33030041051103,423.8946549329113,90603.73,3.843864226413385,7.480628481929474,-5.881880597901768,-0.7525959472087895,-7.664474740719839,-4.11215962080147,423.8946549329113,374.6224893266592,70332.67318009451,1,-0.7525959472087895,-7.664474740719839,0,269.6199951171875,0.2081311096688853,3.843864226413385,-0.7525959472087895,-7.664474740719839,0.2193050368240356,1,0.0344844886252662,20,0,0,0.21930503682403568,0,1,0,-0.7525959472087895,-7.6644747407198395,-4.11215962080147
2025-03-06,-44.81872404564635,249.2451264008149,98.39888571756464,4.9108901481454055,307.7361782208786,89921.85,-0.7525959472087895,4.537486938895663,-1.7363739063861572,-3.5195783894570787,-9.840122283961028,-6.381574667336142,307.7361782208786,383.8034022278292,70640.40935831539,1,-3.5195783894570787,-9.840122283961028,0,268.25,-0.5081207410422395,-0.7525959472087895,-3.5195783894570787,-9.840122283961028,1.2531640116269394,1,0.0490282866092511,25,0,0,1.2531640116269394,0,0,0,-3.5195783894570787,-9.840122283961028,-6.381574667336142
2025-03-07,-31.32234127533028,228.91686439078185,52.89138520991576,57.6121898448372,308.0980981702045,86756.98,-3.5195783894570787,-7.965270001277247,-2.062184324120897,-9.46583202873128,-3.200307341265207,-3.106401352375321,308.0980981702045,344.25675311357344,70948.50745648559,1,-9.46583202873128,-3.200307341265207,0,268.3900146484375,0.0521955818965524,-3.5195783894570787,-9.46583202873128,-3.200307341265207,1.944781345548563,1,0.0591103591209596,34,0,0,1.944781345548563,0,0,0,-9.465832028731281,-3.200307341265207,-3.106401352375321
2025-03-10,34.106154845308154,445.5300139910894,160.53548990106492,64.030795152963,704.2024538904254,78544.71,-2.66974245212186,-13.309628643324055,-6.824644032526129,5.563455514699833,6.959972224736699,11.43159100084523,704.2024538904254,429.4868031739092,71652.70991037601,1,5.563455514699833,6.959972224736699,1,266.0400085449219,-0.8755937163287819,-9.46583202873128,5.563455514699833,6.959972224736699,-0.2624209773862795,0,0.1650872273934778,20,0,1,-0.26242097738627956,1,1,0,5.563455514699833,6.959972224736699,11.43159100084523
2025-03-11,27.31384654854505,136.2260015748684,85.4614132433095,82.57358974818041,331.57485111490337,82914.51,5.563455514699833,-7.7926999944952335,-3.608805800037107,0.8984193478318803,-0.2602077730423757,5.443401884664101,331.57485111490337,415.1012472658648,71984.28476149091,1,0.8984193478318803,-0.2602077730423757,1,269.1600036621094,1.1727541035094546,5.563455514699833,0.8984193478318803,-0.2602077730423757,0.0371687000754628,1,0.2083006209927899,24,0,0,0.037168700075485006,0,0,0,0.8984193478318803,-0.26020777304237575,5.443401884664101
2025-03-12,-4.196777939416048,146.90030449981822,65.38713794751565,52.939494604126864,261.0301591120447,83659.43,0.8984193478318803,-3.5703755478809884,-11.251255496709934,-3.0911040154110503,3.8471813637745536,3.904616610464595,261.0301591120447,382.52834810169134,72245.31492060296,1,-3.0911040154110503,3.8471813637745536,0,270.3299865722656,0.4346793335703092,0.8984193478318803,-3.0911040154110503,3.8471813637745536,0.2633304161175243,1,0.215086803979931,34,0,0,0.2633304161175243,0,0,0,-3.0911040154110503,3.8471813637745544,3.904616610464595
2025-03-13,2.766763914150601,137.68594735752356,87.38721223459633,59.24151618512307,287.0814396913936,81073.43,-3.0911040154110503,-5.95459586721171,-5.90483408405883,3.585712359770654,3.836016312619317,7.578376787561591,287.0814396913936,378.3974003957943,72532.39636029435,1,3.585712359770654,3.836016312619317,1,275.1300048828125,1.7756144523255468,-3.0911040154110503,3.585712359770654,3.836016312619317,2.5647734884669093,1,0.1842861230612964,45,0,0,2.5647734884669093,0,0,0,3.585712359770654,3.836016312619317,7.5783767875615915
2025-03-14,60.83487150666343,144.45228808397454,26.11494841881214,38.25054297734627,269.6526509867964,83980.49,3.585712359770654,4.066113691132145,-3.747245270943389,0.0368061677182174,0.0970106271111381,0.4778609889035001,269.6526509867964,370.7083109591128,72802.04901128115,1,0.0368061677182174,0.0970106271111381,1,275.239990234375,0.0399757749465878,3.585712359770654,0.0368061677182174,0.0970106271111381,2.5522468095209305,1,0.1458081428156217,27,0,0,2.5522468095209305,0,0,0,0.03680616771821743,0.09701062711113817,0.47786098890350015
2025-03-17,-32.57655754597631,136.26128726934823,41.13543845957394,58.07380823735322,202.8939764202991,84011.4,1.754826672667753,0.4207176644641208,-3.164679084034505,-1.56245461925405,4.180646912204766,-1.7581899599339978,202.8939764202991,270.4466154650875,73004.94298770145,1,-1.56245461925405,4.180646912204766,0,276.7300109863281,0.5413532934237963,0.0368061677182174,-1.56245461925405,4.180646912204766,4.0181935415932735,1,0.148300950821621,32,0,0,4.0181935415932735,0,0,0,-1.56245461925405,4.180646912204766,-1.7581899599339978
2025-03-18,24.40643333913935,318.9016531107552,128.01655631777703,39.70423173507768,511.0288745027493,82698.76,-1.56245461925405,2.004762842771046,-4.0692085498236885,5.053521963328111,5.718489612178002,2.988690519664372,511.0288745027493,306.3374201426567,73515.9718622042,1,5.053521963328111,5.718489612178002,1,279.9599914550781,1.1671955843306048,-1.56245461925405,5.053521963328111,5.718489612178002,4.012478691494792,1,0.1356787136734048,34,0,1,4.012478691494792,0,0,0,5.053521963328111,5.718489612178002,2.988690519664372
2025-03-19,-13.009334985115771,342.0504247989855,53.72422884114417,68.64715669568153,451.4124753506954,86877.96,5.053521963328111,3.450170390765761,7.656571932524225,-3.1015231020617984,0.0553074680851084,-5.050625037696566,451.4124753506954,344.4138833903868,73967.38433755489,1,-3.1015231020617984,0.0553074680851084,0,281.1099853515625,0.4107707999658538,5.053521963328111,-3.1015231020617984,0.0553074680851084,3.987718460680334,1,0.1724373500205816,32,0,0,3.987718460680334,0,0,0,-3.1015231020617984,0.05530746808510845,-5.050625037696566
2025-03-20,-13.735834660364716,142.92537062505238,38.123560692722414,38.91168991869098,206.22478657610105,84183.42,-3.1015231020617984,-0.1992140977761458,7.178981245204152,-0.1442801919902869,3.60410636678814,-1.198680215177761,206.22478657610105,328.2425527673283,74173.60912413099,1,-0.1442801919902869,3.60410636678814,0,280.75,-0.1280585430333602,-3.1015231020617984,-0.1442801919902869,3.60410636678814,2.0426689264885,1,0.1861565347000247,49,0,0,2.0426689264885,0,0,0,-0.14428019199028697,3.60410636678814,-1.198680215177761
2025-03-21,52.13420378685292,116.76444268957712,101.46611010109145,61.31301181706559,331.6777683945871,84061.96,-0.1442801919902869,1.816065076462614,1.3838952916685132,4.117986304387844,0.3804812545412872,-0.2426424508779057,331.6777683945871,340.6475762488864,74505.28689252558,1,4.117986304387844,0.3804812545412872,1,278.489990234375,-0.8049901213267985,-0.1442801919902869,4.117986304387844,0.3804812545412872,1.180787718104681,1,0.1816502186474794,31,0,0,1.180787718104681,0,0,0,4.117986304387844,0.38048125454128723,-0.2426424508779057
2025-03-24,38.51253523902111,247.1415556386404,127.42816618651987,49.12211558945065,462.204372653632,87523.62,1.6617855076153765,0.7431804337947101,4.218991815837203,-0.1093876144519501,-5.700518328652294,-9.578682874405786,462.204372653632,392.509655495553,74967.49126517921,1,-0.1093876144519501,-5.700518328652294,0,277.25,-0.4452548665506595,4.117986304387844,-0.1093876144519501,-5.700518328652294,0.1879048144501904,1,0.1422122908270472,45,0,0,0.18790481445019047,0,0,0,-0.10938761445195011,-5.700518328652294,-9.578682874405786
2025-03-25,37.96278998453882,144.77769557190288,108.75813242660269,83.78150752316505,375.2801255062094,87427.88,-0.1093876144519501,3.8540368162756966,3.6471449338280495,-0.574038853509895,-2.5821397018891523,-12.78338214308754,375.2801255062094,365.359905696245,75342.77139068542,1,-0.574038853509895,-2.5821397018891523,0,278.4700012207031,0.4400365088198743,-0.1093876144519501,-0.574038853509895,-2.5821397018891523,-0.5322154164353443,0,0.127440176766743,46,0,0,-0.5322154164353443,1,0,0,-0.574038853509895,-2.5821397018891523,-12.78338214308754
2025-03-26,62.60608539416345,263.2931817755511,119.84190743223266,48.45818829234541,494.1993628942927,86926.01,-0.574038853509895,3.407070213447305,5.285009902186899,0.3353081546018321,-5.10311010478911,-4.982697353760967,494.1993628942927,373.9172832049645,75836.9707535797,1,0.3353081546018321,-5.10311010478911,1,278.239990234375,-0.0825981201996062,-0.574038853509895,0.3353081546018321,-5.10311010478911,-1.020950968212042,0,0.1204945615846559,47,0,1,-1.0209509682120421,1,0,0,0.33530815460183216,-5.10311010478911,-4.982697353760967
2025-03-27,-1.5735671179527395,220.29230208513,49.72819645722157,-3.190974046206442,265.2559573781924,87217.48,0.3353081546018321,4.013558169074738,3.8162439859352526,-3.251274859122266,-4.6357106396561765,-8.788536426413607,265.2559573781924,385.7235173653828,76102.2267109579,1,-3.251274859122266,-4.6357106396561765,0,281.9700012207031,1.3405732882559862,0.3353081546018321,-3.251274859122266,-4.6357106396561765,0.4345507464659448,1,0.1284249255468842,40,0,0,0.4345507464659448,0,0,0,-3.251274859122266,-4.6357106396561765,-8.788536426413607
2025-03-28,31.51725629024889,48.4255885002768,23.12757333032625,87.85764502141976,190.9280631422717,84381.8,-3.251274859122266,-1.9875497340432369,2.035145387911519,-2.1894294741283016,-0.6207618230471446,-1.1866658450044976,190.9280631422717,357.5735763149197,76293.15477410017,1,-2.1894294741283016,-0.6207618230471446,0,284.0599975585937,0.7412123023167849,-3.251274859122266,-2.1894294741283016,-0.6207618230471446,2.000074515974904,1,0.1169686183508258,44,0,0,2.000074515974881,0,0,0,-2.1894294741283016,-0.6207618230471446,-1.1866658450044976
2025-03-31,-18.0510799713047,354.75052013300615,140.05334607821948,22.828030974121432,499.5808172140423,82534.32,0.1873513443436225,-5.052216246897778,-1.8172785883174725,3.193883465690384,-4.112604308122991,2.4911333854813256,499.5808172140423,365.0488652270017,76792.73559131421,1,3.193883465690384,-4.112604308122991,1,288.1400146484375,1.4363222998346137,-2.1894294741283016,3.193883465690384,-4.112604308122991,3.927868223061326,1,0.1231904841467222,34,0,1,3.927868223061326,0,0,0,3.1938834656903836,-4.112604308122991,2.4911333854813256
2025-04-01,13.712520670966995,379.5877673095522,67.09280644631457,30.38700984053541,490.7801042673692,85170.37,3.193883465690384,-2.347132707801236,1.5722219247405134,-3.1469747049355234,-10.47163467764669,-1.808833283218092,490.7801042673692,388.1488609792337,77283.51569558158,1,-3.1469747049355234,-10.47163467764669,0,287.57000732421875,-0.197823035760658,3.193883465690384,-3.1469747049355234,-10.47163467764669,3.267858679076663,1,0.1346008325930608,34,0,1,3.267858679076663,0,0,0,-3.1469747049355234,-10.47163467764669,-1.808833283218092
2025-04-02,-8.96169777664229,138.72113095156138,69.96667934179811,32.13016117869523,231.85627369541243,82490.08,-3.1469747049355234,-2.241857841382855,-4.184849535862057,0.8294936797248909,0.1268879845915949,1.8652424630937408,231.85627369541243,335.6802431394577,77515.371969277,1,0.8294936797248909,0.1268879845915949,1,288.1600036621094,0.205166158800929,-3.1469747049355234,0.8294936797248909,0.1268879845915949,3.56527234614199,1,0.1364737487735704,44,0,0,3.56527234614199,0,0,0,0.8294936797248909,0.1268879845915949,1.8652424630937414
2025-04-03,2.4358232527201884,161.22984400640158,133.1277656739623,91.23314279512452,388.0265757282086,83174.33,0.8294936797248909,0.6748019743676892,-4.969275722370703,0.8219603331941494,-4.35469693594166,2.1492688910148106,388.0265757282086,360.23436680946094,77903.3985450052,1,0.8219603331941494,-4.35469693594166,1,286.4200134277344,-0.6038278082531101,0.8294936797248909,0.8219603331941494,-4.35469693594166,1.5781863984701383,1,0.125987420186894,25,0,0,1.5781863984701383,0,0,0,0.8219603331941494,-4.35469693594166,2.1492688910148106
2025-04-04,27.38377577213994,228.5865390724905,102.2492003760264,-14.070226419360864,344.14928880129594,83857.99,0.8219603331941494,1.794137362014414,-4.083239808628547,-5.626154406992123,-0.5694388811370299,0.7256076612377704,344.14928880129594,390.8786119412657,78247.5478338065,1,-5.626154406992123,-0.5694388811370299,0,279.7200012207031,-2.339226273628292,0.8219603331941494,-5.626154406992123,-0.5694388811370299,-1.5278449535983674,0,0.0710127375430358,28,0,0,-1.5278449535983452,1,0,0,-5.626154406992123,-0.5694388811370299,4.369386864626734
2025-04-07,-43.24586964485151,233.4456789987025,98.23551088326433,144.1324560097998,432.5677762469151,79140.01,0.98156518854291,-4.061179235127432,-6.211991211374979,-3.6496962787848974,6.8869715836528345,10.591431565399102,432.5677762469151,377.4760037478403,78680.11561005341,1,-3.6496962787848974,6.8869715836528345,0,273.7099914550781,-2.148580630415131,-5.626154406992123,-3.6496962787848974,6.8869715836528345,-5.007990025601128,0,0.2000366909822323,23,0,0,-5.007990025601128,1,0,0,-3.6496962787848974,6.8869715836528345,18.13127140115349
2025-04-08,100.0,265.85442726728303,166.60009379604335,81.68170427198156,614.1362253353079,76251.64,-3.6496962787848974,-8.32310882456162,-7.704471352870845,8.318653867641412,9.676041066133134,22.60601870333543,614.1362253353079,402.147227961428,79294.25183538873,1,8.318653867641412,9.676041066133134,1,275.20001220703125,0.5443793790763651,-3.6496962787848974,8.318653867641412,9.676041066133134,-4.301559551459421,0,0.1502537807470652,24,0,1,-4.301559551459421,1,0,0,8.318653867641412,9.676041066133134,22.936267337987747
2025-04-09,-52.55915954629143,401.020453876635,54.25927078479428,56.69716742387479,459.4177325390126,82594.75,8.318653867641412,-1.5064038620529852,0.2607065454495183,-3.683539208000508,1.736151510840589,13.495010276076869,459.4177325390126,447.6595197301481,79753.66956792775,1,-3.683539208000508,1.736151510840589,0,285.3800048828125,3.6991250814781607,8.318653867641412,-3.683539208000508,1.736151510840589,-0.9647413742250754,0,0.3573411557903896,18,0,0,-0.9647413742250754,1,1,0,-3.683539208000508,1.736151510840589,13.835274033761236
2025-04-10,-62.93039485235376,182.30527725059503,117.11360512324949,48.35317998151141,284.8416675030022,79552.34,-3.683539208000508,-4.725739761012959,-3.613018196551454,4.812089751225424,6.800089098573348,18.18880500561016,284.8416675030022,427.0225380851068,80038.51123543075,1,4.812089751225424,6.800089098573348,1,292.3500061035156,2.44235794430141,-3.683539208000508,4.812089751225424,6.800089098573348,2.0703834919962416,1,0.2946753222454709,39,0,0,2.0703834919962416,0,0,0,4.8120897512254235,6.8000890985733475,19.052173700987307
2025-04-11,55.72128877159081,120.17027554615464,82.28052499588338,58.5666222457297,316.73871155935853,83380.47,4.812089751225424,6.392333874564171,-2.101552453042055,1.4510472296450194,1.3024632746733156,13.586299045807726,316.73871155935853,421.54042263671937,80355.24994699011,1,1.4510472296450194,1.3024632746733156,1,297.92999267578125,1.9086664805096245,4.812089751225424,1.4510472296450194,4.967110403671282,6.510078426858779,1,0.3339970142289059,25,0,0,6.510078426858779,0,0,0,1.4510472296450194,4.967110403671282,13.986608614703178
2025-04-14,37.43498235277063,62.068077198547286,90.74369115453028,65.63367285138015,255.8804235572283,84590.36,1.0238368185950808,2.416146304698552,0.8733455213987273,-1.1355667477949027,3.465773168479247,12.356266127724249,255.8804235572283,386.202952098782,80611.13037054734,1,-1.1355667477949027,3.465773168479247,0,296.2300109863281,-0.5705977012200658,1.4510472296450194,-1.1355667477949027,10.519803911462256,8.22769362986373,1,0.3098899884413539,31,0,0,8.22769362986373,0,0,0,-1.1355667477949027,10.519803911462255,11.444247311395772
2025-04-15,29.09334434247033,126.9069960058081,141.13873705650127,69.35646757850171,366.49554498328143,83629.78,-1.1355667477949027,5.125480909801028,0.1575242594904713,0.4770310288990442,11.789245409948478,12.72430705904044,366.49554498328143,336.67481602837665,80977.62591553062,1,0.4770310288990442,11.789245409948478,1,297.7799987792969,0.5232379352138938,-1.1355667477949027,0.4770310288990442,12.090358243199972,8.204936617255253,1,0.3045651118301367,38,0,0,8.204936617255253,0,0,0,0.47703102889904425,12.090358243199972,12.618423724180538
2025-04-16,29.33954792847798,196.6873027126203,100.31343025158496,66.66813398010345,393.00841487278666,84028.72,0.4770310288990442,0.7774602373913142,7.219491966071523,1.1106321743327818,11.558191056581602,12.083749460898607,393.00841487278666,323.39295249513145,81370.63433040341,1,1.1106321743327818,11.558191056581602,1,307.4700012207031,3.25408102664011,0.4770310288990442,1.1106321743327818,11.892648132686068,7.740555035368213,1,0.3023005679560192,29,0,0,7.740555035368213,0,0,0,1.1106321743327818,11.892648132686068,14.871415392261111
2025-04-17,-2.6557243615777644,379.4557863517788,101.53184316198532,52.687420437657465,531.0193255898438,84961.97,1.1106321743327818,-0.3624209447032345,7.356531797254018,-0.5832021079548833,10.663582777094271,13.609630285173456,531.0193255898438,372.6284841124998,81901.65365599326,1,-0.5832021079548833,10.663582777094271,0,306.1199951171875,-0.4390692094044635,1.1106321743327818,3.0132305077201105,11.471979757531514,4.710103891291251,1,0.290522434502461,30,0,1,4.710103891291251,0,0,0,3.0132305077201105,11.471979757531514,14.08611405785436
2025-04-21,1.8138323425500904,222.37879516388983,65.40189081828458,45.46180149039465,335.05631981511914,87522.07,2.7527626479061373,4.15732858955844,4.967110403671282,6.817743227508211,8.592689820978872,8.240115893054178,335.05631981511914,378.7852572284567,82505.05665668963,1,6.817743227508211,8.592689820978872,1,315.5899963378906,3.093558529908469,3.0132305077201105,6.817743227508211,8.592689820978872,5.927568253031734,1,0.3159111447072183,39,0,0,5.927568253031734,0,0,0,6.817743227508211,8.592689820978872,8.240115893054178
2025-04-22,-35.80181419734365,198.3577103927248,46.43161330643974,44.152751589419566,253.1402610912405,93489.1,6.817743227508211,10.036408054097624,9.637613064510454,0.2693576042554602,0.8364504525126382,3.583380308506534,253.1402610912405,356.11420045004854,82758.19691778086,1,0.2693576042554602,0.8364504525126382,1,311.1099853515625,-1.4195668551963636,6.817743227508211,0.2693576042554602,0.8364504525126382,5.023115084015273,1,0.1510658225549868,47,0,0,5.023115084015273,0,0,0,0.2693576042554602,0.8364504525126382,3.583380308506534
2025-04-23,46.844385057432135,318.8393273448084,38.207632239158656,84.01310290601194,487.9044475474111,93740.92,0.2693576042554602,10.980037404191268,11.9520877474097,0.2998050371171956,0.4711069616129215,3.538902754528128,487.9044475474111,375.0934069849733,83246.10136532827,1,0.2998050371171956,0.4711069616129215,1,303.6499938964844,-2.3978630729734163,0.2693576042554602,0.2998050371171956,0.4711069616129215,1.9712523142086933,1,0.129460787646667,72,0,1,1.9712523142086935,0,0,0,0.29980503711719564,0.47110696161292154,3.538902754528128
2025-04-24,-9.232874693019689,452.6932425873622,1.3457364249599235,67.80670166842586,512.6128059877283,94021.96,0.2998050371171956,10.516568970504723,11.14973384674094,0.7304995556357108,2.662165306913389,9.818482831032238,512.6128059877283,371.4121030645503,83758.714171316,1,0.7304995556357108,2.662165306913389,1,308.07000732421875,1.4556277018207942,0.2998050371171956,0.7304995556357108,2.662165306913389,0.195142973666873,1,0.1274512160482624,63,0,1,0.19514297366687305,0,0,0,0.7304995556357108,2.662165306913389,9.818482831032238
2025-04-25,-43.12379169786704,146.91312270796794,162.2482851976129,-38.211659039928406,227.82595716778536,94708.79,0.7304995556357108,11.190124040032234,13.24768521452524,0.3524276891300415,2.345104398440734,8.740656490279331,227.82595716778536,363.3079583218569,83986.54012848379,1,0.3524276891300415,2.345104398440734,1,304.7300109863281,-1.084167967826721,0.7304995556357108,0.3524276891300415,2.345104398440734,-0.4540651225109493,0,0.1613537304960487,60,0,0,-0.4540651225109493,1,0,0,0.3524276891300415,2.345104398440734,8.740656490279331
2025-04-28,-17.88766378529151,151.05605574817778,35.87166537113268,69.67702329589284,238.71708062991172,95042.57,1.345694529261232,1.3885611534429243,12.5210630916623,-0.8117204743095741,-0.3246755638026233,8.162279281799734,238.71708062991172,344.04011048481544,84225.2572091137,1,-0.8117204743095741,-0.3246755638026233,0,309.07000732421875,1.424210344049559,0.3524276891300415,-0.8117204743095741,-0.3246755638026233,-2.065968214876868,0,0.168657911121575,54,0,0,-2.0659682148768677,1,0,0,-0.8117204743095741,-0.3246755638026233,8.162279281799734
2025-04-29,18.85825605179596,304.4160877069072,71.14985505656912,55.84208584156325,450.26628465683547,94271.09,-0.8117204743095741,0.2649700133883437,10.809404738102211,-0.0939312359706456,2.7241437433257687,10.459166219463455,450.26628465683547,383.4653151979344,84675.52349377054,1,-0.0939312359706456,2.7241437433257687,0,306.0599975585937,-0.9738925467677184,-0.8117204743095741,-0.0939312359706456,2.7241437433257687,-1.6232162356544566,0,0.1781702112533078,60,0,0,-1.6232162356544677,1,0,0,-0.09393123597064568,2.7241437433257687,10.459166219463455
2025-04-30,-29.944986027654803,268.1891489626311,68.92746800444317,49.43873730662308,356.6103682460426,94182.54,-0.0939312359706456,-0.5556506423532559,10.572295401570408,2.4871276565698874,3.053410961309821,9.941163192243495,356.6103682460426,357.2064993376607,85032.13386201658,1,2.4871276565698874,3.053410961309821,1,303.7699890136719,-0.7482221012837353,-0.0939312359706456,2.4871276565698874,3.053410961309821,0.03951757602485,1,0.1945318965037314,56,0,0,0.039517576024850065,0,0,0,2.4871276565698874,3.0534109613098215,9.941163192243497
2025-05-01,-42.84070844655395,384.67073257360335,92.29626791236404,38.34444640733342,472.4707384467469,96524.98,2.4871276565698874,1.9630357642354213,10.286445464555394,0.4194043863049668,6.970744775083104,7.522871281610199,472.4707384467469,349.17808582946446,85504.60460046332,1,0.4194043863049668,6.970744775083104,1,297.4599914550781,-2.077228754256477,2.4871276565698874,0.4194043863049668,6.970744775083104,-3.4440275316949154,0,0.1559965934486439,53,0,0,-3.4440275316949154,1,0,0,0.4194043863049668,6.970744775083104,7.5228712816101995
2025-05-02,10.48326114539034,258.3928185325964,112.62948850157188,83.7233815995804,465.228949779139,96929.81,0.4194043863049668,3.358094325935524,3.680332787458629,-2.2653712000467063,6.249006368629018,6.778327534119799,465.228949779139,396.6586843517352,85969.83355024246,1,-2.2653712000467063,6.249006368629018,0,297.9800109863281,0.1748199913226056,0.4194043863049668,-2.2653712000467063,6.249006368629018,-2.215075560871771,0,0.151525161953109,67,0,0,-2.215075560871771,1,0,0,-2.2653712000467063,6.249006368629018,6.778327534119799
2025-05-05,10.575345826700502,164.07079092129405,114.4189395343898,78.42579386368574,367.4908701460701,94733.99,0.4894744016153085,0.5855119218487914,0.0266078787407364,2.2222013450504896,8.514599670086742,11.48710193669662,367.4908701460701,422.41344225496687,86337.32442038853,1,2.2222013450504896,8.514599670086742,1,306.8800048828125,2.9867754776654154,-2.2653712000467063,2.2222013450504896,8.514599670086742,-0.708578118066594,0,0.0903976770069505,52,0,0,-0.708578118066594,1,0,0,2.2222013450504896,8.514599670086742,11.48710193669662
2025-05-06,-26.992489525004583,259.06548306923094,56.67690245724246,26.813669965291727,315.56356596676056,96839.17,2.2222013450504896,0.3255012329450801,2.294926702796252,0.2263030548485867,7.529897251287876,10.371908392027729,315.56356596676056,395.4728985169519,86652.88798635529,1,0.2263030548485867,7.529897251287876,1,315.4800109863281,2.802400275899264,2.2222013450504896,0.2263030548485867,7.529897251287876,3.077832288726645,1,0.1382667534695835,59,0,0,3.0778322887266674,0,0,0,0.2263030548485867,7.529897251287876,10.371908392027729
2025-05-07,-25.170051111977564,310.8703580582908,73.31513144854354,62.211568613736056,421.2270070085928,97058.32,0.2263030548485867,0.1325804724057633,3.4951269756624326,6.382935538138312,6.683672249839057,13.024354841501465,421.2270070085928,408.39622626946186,87074.11499336388,1,6.382935538138312,6.683672249839057,1,310.75,-1.4993060801348546,0.2263030548485867,6.382935538138312,6.683672249839057,2.2977947917079966,1,0.1376226400003539,67,0,0,2.2977947917079966,0,0,0,6.382935538138312,6.683672249839057,13.024354841501463
2025-05-08,10.01110646962698,282.0482181197364,91.303198019532,20.85029796376142,404.2128205726568,103253.49,6.382935538138312,7.711305486790132,8.639202412140158,-0.2581317106085223,0.5161472023851088,8.202182802731418,404.2128205726568,394.7446426946439,87478.32781393654,1,-0.2581317106085223,0.5161472023851088,0,304.6300048828125,-1.96942722998793,6.382935538138312,-0.2581317106085223,0.5161472023851088,2.4104127054737745,1,0.0434014832256667,65,0,0,2.4104127054737745,0,0,0,-0.25813171060852236,0.5161472023851088,8.202182802731418
2025-05-09,-73.96930410343566,250.72740311072977,70.05235495265812,8.611455056332083,255.4219090162843,102986.96,-0.2581317106085223,9.243846697686651,9.245538584522572,-0.1813336368021723,0.4981892853231029,4.216698890811021,255.4219090162843,352.78323454207293,87733.74972295282,1,-0.1813336368021723,0.4981892853231029,0,306.8399963378906,0.7254674259445482,-0.2581317106085223,-0.1813336368021723,0.4981892853231029,2.973348890831806,1,0.0431017626978512,73,0,0,2.973348890831806,0,0,0,-0.1813336368021723,0.4981892853231029,4.2166988908110214
2025-05-12,-71.91240713417231,306.6674689589154,144.2938230407997,31.19848326230105,410.2473681278438,102800.21,-1.2842717165996165,5.915917357728828,6.056341181314617,1.2945985227072798,2.739264832241095,6.482584033631844,410.2473681278438,361.3345341384277,88143.99709108067,1,1.2945985227072798,2.739264832241095,1,298.19000244140625,-2.819056837348888,-0.1813336368021723,1.2945985227072798,2.739264832241095,-2.831726506497112,0,0.0683861246228691,70,0,0,-2.831726506497112,1,0,0,1.2945985227072798,2.739264832241095,6.009958539967952
2025-05-13,-37.4359884353097,316.92955904456727,99.63899806553005,75.87180417148276,455.0043728462704,104131.06,1.2945985227072798,0.8499180027716102,8.626763263142712,-0.5624450572192297,2.6429962395466022,4.655095223269612,455.0043728462704,389.2226955143297,88599.00146392695,1,-0.5624450572192297,2.6429962395466022,0,299.4599914550781,0.4258992599597277,1.2945985227072798,-0.5624450572192297,2.6429962395466022,-5.077982431015016,0,0.0930003039579642,70,0,0,-5.077982431015016,1,0,0,-0.5624450572192297,2.6429962395466022,3.5419115103601184
2025-05-14,-12.161114419072009,338.2158991037527,109.3951114419927,78.5937513612826,514.0436474879559,103545.38,-0.5624450572192297,0.5422239864153688,9.836193038164344,0.2327964801519755,5.943442382460695,4.127571891667192,514.0436474879559,407.7860236102023,89113.0451114149,1,0.2327964801519755,5.943442382460695,1,293.1600036621094,-2.1037827999516923,-0.5624450572192297,0.2327964801519755,5.943442382460695,-5.660497614767701,0,0.1131356049074423,73,0,1,-5.660497614767701,1,0,0,0.23279648015197552,5.943442382460695,1.9577889423941341
2025-05-15,14.081228432491134,264.87098875896424,106.51525074669652,65.39256260291879,450.8600305410706,103786.43,0.2327964801519755,-0.9871668123592304,9.555641011214645,-0.2759512972938749,7.646568053260916,1.7209860672537047,450.8600305410706,417.115465603885,89563.90514195597,1,-0.2759512972938749,7.646568053260916,0,297.8399963378906,1.5963953531585195,0.2327964801519755,-0.2759512972938749,7.646568053260916,-2.228936229552936,0,0.1129596488518161,70,0,0,-2.228936229552936,1,0,0,-0.2759512972938749,7.646568053260916,0.23782492566706281
2025-05-16,72.32786126843348,183.2881919683145,126.938954299413,71.75287360543992,454.30788114160094,103500.03,-0.2759512972938749,-0.612257126675253,6.878270435403366,2.0445887793462347,3.7000762222001216,0.5151979183001254,454.30788114160094,456.8926600289484,90018.21302309757,1,2.0445887793462347,3.7000762222001216,1,294.239990234375,-1.2087047232674286,-0.2759512972938749,2.0445887793462347,3.7000762222001216,-4.106376695963898,0,0.1205900260244432,71,0,0,-4.106376695963898,1,0,0,2.0445887793462347,3.7000762222001216,2.3235838675602416
2025-05-19,41.46683185416862,214.67136864333227,87.24086234814828,65.48534861344875,408.86441145909794,105616.18,-0.8051583934625683,1.9998960842096287,2.552963986896972,1.1996836090834018,3.6435137116301854,0.2734050786536768,408.86441145909794,456.6160686951992,90427.07743455668,1,1.1996836090834018,3.6435137116301854,1,298.0299987792969,1.2880671121226372,2.0445887793462347,1.1996836090834018,3.1834894994308804,-0.0536582919612893,0,0.1318212210481466,74,0,0,-0.05365829196128935,1,0,0,1.1996836090834018,3.1834894994308804,-0.15940739382922509
2025-05-20,-9.389668914905116,320.65089665083565,28.12672208176614,30.75555214331144,370.14350196100816,106883.24,1.1996836090834018,2.9838293888709844,1.9672072030473944,2.6349313512576744,1.9602886289749488,-1.3429794980017395,370.14350196100816,439.6438945181468,90797.22093651768,1,2.6349313512576744,1.9602886289749488,1,303.5799865722656,1.86222454642182,1.1996836090834018,2.6349313512576744,0.875768736052529,1.375808199675821,1,0.0425432834089648,71,0,0,1.375808199675821,0,0,0,2.6349313512576744,0.875768736052529,-1.992697826151224
2025-05-21,-2.320532804518626,118.3064329012764,95.98751807010566,62.95767634021822,274.93109450708164,109699.54,2.6349313512576744,5.989862998107332,5.340932508348084,1.8441189452572004,-1.7139998946212542,-4.508824740741835,274.93109450708164,391.8213839219719,91072.15203102476,1,1.8441189452572004,-1.7139998946212542,1,305.82000732421875,0.7378683875855163,2.6349313512576744,1.8441189452572004,-3.762057707808064,4.318462103957765,1,0.054647803597796,70,0,0,4.318462103957765,0,0,0,1.8441189452572004,-3.762057707808064,-7.410550673229799
2025-05-22,-51.473551121179554,236.8673308872901,53.94572424832684,74.01228575683047,313.3517897712679,111722.53,1.8441189452572004,8.299119037830827,8.679281880844393,-3.931991157020875,-5.504664099533008,-9.087092818252508,313.3517897712679,364.31973576801136,91385.50382079605,1,-3.931991157020875,-5.504664099533008,0,303.1099853515625,-0.8861493387459118,1.8441189452572004,-3.931991157020875,-6.882470348639624,1.7694027257820766,1,-0.1510804234089587,72,0,0,1.7694027257820766,0,0,0,-3.9319911570208754,-6.882470348639624,-6.556009786029726
2025-05-23,-2.250474367166885,160.66611876726392,58.85533273000973,72.62873989440723,289.899717024514,107329.61,-3.931991157020875,0.8040970961214144,3.071657966412711,1.9889292432908376,-3.071240079974213,-2.73141773272072,289.899717024514,331.438102944594,91675.40353782054,1,1.9889292432908376,-3.071240079974213,1,309.75,2.190628804503447,-3.931991157020875,1.5362489437910076,-1.327378344149388,5.271210671693738,1,-0.1446757236445424,78,0,0,5.271210671693738,0,0,0,1.5362489437910076,-1.327378344149388,2.768611569537982
2025-05-27,14.854543135371234,327.84518626072986,129.53132285734543,71.24911541603191,543.4801676694784,108978.46,-0.4438523895274771,-2.456147385849561,5.639133056685042,-1.063668912186877,-3.239759490086392,1.2128818850991374,543.4801676694784,359.5846721910111,92595.14429747274,1,-1.063668912186877,-3.239759490086392,0,304.5,-1.6949152542372836,1.5362489437910076,-1.063668912186877,-3.2397594900863917,2.1709228088459653,1,-0.2229233440158456,74,0,1,2.1709228088459653,0,0,0,-1.063668912186877,-3.2397594900863913,1.2128818850991374
2025-05-28,-42.621752629962685,219.10990680199035,80.85086306944247,60.54344622624749,317.8824634677176,107819.29,-1.063668912186877,0.4562394291752314,1.2640051332979851,-2.083773692073088,-2.8435635218892585,0.7884303448854046,317.8824634677176,368.1749459831384,92913.02676094044,1,-2.083773692073088,-2.8435635218892585,0,303.8099975585937,-0.226601786997127,-1.063668912186877,-2.083773692073088,-2.8435635218892585,0.0757661889787986,1,-0.2114369243873257,71,0,0,0.0757661889787764,0,0,0,-2.0837736920730876,-2.8435635218892585,0.7884303448854046
2025-05-29,24.72794962372544,204.6436548156149,92.35332050395856,82.10450714949283,403.82943209279176,105572.58,-2.083773692073088,-2.0608102435376474,-0.0412815536407262,-1.4580679945493502,-3.7911169737445127,0.1406331075739508,403.82943209279176,386.2704744474431,93316.85619303324,1,-1.4580679945493502,-3.7911169737445127,0,305.6099853515625,0.5924715471621766,-2.083773692073088,-1.4580679945493502,-3.7911169737445127,-0.0686750270179614,0,-0.2131028539731388,74,0,0,-0.06867502701796147,1,0,0,-1.4580679945493502,-3.7911169737445127,0.14063310757395087
2025-05-30,75.41805464670409,64.01438590200809,148.08859778540952,49.2043622225282,336.7254005566499,104033.26,-1.4580679945493502,-4.599248702506076,-2.6664423720688224,1.7991169362567394,0.3505898017614806,2.0045896860292567,336.7254005566499,395.6356111538703,93653.5815935899,1,1.7991169362567394,0.3505898017614806,1,303.6000061035156,-0.6576942326457891,-1.4580679945493502,1.7991169362567394,0.3505898017614806,0.1616643382384097,1,-0.1986548730567977,60,0,0,0.16166433823840975,0,0,0,1.7991169362567394,0.3505898017614806,2.0045896860292567
2025-06-02,-6.63675193003114,274.62535660272204,89.63012717954273,23.543760463168468,381.1624923154021,105904.94,0.1958410920780418,-1.7755171639508904,-1.327378344149388,-0.4316323676685885,4.151090591241524,0.8955578464989511,381.1624923154021,396.615991220408,94034.7440859053,1,-0.4316323676685885,4.151090591241524,0,311.6700134277344,2.6581051258171677,1.7991169362567394,-0.4316323676685885,4.151090591241524,0.6198590565728468,1,-0.164731870879227,64,0,0,0.6198590565728468,0,0,0,-0.4316323676685885,4.151090591241524,0.8955578464989511
2025-06-03,18.90665510170196,264.5484181141076,184.0673245672158,45.10799108168708,512.6303888647124,105447.82,-0.4316323676685885,-0.1181746245095038,-2.1765495132799906,-0.6585626900584618,4.601726237678494,-0.8130846137928693,512.6303888647124,390.4460354594548,94547.37447477,1,-0.6585626900584618,4.601726237678494,0,308.9100036621094,-0.8855551213511115,-0.4316323676685885,-0.6585626900584618,4.601726237678494,1.4482770647321397,1,-0.2330167412394211,64,0,1,1.4482770647321397,0,0,0,-0.6585626900584618,4.601726237678494,-0.8130846137928693
2025-06-04,33.34775459783877,416.325472330546,102.62038582526176,27.65292065580653,579.9465334094531,104753.38,-0.6585626900584618,0.6922017054930452,-3.938883074971644,-3.0387372703391646,3.738294649776441,0.1548589649326803,579.9465334094531,442.8588494478019,95127.32100817948,1,-3.0387372703391646,3.738294649776441,0,310.8999938964844,0.6441974072654677,-0.6585626900584618,-3.0387372703391646,3.738294649776441,2.3336942150902207,1,-0.1872291697837936,62,0,1,2.333694215090243,0,0,0,-3.0387372703391646,3.7382946497764413,0.15485896493268037
2025-06-05,-21.201304641987896,169.22217650469992,9.56948963376729,29.74465175076856,187.33501324724787,101570.2,-3.0387372703391646,-2.939122203293832,-7.211591868473677,2.7840744627853464,4.0866809359438205,3.0537500172294507,187.33501324724787,399.5599656786931,95314.65602142672,1,2.7840744627853464,4.0866809359438205,1,309.3299865722656,-0.504987891618125,-3.0387372703391646,2.7840744627853464,4.0866809359438205,1.2172381136119623,1,-0.1658533835008541,57,0,0,1.2172381136119625,0,0,0,2.7840744627853464,4.0866809359438205,1.7205833994616615
2025-06-06,10.083190230777936,221.9150327663939,110.1336648441813,45.66443987853447,387.7963277198876,104397.99,2.7840744627853464,-1.229872597327819,-4.20309664864048,5.654476681016551,1.648221388170401,-1.0346846716110192,387.7963277198876,409.7741511113406,95702.4523491466,1,5.654476681016551,1.648221388170401,1,305.17999267578125,-1.341607369680231,2.7840744627853464,5.654476681016551,1.648221388170401,0.5204171740783581,1,-0.1971200975189763,45,0,0,0.5204171740783581,0,0,0,5.654476681016551,1.648221388170401,0.9783713268809002
2025-06-09,-0.4732781493163963,224.9383683710755,95.2463353953111,26.22740237000116,345.9388279870714,110301.15,4.2697694556097066,5.296029588734985,6.024890501364655,-0.0008250140637544,-3.125778833674886,-4.425846874669936,345.9388279870714,402.72941824567454,96048.39117713369,1,-0.0008250140637544,-3.125778833674886,0,306.6199951171875,0.4718534884218694,5.654476681016551,-0.0008250140637544,-3.125778833674886,-1.620309331336367,0,-0.1527977291838939,62,0,0,-1.620309331336367,1,0,0,-0.000825014063754459,-3.125778833674886,-3.7716288542775755
2025-06-10,3.799136042672573,357.7453279763474,131.59011016330982,40.76115411082879,533.8957282931586,110300.24,-0.0008250140637544,8.595080053007687,5.40333794348502,-1.478573392043403,-5.176597983830322,-3.770834950132485,533.8957282931586,406.98248613136377,96582.28690542684,1,-1.478573392043403,-5.176597983830322,0,306.7099914550781,0.0293510988597534,-0.0008250140637544,-1.478573392043403,-5.176597983830322,-0.7121854847529141,0,-0.1524716297840907,71,0,1,-0.7121854847529141,1,0,0,-1.478573392043403,-5.176597983830322,-2.6292055212209897
2025-06-11,-39.71723007779217,190.4704467613048,106.92725405079834,-6.808440008613573,250.8720307256974,108669.37,-1.478573392043403,4.09143892521302,2.811246841707593,-2.7131104192469224,-3.4543036368021585,-1.1679003936435728,250.8720307256974,341.16758559461266,96833.15893615254,1,-2.7131104192469224,-3.4543036368021585,0,308.3699951171875,0.5412290790508978,-1.478573392043403,-2.7131104192469224,-3.4543036368021585,-0.813766107740499,0,-0.1750862504030474,72,0,0,-0.813766107740499,1,0,0,-2.7131104192469224,-3.4543036368021585,-1.5089164499619279
2025-06-12,0.1763995039066843,227.90215257703392,74.46176064064905,56.39881122118816,358.9391239427778,105721.05,-2.7131104192469224,0.0966019188589406,-0.1736368482905481,0.3761313380826081,-0.9923756905554804,1.2377762044550211,358.9391239427778,375.4884077337186,97192.09806009532,1,0.3761313380826081,-0.9923756905554804,1,312.20001220703125,1.24202002480438,-2.7131104192469224,0.3761313380826081,-2.273199140568505,0.9278200495751676,1,-0.2079681661460689,71,0,0,0.9278200495751676,0,0,0,0.3761313380826081,-2.273199140568505,1.3169846496984272
2025-06-13,23.868145603239828,260.78965097165394,31.02807054842537,50.03616426086673,365.72203138418587,106118.7,0.3761313380826081,0.3160201315127731,0.6362198858165025,0.6923190728872486,-2.639402857366324,0.9373277282891834,365.72203138418587,371.0735484665783,97557.8200914795,1,0.6923190728872486,-2.639402857366324,1,316.2900085449219,1.3100564311248064,0.3761313380826081,0.6923190728872486,-0.6589884723427586,3.6404797613792894,1,-0.1703375346258076,61,0,0,3.6404797613792894,0,0,0,0.6923190728872486,-0.6589884723427586,0.9937079892610834
2025-06-16,71.54246507160423,218.6609123156358,71.63906970855899,25.487341067954283,387.3297881637533,106853.38,1.1876315409437233,-1.6711148688908328,2.3519514120913687,-2.117799174906776,-1.342016508977073,0.2993166898417332,387.3297881637533,379.3517405019146,97945.14987964326,1,-2.117799174906776,-1.342016508977073,0,311.7799987792969,-1.425909653729851,0.6923190728872486,-2.117799174906776,-0.6666892521322243,1.6828660049183153,1,-0.1724518238065585,61,0,0,1.6828660049183153,0,0,0,-2.117799174906776,-0.6666892521322243,-1.068379867815139
2025-06-17,46.9655977551064,155.35663854494717,45.979181831628,69.77737005297215,318.0787881846537,104590.44,-2.117799174906776,-1.0694275170365808,-0.973858685679907,0.310888834581835,1.4825064317541825,1.0721247563352687,318.0787881846537,336.18835248021367,98263.2286678279,1,0.310888834581835,1.4825064317541825,1,311.94000244140625,0.0513194120007165,-2.117799174906776,0.310888834581835,2.686459680253761,1.7051974608052856,1,-0.1052098877076036,68,0,0,1.7051974608052856,0,0,0,0.310888834581835,2.686459680253761,4.109247460857812
2025-06-18,100.0,219.4089992898308,56.77906200781109,78.12710412879676,454.3151654264386,104915.6,0.310888834581835,-1.133730435823277,-0.8212931207247864,-0.2322819485376936,2.368208350331113,3.786586551475657,454.3151654264386,376.8769794203619,98717.54383325434,1,-0.2322819485376936,2.368208350331113,0,310.260009765625,-0.5385627565021256,0.310888834581835,-1.5229384381350353,2.014991097606078,0.6129048475417509,1,-0.1722244289709933,52,0,0,0.6129048475417509,0,0,0,-1.5229384381350353,2.014991097606078,4.492401511310029
2025-06-20,42.666758568088,97.34847005889398,146.79618017405625,27.118256643013574,313.9296654440518,103317.8,-1.293661431578097,-2.1604793594651395,-6.330394204038004,2.034102545737526,3.6736941746727134,4.559524109108026,313.9296654440518,369.4000634476228,99404.8204087176,1,2.034102545737526,3.6736941746727134,1,310.1300048828125,-0.0419019141109089,-1.5229384381350353,2.034102545737526,3.6736941746727143,-0.6630388351317684,0,-0.1741399883799277,54,0,0,-0.6630388351317684,1,0,0,2.034102545737526,3.6736941746727148,4.793017272919076
2025-06-23,8.233517126016826,213.2969674146876,95.78686119291925,26.925729506381053,344.2430752400048,105419.39,4.3788683748318125,0.480185978062364,-0.6589884723427586,0.6845135415790127,1.6636597878246118,2.703914336821711,344.2430752400048,360.782720862873,99749.06348395762,1,0.6845135415790127,1.6636597878246118,1,311.0799865722656,0.3063172458311669,2.034102545737526,0.6845135415790127,1.6636597878246118,-1.6472293881886202,0,-0.0340170773595926,47,0,0,-1.6472293881886202,1,0,0,0.6845135415790127,1.6636597878246118,3.3567354165111363
2025-06-24,100.0,129.98791850608268,32.164677518592626,21.80290696673406,283.95550299140933,106141.0,0.6845135415790127,1.403528549687172,0.6405701508608308,1.186365306526227,-0.4043866178008559,2.654054512393889,283.95550299140933,353.9580638242241,100033.01898694904,1,1.186365306526227,-0.4043866178008559,1,306.19000244140625,-1.5719378751237634,0.6845135415790127,1.186365306526227,-0.4043866178008559,-1.7929297452617177,0,-0.042168441984963,65,0,0,-1.7929297452617177,1,0,0,1.186365306526227,-0.40438661780085594,4.8443579766537015
2025-06-25,-41.31789093211968,319.50466289248425,97.78410672880564,74.88424525795246,450.85512394712265,107400.22,1.186365306526227,3.951323005329188,1.705476127908101,-0.3450458481369933,1.3855651319894855,3.615104326601948,450.85512394712265,353.266055528361,100483.87411089615,1,-0.3450458481369933,1.3855651319894855,0,307.1199951171875,0.3037305817845004,1.186365306526227,-0.3450458481369933,1.3855651319894855,-1.545171278609614,0,-0.0553349084360035,66,0,0,-1.545171278609614,1,0,0,-0.34504584813699335,1.3855651319894857,8.036370875217958
2025-06-26,-42.87414388190599,47.68130952162253,127.86525946582604,44.18521583681589,176.85764094235847,107029.64,-0.3450458481369933,4.766648952628549,0.1649550065706773,0.0782400090292734,2.4284768219345665,8.410436585603765,176.85764094235847,313.96820171298947,100660.73175183852,1,0.0782400090292734,2.4284768219345665,1,306.7799987792969,-0.1107047223548263,-0.3450458481369933,0.0782400090292734,2.4284768219345665,-1.1216434206125947,0,-0.059620883499437,74,0,0,-1.1216434206125947,1,0,0,0.07824000902927342,2.4284768219345665,9.85943706808694
2025-06-27,-30.843005840331667,144.10781527284115,55.60868382722471,42.06455476068167,210.93804802041583,107113.38,0.0782400090292734,6.056138175371184,2.412208993479714,0.0558567006288202,0.8544404069781075,9.773550232473283,210.93804802041583,293.3698782282622,100871.66979985892,1,0.0558567006288202,0.8544404069781075,1,301.2200012207031,-1.8123728993798327,0.0782400090292734,0.0558567006288202,1.0796597026440535,-2.872989882251531,0,-0.0810839373405444,65,0,0,-2.872989882251531,1,0,0,0.0558567006288202,1.0796597026440535,11.903582913731237
2025-06-30,-107.05372418826909,237.72118750645208,74.6393133330833,-10.115870932202604,195.1909057190637,107173.21,-1.1193558899065148,-0.2113682821133888,3.73160287965868,-1.363615030286025,1.0232314586826163,11.841112158532896,195.1909057190637,263.55944432407404,101066.860705578,1,-1.363615030286025,1.0232314586826163,0,304.8299865722656,1.198454729743359,0.0558567006288202,-1.363615030286025,1.6653695452436112,-2.009129571100865,0,-0.0855977831640423,66,0,0,-2.009129571100865,1,0,0,-1.363615030286025,1.6653695452436112,9.898397183400576
2025-07-01,-27.13249206086935,356.55240292343404,80.58752778916788,69.0625409062768,479.0699795580094,105711.78,-1.363615030286025,-1.2313037771592985,3.4766532468716083,3.0049063595372294,3.0708592741508944,11.417705765620443,479.0699795580094,302.58233963739406,101545.930685136,1,3.0049063595372294,3.0708592741508944,1,307.54998779296875,0.8923010663382636,-1.363615030286025,3.0049063595372294,5.270055995651579,0.4441638658083668,1,-0.1103708676598755,64,0,0,0.44416386580836686,0,0,0,3.0049063595372294,5.270055995651579,12.26911513551281
2025-07-02,-38.78741171427187,193.4249738927012,48.6040674767104,12.822248154395822,216.0638778095356,108888.32,3.0049063595372294,1.6570665588183209,7.813558974649415,0.6800637570677948,2.1990696522822706,8.993949029611237,216.0638778095356,255.62409040987663,101761.99456294552,1,0.6800637570677948,2.1990696522822706,1,309.25,0.5527596405484614,3.0049063595372294,0.6800637570677948,6.559913864039779,0.6935415852685756,1,-0.1250001958543697,63,0,0,0.6935415852685756,0,0,0,0.6800637570677948,6.559913864039779,9.537634523151794
2025-07-03,6.702642250282256,144.48004733068018,105.93121735375436,51.79797890798985,308.9118858427066,109628.83,0.6800637570677948,2.120711079977866,3.993041507828865,-1.4596799035436203,5.840133475838427,8.797740521357378,308.9118858427066,282.0349393899463,102070.90644878824,1,-1.4596799035436203,5.840133475838427,0,307.1400146484375,-0.6822911403597365,0.6800637570677948,-1.2396282985050575,7.254779604963413,0.1173531099071478,1,-0.165895074531049,73,0,0,0.11735310990714787,0,0,0,-1.2396282985050577,7.254779604963413,7.65694571400608
2025-07-07,93.0182808764262,55.19860995837561,96.7812977562811,90.81975787515952,335.81794646624246,108269.84,-0.8681171360246709,-0.567994804217764,1.0796597026440535,0.6356340787055714,10.708309904217096,8.459373358268563,335.81794646624246,375.5494070261205,102944.60774070858,1,0.6356340787055714,10.708309904217096,1,307.3699951171875,0.0748780548875283,-1.2396282985050575,0.6356340787055714,10.708309904217096,2.0416950639271514,1,-0.2000788322106562,73,0,0,2.0416950639271514,0,0,0,0.6356340787055714,10.708309904217096,8.459373358268563
2025-07-08,46.74399269176036,-19.880595662008204,44.500312887916,10.73538802642664,82.09909794409481,108958.04,0.6356340787055714,-0.6118737197140622,1.4958612864943488,2.133674577846678,8.098163292952055,10.158387577456418,82.09909794409481,296.1552307033375,103026.70683865268,1,2.133674577846678,8.098163292952055,1,304.1600036621094,-1.0443411868664263,0.6356340787055714,2.133674577846678,8.098163292952055,-0.2197890429645799,0,-0.1862675638596887,65,1,0,-0.2197890429645799,1,0,0,2.133674577846678,8.098163292952055,10.158387577456418
2025-07-09,-29.60953602750536,244.00144500533324,62.501667987063584,-40.58536467462476,236.30821229026668,111282.85,2.133674577846678,3.012396717165644,2.6722992285750813,4.267009696462654,6.648670482468755,6.764375642787712,236.30821229026668,300.20409759948376,103263.01505094297,1,4.267009696462654,6.648670482468755,1,305.5199890136719,0.4471282664348264,2.133674577846678,4.267009696462654,6.648670482468755,-0.6600549048512372,0,-0.0373547648947637,66,0,0,-0.6600549048512372,1,0,0,4.267009696462654,6.648670482468755,6.764375642787712
2025-07-10,-45.67245316390668,149.7945775647389,108.89525431311084,55.51548634261084,268.5328650565539,116031.3,4.267009696462654,7.191585143743495,8.265209188005084,1.3365876276487445,2.794409784256491,2.0388808881741216,268.5328650565539,292.1282934422532,103531.5479159995,1,1.3365876276487445,2.794409784256491,1,306.20001220703125,0.2225789531986821,4.267009696462654,1.3365876276487445,2.794409784256491,-0.9862531262631368,0,0.0199114863907171,71,0,0,-0.9862531262631369,1,0,0,1.3365876276487443,2.794409784256491,2.0388808881741216
2025-07-11,23.856663810900265,97.87671828692868,65.08667391632932,104.0153354453256,290.83539145948384,117582.16,1.3365876276487445,7.658244549111792,11.229003995581198,1.9403878955787104,0.3749633447795109,0.0434674783997834,290.83539145948384,242.7187026433284,103822.38330745898,1,1.9403878955787104,0.3749633447795109,1,309.1400146484375,0.9601575193336044,1.3365876276487445,1.9403878955787104,0.3749633447795109,0.6511688170260932,1,0.0304493367187632,71,0,0,0.6511688170260932,0,0,0,1.9403878955787102,0.3749633447795109,0.04346747839978349
2025-07-14,-66.73873564780389,270.8356447299353,149.07855404933622,87.16839058818312,440.3438537196508,119863.71,0.6152060915224355,7.7108557158627855,10.95553399747844,-1.7370311664806737,-2.0314071706941217,-1.4959657097214918,440.3438537196508,263.62388409401007,104262.72716117864,1,-1.7370311664806737,-2.0314071706941217,0,308.010009765625,-0.3655317426628057,1.9403878955787104,-1.7370311664806737,-2.0314071706941217,0.2082228775106998,1,0.0433045077794487,74,0,0,0.2082228775106998,0,0,0,-1.7370311664806737,-2.0314071706941217,-1.4959657097214918
2025-07-15,90.85788049356374,224.3800713771199,64.0145525754159,56.289782458238776,435.5422869043383,117781.64,-1.7370311664806737,1.508506756366601,8.808577447893317,0.7641598469846356,1.9058827844475656,0.1288401146392503,435.5422869043383,334.31252188605873,104698.26944808297,1,0.7641598469846356,1.9058827844475656,1,306.7300109863281,-0.4155705135267751,-1.7370311664806737,0.7641598469846356,1.9058827844475656,0.8449524241437523,1,0.0374167340697583,73,0,0,0.8449524241437523,0,0,0,0.7641598469846356,1.9058827844475656,0.12884011463925038
2025-07-16,58.26876710276394,143.59213692632716,88.98738903007543,35.25091443103858,326.0992074902051,118681.68,0.7641598469846356,0.9351078428904368,8.664965237408717,0.4988217221057356,0.1084918919247002,-0.7174906860098362,326.0992074902051,352.2707209260464,105024.36865557315,1,0.4988217221057356,0.1084918919247002,1,308.260009765625,0.4988096125243757,0.7641598469846356,0.4988217221057356,0.1084918919247002,0.8968384559055798,1,-0.028218544199703,70,0,0,0.8968384559055798,0,0,0,0.4988217221057356,0.10849189192470021,-0.7174906860098362
2025-07-17,-24.15039802135216,71.96956013291057,117.3036332749236,74.21367789911932,239.33647328560133,119273.69,0.4988217221057356,1.5331568667260154,10.163356665161793,-1.0485464145529533,-0.73499025644298,-2.9449579366581213,239.33647328560133,346.4314425718559,105263.70512885875,1,-1.0485464145529533,-0.73499025644298,0,307.5899963378906,-0.2173533402025751,0.4988217221057356,-1.0485464145529533,-0.73499025644298,0.4539464648745772,1,-0.0443919672896702,74,0,0,0.45394646487457724,0,0,0,-1.0485464145529533,-0.73499025644298,-2.9449579366581213
2025-07-18,-86.33691047331781,287.24573282801447,23.265370682678736,20.79361400886594,244.9678070462413,118023.05,-1.0485464145529533,-0.9298686040999816,8.319725648515707,-0.5035118140058303,-0.3302575217298598,-4.045243704513657,244.9678070462413,337.2579256892074,105508.672935905,1,-0.5035118140058303,-0.3302575217298598,0,308.3900146484375,0.2600924347578637,-1.0485464145529533,-0.5035118140058303,-0.3302575217298598,-0.2426085153851453,0,-0.0381447851096661,73,0,0,-0.24260851538514538,1,0,0,-0.5035118140058303,-0.3302575217298598,-4.045243704513657
2025-07-21,67.0246771424608,265.0201177958661,9.567647520768958,64.29073308068658,405.9031755397824,117428.79,0.0989577428530674,-1.055672619396697,-0.1304364539654767,2.2120895565729715,0.5465439948755257,-2.0241543832649422,405.9031755397824,330.3697900532337,105914.5761114448,1,2.2120895565729715,0.5465439948755257,1,313.1300048828125,1.5370115792427752,-0.5035118140058303,2.2120895565729715,0.5465439948755257,1.6622820541071004,1,-0.107137923070758,71,0,0,1.6622820541071004,0,0,0,2.2120895565729715,0.5465439948755257,-2.0241543832649422
2025-07-22,-6.38487719687961,190.0824136220617,18.973747417196208,65.1641047749988,267.83538861737713,120026.42,2.2120895565729715,0.6310947535873135,2.173927292863498,-1.0130936172219385,-1.7438077383296058,-4.926806948003614,267.83538861737713,296.8284103958416,106182.41150006215,1,-1.0130936172219385,-1.7438077383296058,0,316.1000061035156,0.9484882235462068,2.2120895565729715,-1.0130936172219385,-1.7438077383296058,3.054802197886386,1,-0.0074124762974773,72,0,0,3.054802197886386,0,0,0,-1.0130936172219385,-1.7438077383296058,-4.926806948003614
2025-07-23,61.243804545940165,384.6636996047666,130.5033641370873,81.80629722496639,658.2171655127604,118810.44,-1.0130936172219385,0.6671493407431894,-0.2689228756188266,-0.3479492206240553,-0.8250874249771334,-3.18289369183381,658.2171655127604,363.2520020003526,106840.62866557491,1,-0.3479492206240553,-0.8250874249771334,0,312.17999267578125,-1.240118112003663,-1.0130936172219385,-0.3479492206240553,-0.8250874249771334,1.2716482144851329,1,-0.0122549675097324,74,0,1,1.2716482144851327,0,0,0,-0.3479492206240553,-0.8250874249771334,-3.18289369183381
2025-07-24,-80.35769984038826,92.99152336738474,57.92567416430213,132.7898011673323,203.34929885863093,118397.04,-0.3479492206240553,0.4095097306795248,-1.2236147204187309,-0.6450921408170274,-2.226330996112736,-0.7445709791393362,203.34929885863093,356.0545671149585,107043.97796443356,1,-0.6450921408170274,-2.226330996112736,0,310.2699890136719,-0.6118276977772341,-0.3479492206240553,-0.6450921408170274,-2.2263309961127358,0.8712873330370741,1,-0.0025414674300106,71,0,0,0.8712873330370741,0,0,0,-0.6450921408170274,-2.2263309961127353,-0.7445709791393362
2025-07-25,-30.59455065508174,47.44748290752611,182.32797142673007,61.77247901536301,260.9533826945374,117633.27,-0.6450921408170274,0.2732611217711289,-0.1259703974235693,0.3717655727839553,-3.7272958577110105,-0.8071526023207598,260.9533826945374,359.2516822446177,107304.9313471281,1,0.3717655727839553,-3.7272958577110105,1,307.3999938964844,-0.92499926477293,-0.6450921408170274,0.3717655727839553,-3.7272958577110105,-0.3210287963057889,0,0.0404051998164444,70,0,0,-0.32102879630578895,1,0,0,0.3717655727839553,-3.7272958577110105,-0.8071526023207598
2025-07-28,-0.3532709654275822,130.80919301187555,57.43009605370446,34.73109122877504,222.61710932892743,118070.59,-1.1676423456743024,-0.6227146368618874,0.0402802672867741,-0.1162016722369152,-2.556724752539974,0.5346377959151383,222.61710932892743,322.5944690024467,107527.54845645704,1,-0.1162016722369152,-2.556724752539974,0,305.4100036621094,-0.647361832754334,0.3717655727839553,-0.1162016722369152,-2.556724752539974,-2.465430045131667,0,0.1479773980796786,75,0,0,-2.465430045131667,1,0,0,-0.11620167223691524,-2.556724752539974,0.5346377959151383
2025-07-29,1.743746329012792,195.4413983644502,87.38205212788148,49.23277063424017,333.7999674555847,117933.39,-0.1162016722369152,-0.3916060739356242,0.0162999917652006,-0.0875409415433625,-3.239489681421015,1.8483230237000603,333.7999674555847,335.78738477008824,107861.34842391264,1,-0.0875409415433625,-3.239489681421015,0,306.25,0.2750389076383808,-0.1162016722369152,-0.0875409415433625,-3.239489681421015,-3.116104369922079,0,0.1490278108390178,73,0,0,-3.116104369922079,1,0,0,-0.08754094154336256,-3.239489681421015,1.8483230237000603
2025-07-30,-23.09855247923255,224.3339449322692,141.68439810271502,-3.072277146673549,339.8475134090781,117830.15,-0.0875409415433625,0.1673676163214565,0.4410860887184453,-1.7559342833731395,-2.377422077456404,4.697846858380483,339.8475134090781,272.11345434935174,108201.19593732173,1,-1.7559342833731395,-2.377422077456404,0,300.9599914550781,-1.7273497289540862,-0.0875409415433625,-1.7559342833731395,-2.377422077456404,-3.5940808136144087,0,0.1774281408506001,74,0,0,-3.5940808136144087,1,0,0,-1.7559342833731395,-2.3774220774564037,4.697846858380483
2025-07-31,30.55705680697935,175.87639421436702,160.24371552636492,29.15860606732825,395.8357726150396,115761.13,-1.7559342833731395,-1.872091995202496,-1.4201457751544466,-2.1703312674988595,1.5155000646590144,2.2707622152617013,395.8357726150396,310.6107491006335,108597.03170993675,1,-2.1703312674988595,1.5155000646590144,0,302.9599914550781,0.6645401570921194,-1.7559342833731395,-2.1703312674988595,1.5155000646590144,-2.356011801796154,0,0.1438682095419149,72,0,0,-2.356011801796154,1,0,0,-2.1703312674988595,1.5155000646590144,2.2707622152617013
2025-08-01,-53.95678481058452,235.2055396514297,162.4601430654559,37.72152685660688,381.43042476290793,113248.73,-2.1703312674988595,-5.203836219856584,-5.646831755875081,1.5921767952717936,3.03319957760233,3.698257808277417,381.43042476290793,334.7061575143076,108978.46213469966,1,1.5921767952717936,3.03319957760233,1,309.1099853515625,2.0299689958884537,-2.1703312674988595,1.5921767952717936,3.03319957760233,0.5562756958459758,1,0.0028254484018582,65,0,0,0.5562756958459758,0,0,0,1.5921767952717936,3.03319957760233,3.6982578082774165
2025-08-04,-7.6852210615424195,74.84605758095559,128.3346492237257,34.27734806196223,229.7728338051012,115051.85,0.7320532819778958,-2.3578854817718486,-2.194464202176816,-0.8160668429060491,3.17247397586391,1.0733508413815152,229.7728338051012,336.13730240954226,109208.23496850477,1,-0.8160668429060491,3.17247397586391,0,310.9100036621094,0.5823229257701401,1.5921767952717936,-0.8160668429060491,3.17247397586391,1.8008578416065737,1,0.0186494792193595,64,0,0,1.8008578416065735,0,0,0,-0.8160668429060491,3.17247397586391,1.0733508413815152
2025-08-05,5.457894011672542,344.3764604073259,120.9625010324585,54.57064616101166,525.3675016124686,114112.95,-0.8160668429060491,-1.4237767029399273,-3.269214288457134,0.8026082929238232,5.258149929521583,-1.101329866592704,525.3675016124686,374.4508092409191,109733.6024701172,1,0.8026082929238232,5.258149929521583,1,311.1600036621094,0.0804091206636492,-0.8160668429060491,0.8026082929238232,5.258149929521583,1.6032665019132697,1,0.0045241921735707,60,0,1,1.6032665019132697,0,0,0,0.8026082929238232,5.258149929521583,-1.101329866592704
2025-08-06,25.174258670996792,191.7848821607431,103.70107796804731,25.32740202853398,345.9876208283212,115028.83,0.8026082929238232,1.5718498565061134,-3.713782855505088,2.1617710968632853,7.2475743689647265,-0.6544707096473146,345.9876208283212,375.67883072476775,110079.59009094554,1,2.1617710968632853,7.2475743689647265,1,310.5,-0.212110700071233,0.8026082929238232,2.1617710968632853,7.2475743689647265,3.169859388551255,1,0.0182198144354152,54,0,0,3.169859388551255,0,0,0,2.1617710968632853,7.2475743689647265,-0.6544707096473146
2025-08-07,35.04211327678838,311.7295831588128,111.13444304666552,83.63092001973413,541.5370595020008,117515.49,2.1617710968632853,4.418543568425659,-0.4701424800197862,-0.7077364864836233,0.7439870267315296,-4.2847032335907365,541.5370595020008,404.81908810216,110621.12715044754,1,-0.7077364864836233,0.7439870267315296,0,313.1199951171875,0.8437987494967825,2.1617710968632853,-0.7077364864836233,0.7439870267315296,3.3535793334664943,1,0.0485595503909932,62,0,1,3.3535793334664943,0,0,0,-0.7077364864836233,0.7439870267315296,-4.2847032335907365
2025-08-08,-56.76183243834726,234.2725346377704,57.95257134685866,50.00621194754592,285.46948549382773,116683.79,-0.7077364864836233,2.160875739269885,-1.059581175441493,1.7295033011869076,0.6454795477589537,0.192734569214803,285.46948549382773,385.626900248344,110906.59663594136,1,1.7295033011869076,0.6454795477589537,1,313.04998779296875,-0.0223579858554034,-0.7077364864836233,1.7295033011869076,0.6454795477589537,1.2746280056029624,1,0.0477741206045558,74,0,0,1.2746280056029624,0,0,0,1.7295033011869076,0.6454795477589537,0.19273456921480303
2025-08-11,-77.22668075206283,245.6753219153784,47.272044663107714,49.720990365841566,265.4416761922648,118701.84,-0.5092056055614025,3.193121237519314,4.815162165615461,1.1889790419423951,-2.034576717597636,-7.223224172430687,265.4416761922648,392.7606687257767,111172.03831213363,1,1.1889790419423951,-2.034576717597636,1,308.54998779296875,-1.437470108759764,1.7295033011869076,1.1889790419423951,-2.034576717597636,-0.7590672031593582,0,-0.0165680141638227,70,0,0,-0.7590672031593582,1,0,0,1.1889790419423951,-2.034576717597636,-7.223224172430687
2025-08-12,63.37147979296167,256.9767280232204,79.86502170356192,40.16315850461247,440.37638802435646,120113.18,1.1889790419423951,2.210508589123017,6.72672444264284,2.707821073424266,-6.041793248667626,-6.931104479957984,440.37638802435646,375.7624460081543,111612.41470015798,1,2.707821073424266,-6.041793248667626,1,308.2699890136719,-0.0907466505831622,1.1889790419423951,2.707821073424266,-6.041793248667626,-0.9287873166294758,0,-0.0109302182031136,68,0,0,-0.9287873166294758,1,0,0,2.707821073424266,-6.041793248667626,-6.931104479957984
2025-08-13,16.111807884455327,244.7708560017315,73.19261509900286,54.655720515769374,388.7309995009591,123365.63,2.707821073424266,5.72645094918498,8.011068177737002,-4.033408656852,-7.368040839251588,-9.81831001065694,388.7309995009591,384.31112174268185,112001.14569965894,1,-4.033408656852,-7.368040839251588,0,309.2099914550781,0.3049283014586734,2.707821073424266,-4.033408656852,-7.368040839251588,-0.415461689185792,0,0.045286882929522,73,0,0,-0.41546168918579207,1,0,0,-4.033408656852,-7.368040839251588,-9.818310010656939
2025-08-14,-37.91989092835097,264.2722759867544,61.870878026909,74.75294794002905,362.9762110253415,118389.79,-4.033408656852,1.6286712338844822,2.9012484371176983,-0.8048244700830987,-4.991553748004785,-4.911690442224781,362.9762110253415,348.59895204734994,112364.12191068428,1,-0.8048244700830987,-4.991553748004785,0,307.25,-0.6338706734070332,-4.033408656852,-0.8048244700830987,-4.991553748004785,-1.874679103450616,0,0.0745155794968114,75,0,0,-1.874679103450616,1,0,0,-0.8048244700830987,-4.991553748004785,-4.911690442224781
2025-08-15,77.0702256297227,332.9152530132432,107.8554978982686,23.986093528672992,541.8270700699074,117436.96,-0.8048244700830987,-1.5693738052593775,2.912912162905279,-0.9794190857801643,-0.449841344666968,-7.71361928987262,541.8270700699074,399.8704689625659,112905.94898075418,1,-0.9794190857801643,-0.449841344666968,0,307.42999267578125,0.0585818310109953,-0.8048244700830987,-0.9794190857801643,-0.449841344666968,-1.7952388871850689,0,0.0798648143948197,60,0,1,-1.7952388871850689,1,0,0,-0.9794190857801643,-0.449841344666968,-7.71361928987262
2025-08-18,5.304414137795924,219.652116970147,118.21220834282045,30.2565053277423,373.42524477850566,116286.76,-1.0229418003108504,-5.73812171185768,-0.3402614879067567,-2.9500950925109515,-5.296406916832142,-6.059339859499047,373.42524477850566,421.4671826798141,113279.3742255327,1,-2.9500950925109515,-5.296406916832142,0,306.95001220703125,-0.1561267541180355,-0.9794190857801643,-2.9500950925109515,-5.296406916832142,-0.518546637250572,0,0.087362787317975,60,0,0,-0.518546637250572,1,0,0,-2.9500950925109515,-5.296406916832142,-4.333098626189247
2025-08-19,58.49346404904734,270.9003757588512,83.53627545167389,40.88821913670006,453.8183343962725,112856.19,-2.9500950925109515,-4.674051706654769,-3.1215054083734595,1.258070115604637,-0.9464965989016694,-1.4250436772675013,453.8183343962725,424.1555719541972,113733.19255992895,1,1.258070115604637,-0.9464965989016694,1,305.2699890136719,-0.5473279447945512,-2.9500950925109515,1.258070115604637,-0.9464965989016694,-0.9731729026230096,0,0.135279549804448,56,0,0,-0.9731729026230096,1,0,0,1.258070115604637,-0.9464965989016694,-0.9744968353087247
2025-08-20,2.9123203929349986,191.02643057127733,139.1012032422105,9.623872295803553,342.6638265022264,114276.0,1.258070115604637,-2.691622807674865,-4.218754989654205,-1.57137106654065,-2.645166089117568,-2.204828660436131,342.6638265022264,414.9421373544507,114075.8563864312,1,-1.57137106654065,-2.645166089117568,0,308.3599853515625,1.0122175284489776,1.258070115604637,-1.57137106654065,-2.645166089117568,-0.2748960664290534,0,0.1409148766389742,44,0,0,-0.2748960664290534,1,0,0,-1.57137106654065,-2.6451660891175677,-3.1110731912212586
2025-08-21,100.0,344.01172154494725,34.3324354346598,25.422264208355067,503.7664211879621,112480.3,-1.57137106654065,-4.235963726913838,-5.2413172365314615,3.937027194984366,0.0840591641380728,-1.564282812190232,503.7664211879621,443.1001793869749,114579.62280761916,1,3.937027194984366,0.0840591641380728,1,307.2900085449219,-0.3469895114376564,-1.57137106654065,3.937027194984366,0.0840591641380728,0.013021495499399,1,0.1479078803430654,50,0,1,0.013021495499399016,0,0,0,3.937027194984366,0.0840591641380728,-1.6094196050330578
2025-08-22,87.31863718097141,132.36076979407304,72.25362162881127,35.71337379366023,327.646402397516,116908.68,3.937027194984366,-0.4935968255643685,-2.667900391946998,-5.800202345967797,-7.296601073590081,-5.336353126217819,327.646402397516,400.26404585249657,114907.26921001666,1,-5.800202345967797,-7.296601073590081,0,310.5799865722656,1.070642694476942,3.937027194984366,-5.800202345967797,-7.296601073590081,1.0246215306020543,1,0.2016767030010113,50,0,0,1.0246215306020545,0,0,0,-5.800202345967797,-7.296601073590081,-4.136656063518962
2025-08-25,-12.88920088336543,380.0940432910816,51.32710717588781,76.23167542138182,494.7636250049858,110127.74,-2.9523431854632576,-3.630036053064501,-6.22395198240826,1.5075856455421643,-0.8056008413502402,1.7659764923896537,494.7636250049858,424.53172189779264,115402.03283502164,1,1.5075856455421643,-0.8056008413502402,1,309.8299865722656,-0.2414836861439173,-5.800202345967797,1.5075856455421643,1.017182410172035,0.9382551720805488,1,0.2227091629936977,47,0,1,0.9382551720805488,0,0,0,1.5075856455421643,1.017182410172035,1.290846429791448
2025-08-26,48.144843069064265,195.98420493556569,5.3385353170776,57.87683987005775,307.34442319176526,111788.01,1.5075856455421643,-0.6154766656916832,-4.825369024299208,-0.4784055105730878,-0.4831197907539386,-0.213520215629559,307.34442319176526,395.2369396568912,115709.3772582134,1,-0.4784055105730878,-0.4831197907539386,0,312.0799865722656,0.7262047243691283,1.5075856455421643,-0.4784055105730878,-0.0282677900787287,2.23081134853671,1,0.2302262822926861,48,0,0,2.23081134853671,0,0,0,-0.4784055105730878,-0.028267790078728705,1.9643967183958333
2025-08-27,31.842261505107075,56.92248978819518,76.69277256629204,55.80769734102633,221.26522120062063,111253.21,-0.4784055105730878,-4.8375107819196845,-5.307229807828162,1.1879567340124408,0.4523015560629728,2.454544907063805,221.26522120062063,370.95721859657,115930.64247941403,1,1.1879567340124408,0.4523015560629728,1,312.7099914550781,0.201872888336152,-0.4784055105730878,1.1879567340124408,-0.478565966770772,1.4106908516538397,1,0.2227188771657786,51,0,0,1.4106908516538397,0,0,0,1.1879567340124408,-0.478565966770772,3.853183202534116
2025-08-28,68.01209192201262,212.81044149107893,75.13009966466866,75.52693886503917,431.47957194279934,112574.85,1.1879567340124408,-2.4344997268682222,-3.192031491805248,-3.7277686801270415,-1.6469575575717044,2.633936443175356,431.47957194279934,356.49984874753744,116362.12205135684,1,-3.7277686801270415,-1.6469575575717044,0,315.0299987792969,0.7419038046796889,1.1879567340124408,-3.7277686801270415,-1.6920564406703642,2.518790074244648,1,0.2416117227070605,48,0,0,2.518790074244648,0,0,0,-3.7277686801270415,-1.6920564406703642,3.1367396891934574
2025-08-29,-48.658725490638176,131.8948342525119,140.53798972968525,45.8788463480181,269.6529448395771,108378.32,-3.7277686801270415,-4.493981212217335,-3.9677664113948894,0.7955742440000968,2.114537298603625,7.130309825802783,269.6529448395771,344.90115723594965,116631.7749961964,1,0.7955742440000968,2.114537298603625,1,318.07000732421875,0.964990177666114,-3.7277686801270415,2.647780478604944,3.4086614370844703,2.411623760634796,1,0.1726058802297112,50,0,0,2.4116237606347957,0,0,0,2.647780478604944,3.4086614370844703,6.461402981703346
2025-09-02,52.52219695929451,134.7376020697609,39.0325270268318,46.90334741202511,273.19567346791234,111247.94,1.8375868667816155,-1.178691332922055,-3.58449582250967,0.4570601487092762,0.2709083871575535,5.0199761002315935,273.19567346791234,336.1002037321084,117389.87827687396,1,0.4570601487092762,0.2709083871575535,1,325.5899963378906,2.3642559312442524,2.647780478604944,0.4570601487092762,0.2709083871575535,5.086663799066815,1,0.2725580111732549,49,0,0,5.086663799066815,0,0,0,0.45706014870927625,0.2709083871575535,5.0199761002315935
2025-09-03,-88.32940636181118,155.38165667852203,154.16370265336752,57.960870481988856,279.17682345206725,111756.41,0.4570601487092762,3.1169425767072267,-1.5171134493029426,-0.9266761521777632,1.9932279499672576,4.230620865505608,279.17682345206725,347.68252418239774,117669.05510032602,1,-0.9266761521777632,1.9932279499672576,0,328.1400146484375,0.7831992196408066,0.4570601487092762,-0.9266761521777632,1.9932279499672576,5.1461255983016985,1,0.2526116219534027,55,0,0,5.1461255983016985,0,0,0,-0.9266761521777633,1.9932279499672578,4.230620865505608
2025-09-04,-59.54887134283837,11.04592690544689,128.84134782101412,32.51724027165254,112.8556436552752,110720.79,-0.9266761521777632,1.7393145307459168,0.538511005492337,-0.0458540803402796,4.352579131705991,5.777776693970482,112.8556436552752,283.9577385248929,117781.9107439813,1,-0.0458540803402796,4.352579131705991,0,326.69000244140625,-0.4418882618094533,-0.9266761521777632,-0.0458540803402796,4.352579131705991,4.470599395074459,1,0.2487619780668492,51,0,0,4.470599395074459,0,0,0,-0.0458540803402796,4.352579131705991,5.777776693970482
2025-09-05,-102.341175476072,154.76936807509233,103.28390813874464,-23.16451474829288,132.54758598947208,110670.02,-0.0458540803402796,2.237520433412365,-1.0000983110800443,1.2673260563249134,4.911908392173414,4.536486032983467,132.54758598947208,256.5366667548719,117914.45832997076,1,1.2673260563249134,4.911908392173414,1,331.04998779296875,1.334594055214322,-0.0458540803402796,1.2673260563249134,4.911908392173414,5.085226510410879,1,0.2465149997558057,48,0,0,5.0852265104108785,0,0,0,1.2673260563249134,4.911908392173414,4.536486032983467
2025-09-08,-13.843634626416229,-42.38793266289568,70.94063604600672,45.97162513441088,60.68069389110569,112072.57,0.8485227294507736,0.2829009986988762,3.4086614370844703,-0.4668849835423594,2.952113974008097,0.5924910975094067,60.68069389110569,171.69128409116655,117975.13902386186,1,-0.4668849835423594,2.952113974008097,0,334.82000732421875,1.138806727160402,1.2673260563249134,-0.4668849835423594,2.952113974008097,5.266136263808807,1,0.2606316359800649,51,1,0,5.266136263808807,0,0,0,-0.4668849835423594,2.952113974008097,0.5924910975094067
2025-09-09,35.50998987461472,41.60971765142767,41.62243053106081,92.6824440829982,211.4245821401014,111549.32,-0.4668849835423594,0.7483057156655093,2.500635636458415,2.1825771775211056,4.736236850211184,0.4194467523423784,211.4245821401014,159.33706582560436,118186.56360600196,1,2.1825771775211056,4.736236850211184,1,334.0599975585937,-0.2269905468609168,-0.4668849835423594,2.1825771775211056,4.736236850211184,2.6014316520686758,1,0.2761762694363676,48,0,0,2.601431652068653,0,0,0,2.1825771775211056,4.736236850211184,0.4194467523423784
2025-09-10,74.75679769767476,276.04146561442974,65.11172895715788,77.78646206724777,493.69645433651016,113983.97,2.1825771775211056,2.9944423973177203,5.298964091236846,1.3651305530067104,2.19366810964734,-0.5577977324355388,493.69645433651016,202.24099200249296,118680.26006033846,1,1.3651305530067104,2.19366810964734,1,335.260009765625,0.3592205639110668,2.1825771775211056,1.3651305530067104,2.19366810964734,2.169803985903917,1,0.2731069044014114,49,0,1,2.1698039859039175,0,0,0,1.3651305530067104,2.19366810964734,-0.5577977324355388
2025-09-11,3.349651826567485,278.5800158650832,123.54994478816744,78.96192453773511,484.4415370175532,115540.0,1.3651305530067104,4.833748591358877,5.766585759592013,0.4898996018694923,1.365752120477759,-5.6294616583001496,484.4415370175532,276.55817067494854,119164.70159735602,1,0.4898996018694923,1.365752120477759,1,334.760009765625,-0.1491379781172086,1.3651305530067104,0.4898996018694923,1.365752120477759,2.4702339416297736,1,0.28450392294739,54,0,1,2.4702339416297736,0,0,0,0.48989960186949233,1.365752120477759,-5.6294616583001496
2025-09-12,81.08155915923366,242.54575617849648,155.38345223738435,87.08392165418653,566.094689229301,116106.03,0.4898996018694923,4.478032452377012,4.3669033332212726,-0.6243861752916691,-0.3578453246571245,-5.5197305428495,566.094689229301,363.2675913229144,119730.79628658532,1,-0.6243861752916691,-0.3578453246571245,0,335.4200134277344,0.1971572597848414,0.4898996018694923,-0.6243861752916691,-0.3578453246571245,1.320050081831914,1,0.297206387689363,57,0,1,1.3200500818319139,0,0,0,-0.6243861752916691,-0.3578453246571245,-5.5197305428495
2025-09-15,-69.34851896226381,103.3023856870787,141.72974113088756,52.65972772884312,228.3433355845456,115381.08,0.0580587999059689,1.2257074393881906,4.256852939938027,1.257987878081912,-2.2919615590355047,-0.880568980633567,228.3433355845456,396.8001196616024,119959.13962216988,1,1.257987878081912,-2.2919615590355047,1,338.9100036621094,1.040483601055886,-0.6243861752916691,1.257987878081912,-2.2919615590355047,1.22155075814514,1,0.3939500188352456,53,0,0,1.2215507581451401,0,0,0,1.257987878081912,-2.2919615590355047,-0.880568980633567
2025-09-16,-85.50689135535465,195.228864385802,60.44602312854904,55.91947122216787,226.0874673811643,116832.56,1.257987878081912,1.1187121343257722,6.006536457718981,-0.2979991194235643,-4.121582202769492,-2.3665063917113427,226.0874673811643,399.7326967098149,120185.22708955104,1,-0.2979991194235643,-4.121582202769492,0,339.5899963378906,0.2006410753396359,1.257987878081912,-0.2979991194235643,-4.121582202769492,1.6553908937650963,1,0.38446190145278,52,0,0,1.6553908937651185,0,0,0,-0.2979991194235643,-4.121582202769492,-2.3665063917113427
2025-09-17,-3.1095714955073213,199.6397460909432,35.21530266843955,31.470443136969493,263.2159204008449,116484.4,-0.2979991194235643,0.3258831604181056,4.818508766475471,0.5439269121015444,-2.692403446298386,1.8676921544859224,263.2159204008449,353.6365899226818,120448.44300995188,1,0.5439269121015444,-2.692403446298386,1,336.9700012207031,-0.7715171664187115,-0.2979991194235643,0.5439269121015444,-2.692403446298386,0.5100493364160963,1,0.3778614695543588,53,0,0,0.5100493364160963,0,0,0,0.5439269121015444,-2.692403446298386,1.8676921544859226
2025-09-18,18.876576457031675,84.16353108074573,85.63544987644816,40.5178143191885,229.1933717334141,117117.99,0.5439269121015444,0.9913394473578307,4.501922281250437,-1.218805069998219,-6.900963720432706,2.991282551894892,229.1933717334141,302.58695686585406,120677.6363816853,1,-1.218805069998219,-6.900963720432706,0,335.6199951171875,-0.4006309459670287,0.5439269121015444,-1.218805069998219,-6.900963720432706,0.2568960827085131,1,0.3767310735616932,52,0,0,0.25689608270851316,0,0,0,-1.218805069998219,-6.900963720432706,2.9912825518948916
2025-09-19,-1.9560335848824344,350.33983017671505,9.26242537748594,68.47313449313424,426.1193564624528,115690.55,-1.218805069998219,0.3264300740941195,3.712465481636285,-2.553328685877976,-5.1804231201252,5.728946746298624,426.1193564624528,274.5918903124844,121103.75573814777,1,-2.553328685877976,-5.1804231201252,0,339.17999267578125,1.0607227252210416,-1.218805069998219,-2.553328685877976,-5.1804231201252,1.12097641688782,1,0.331771982240191,53,0,0,1.12097641688782,0,0,0,-2.553328685877976,-5.1804231201252,5.728946746298624
2025-09-22,-103.6880906234206,287.7362290575672,92.92670856739126,86.11653311506448,363.0913801166023,112736.59,-2.2082146716923656,-3.217435124360002,-2.90203704320956,-0.638106935822691,1.4444999622571508,10.6296456190488,363.0913801166023,301.5414992188957,121466.84711826436,1,-0.638106935822691,1.4444999622571508,0,345.04998779296875,1.730643093326134,-2.553328685877976,-0.638106935822691,1.4444999622571508,1.811685717303546,1,0.2355058764259407,45,0,0,1.811685717303546,0,0,0,-0.638106935822691,1.4444999622571508,10.6296456190488
2025-09-23,-4.766764814130736,177.9035826170336,74.09589654805325,45.81661172957001,293.04932608052616,112017.21,-0.638106935822691,-4.355248924610134,-3.407084777872582,1.1881745671044497,1.8305222920656616,8.370803022142749,293.04932608052616,314.93387095876807,121759.89644434488,1,1.1881745671044497,1.8305222920656616,1,346.4599914550781,0.4086375052867463,-0.638106935822691,1.1881745671044497,1.8305222920656616,2.023026352740942,1,0.3312033824371752,43,0,0,2.023026352740942,0,0,0,1.1881745671044497,1.8305222920656616,8.370803022142749
2025-09-24,-65.52910140580745,202.68858389945308,61.35853992527031,36.494322054457655,235.0123444733736,113348.17,1.1881745671044497,-2.0246943246444937,-1.7048734617344907,-3.804604873638451,4.686268865214149,8.81803385092146,235.0123444733736,309.2931557732738,121994.90878881824,1,-3.804604873638451,4.686268865214149,0,343.32000732421875,-0.9063049726670936,1.1881745671044497,-3.804604873638451,4.686268865214149,1.8844425558691256,1,0.2951432019571797,44,0,0,1.8844425558691258,0,0,0,-3.804604873638451,4.686268865214149,8.81803385092146
2025-09-25,33.18305262068164,220.83828079475524,16.21187730932818,50.01583876569792,320.249049490463,109035.72,-3.804604873638451,-5.802626986567871,-5.499480504082643,0.606746119528534,10.625508778224235,11.628106825909889,320.249049490463,327.50429132468355,122315.15783830872,1,0.606746119528534,10.625508778224235,1,344.75,0.4165188877066628,-3.804604873638451,0.606746119528534,10.625508778224235,2.720339972481267,1,0.2912167037231886,44,0,0,2.720339972481267,0,0,0,0.606746119528534,10.625508778224235,11.628106825909889
2025-09-26,18.03430554882811,-4.173486842429071,100.54400426278866,68.03620246787344,182.4410254370612,109697.29,0.606746119528534,-4.844613139557374,-6.10726153736596,4.255146138979371,11.505398173464451,2.992772200662386,182.4410254370612,278.76862511960525,122497.59886374578,1,4.255146138979371,11.505398173464451,1,346.739990234375,0.577227044053652,0.606746119528534,4.255146138979371,11.505398173464451,2.2289043345254944,1,0.2359669057449989,28,0,0,2.2289043345254944,0,0,0,4.255146138979371,11.505398173464453,2.992772200662386
2025-09-29,-47.28471012246464,175.2822617479403,58.691966413523545,6.684355515993744,193.3738735549929,114365.07,1.931769171320585,0.8971472587515184,-1.145711555524631,-0.260009459181898,9.054355495082532,0.7947881289278147,193.3738735549929,244.8251238072834,122690.97273730078,1,-0.260009459181898,9.054355495082532,0,352.4599914550781,1.6496514338703028,4.255146138979371,-0.260009459181898,9.054355495082532,2.1475159902209384,1,0.3115803996146027,50,0,0,2.1475159902209384,0,0,0,-0.260009459181898,9.054355495082532,0.7947881289278147
2025-09-30,-25.979261480662966,131.80157520022016,33.20332657158848,-18.885428594117144,120.14021169702852,114067.71,-0.260009459181898,4.6149922245664055,-1.4554255462521648,4.02590706870507,6.42271156315839,-0.8764180502966235,120.14021169702852,210.24330093058387,122811.1129489978,1,4.02590706870507,6.42271156315839,1,355.4700012207031,0.8540004081594166,-0.260009459181898,4.02590706870507,6.42271156315839,2.600591695388643,1,0.3015528052390038,50,0,0,2.600591695388643,0,0,0,4.02590706870507,6.42271156315839,-0.8764180502966235
2025-10-01,-53.24186593884959,99.83799901050844,-30.0,33.483894515252494,50.08002758691136,118659.97,4.02590706870507,8.170375038435317,2.929938836214796,1.652916312046937,3.94680699818144,-6.620471924946559,50.08002758691136,173.25683755329143,122861.19297658472,1,1.652916312046937,3.94680699818144,1,356.0299987792969,0.1575372202072378,4.02590706870507,1.652916312046937,3.94680699818144,3.702082949996943,1,0.2126712850342628,49,1,0,3.702082949996943,0,0,0,1.652916312046937,3.94680699818144,-6.620471924946559
2025-10-02,-3.4104970487325104,171.88997071140452,78.89940379797454,13.37862722257524,260.7575046832218,120621.32,1.652916312046937,9.974511575187584,6.99394047664561,1.4069486223496686,0.9062991517585716,-10.299439601556347,260.7575046832218,161.3585285918432,123121.95048126794,1,1.4069486223496686,0.9062991517585716,1,354.7900085449219,-0.3482825151325697,1.652916312046937,1.4069486223496686,0.9062991517585716,2.9122577360179536,1,0.1745558182351843,64,0,0,2.9122577360179536,0,0,0,1.4069486223496686,0.9062991517585717,-10.299439601556347
2025-10-03,47.48514468026426,379.76865268495226,150.89006386678977,34.75579407058068,612.899655302587,122318.4,1.4069486223496686,9.02044579000616,9.19607799551514,1.9634740153566368,-7.634272521550311,-12.962154508234237,612.899655302587,247.4502545649484,123734.85013657052,1,1.9634740153566368,-7.634272521550311,1,357.6400146484375,0.8032937892485048,1.4069486223496686,1.9634740153566368,-7.634272521550311,3.1435729137255786,1,0.1553974140423831,63,0,1,3.1435729137255786,0,0,0,1.9634740153566366,-7.6342725215503116,-12.962154508234235
2025-10-06,-49.55377837064316,264.084286126701,146.4503685819148,45.56659043547585,406.5474667734485,124720.09,0.9709296710294746,5.1071309052243885,13.694777692320391,-2.6668838997790933,-7.573807876501693,-11.347033184469312,406.5474667734485,290.0849732086395,124141.39760334398,1,-2.6668838997790933,-7.573807876501693,0,364.3800048828125,1.884573861512795,1.9634740153566368,-2.6668838997790933,-7.573807876501693,3.3819479420981624,1,0.1602872840102698,71,0,0,3.3819479420981624,0,0,0,-2.6668838997790933,-7.573807876501693,-11.347033184469312
2025-10-07,24.93927071233419,142.8821010217203,61.71614973654913,36.4025477293096,265.94006919991324,121393.95,-2.6668838997790933,0.6405418212965808,10.67894431459331,1.6057637139247791,-6.858620219541411,-10.735032511916776,265.94006919991324,319.24494470921644,124407.3376725439,1,1.6057637139247791,-6.858620219541411,1,366.260009765625,0.5159462258136571,-2.6668838997790933,1.6057637139247791,-6.858620219541411,3.0354202908454697,1,0.0757540193685413,70,0,0,3.0354202908454697,0,0,0,1.6057637139247793,-6.858620219541411,-10.735032511916776
2025-10-08,-26.7715880644146,257.25827813561585,55.91151758552878,93.57402603412235,379.9722336908524,123343.25,1.6057637139247791,0.8378543211814415,9.933878306028989,-1.3204938251586529,-10.16604475721209,-12.77513767474102,379.9722336908524,385.2233859300046,124787.30990623476,1,-1.3204938251586529,-10.16604475721209,0,372.2999877929688,1.649095687844504,1.6057637139247791,-1.3204938251586529,-10.16604475721209,4.569836550137918,1,0.0993809073026097,60,0,0,4.56983655013794,0,0,0,-1.3204938251586529,-10.16604475721209,-12.775137674741021
2025-10-09,-39.89807270590386,339.9355436586002,98.75097024300096,59.8023429380696,458.5907841337669,121714.51,-1.3204938251586529,-0.6075932952339214,6.426297819780102,-7.175997340004903,-11.105093386154207,-9.529250045865522,458.5907841337669,424.7900418201137,125245.90069036852,1,-7.175997340004903,-11.105093386154207,0,365.4299926757813,-1.8452848086064957,-1.3204938251586529,-7.175997340004903,-11.105093386154207,2.9989525845151244,1,0.1570675680101477,70,0,0,2.9989525845151466,0,0,0,-7.175997340004903,-11.105093386154207,-9.529250045865522
2025-10-10,-5.601743714448197,292.4633682912769,40.06458243246834,59.01423078832485,385.9404377976218,112980.28,-7.175997340004903,-8.533389399468705,-0.9533197431595752,2.030221557248746,-5.768245573475294,-1.7154763645478632,385.9404377976218,379.39819831912064,125631.84112816612,1,2.030221557248746,-5.768245573475294,1,369.1199951171875,1.0097700011942212,-7.175997340004903,2.030221557248746,-5.768245573475294,3.2099261823470338,1,0.0697319526497691,64,0,0,3.2099261823470338,0,0,0,2.030221557248746,-5.768245573475294,-1.7154763645478632
2025-10-13,-52.00820597037518,205.9630369920174,92.07167599277864,68.66621432130205,314.6927213357229,115274.03,0.179068060463039,-6.542084791830927,-5.759043610773196,-1.913726795185356,-4.082419951831307,-1.0296941991184028,314.6927213357229,361.0272492315756,125946.53384950184,1,-1.913726795185356,-4.082419951831307,0,378.0899963378906,2.430104394061705,2.030221557248746,-1.9137267951853556,-4.082419951831307,3.762553178374151,1,0.1460746080599836,38,0,0,3.7625531783741506,0,0,0,-1.9137267951853554,-4.082419951831307,-1.0296941991184028
2025-10-14,-27.92448760932563,135.30632222944263,110.64321113538762,15.835006466576928,233.86005222208155,113068.0,-1.913726795185356,-7.103927050275272,-7.668357361053402,-2.0022287473025147,-4.161858350726988,-0.1426132946545477,233.86005222208155,354.61124583600923,126180.39390172392,1,-2.0022287473025147,-4.161858350726988,0,380.7900085449219,0.7141189222626965,-1.9137267951853556,-2.0022287473025147,-4.161858350726988,3.9671267383504016,1,0.0771970152932979,38,0,0,3.9671267383504016,0,0,0,-2.0022287473025147,-4.1618583507269875,-0.14261329465454775
2025-10-15,-60.13191669395356,269.822331361359,129.0773289553723,81.17335362260806,419.9410972453858,110804.12,-2.0022287473025147,-1.926141446985264,-10.295165696398156,-2.3520064055379875,-2.9043504880504445,-0.6967159704891701,419.9410972453858,362.6050185469159,126600.33499896932,1,-2.3520064055379875,-2.9043504880504445,0,387.3900146484375,1.7332403569977115,-2.0022287473025147,-2.3520064055379875,-2.9043504880504445,4.053190263293827,1,0.0344574220369963,34,0,0,4.053190263293827,0,0,0,-2.3520064055379875,-2.9043504880504445,-0.6967159704891701
2025-10-16,98.00216873999308,239.34853854217496,75.99383694080188,47.7270714039362,461.0716156269061,108198.0,-2.3520064055379875,-2.3209495012543657,-13.247336495668016,-1.6032643856633166,1.772703746834514,0.1018318268359852,461.0716156269061,363.1011848455437,127061.40661459624,1,-1.6032643856633166,1.772703746834514,0,396.4500122070313,2.338727694573084,-2.3520064055379875,-1.6032643856633166,1.772703746834514,8.488635348213403,1,-0.0415907437329029,28,0,0,8.488635348213403,0,0,0,-1.6032643856633166,1.7727037468345141,0.10183182683598524
2025-10-17,1.5329588255212945,289.5193220027732,71.85304999292137,70.11441851723637,433.0197493384522,106463.3,-1.6032643856633166,-7.477910014584421,-12.299336169553754,3.855563372542448,4.3008529699906095,2.90425902634992,433.0197493384522,372.51704715370977,127494.42636393468,1,3.855563372542448,4.3008529699906095,1,388.989990234375,-1.8817055726966456,-1.6032643856633166,3.855563372542448,4.3008529699906095,5.383072003693323,1,0.0133392977864006,22,0,0,5.383072003693323,0,0,0,3.8555633725424476,4.3008529699906095,2.90425902634992
2025-10-20,-35.212688991072675,263.51718016819694,44.88069652973756,17.844283008795337,291.0294707156572,110568.06,1.7402797543320636,-0.2130426197148649,-2.1350805645020565,-1.9949612935236336,3.1826550994925595,-3.626797829318884,291.0294707156572,367.7843970296966,127785.45583465032,1,-1.9949612935236336,3.1826550994925595,0,403.1499938964844,3.640197438905224,3.855563372542448,-1.9949612935236336,3.1826550994925595,6.628050940601504,1,0.141152727818072,29,0,0,6.628050940601504,0,0,0,-1.9949612935236338,3.1826550994925595,-3.626797829318884
2025-10-21,10.476324232769288,304.95527153193353,46.9247858384056,3.387237019518068,365.74361862262646,108362.27,-1.9949612935236336,0.1518235087524688,-2.1726497394710664,-0.7163840329295512,4.193784423305269,-6.362103710082867,365.74361862262646,394.1611103098056,128151.19945327296,1,-0.7163840329295512,4.193784423305269,0,377.239990234375,-6.4268892606661465,-1.9949612935236336,-0.7163840329295512,4.193784423305269,-0.9322771687503616,0,0.2003931940986977,34,0,0,-0.9322771687503617,1,0,0,-0.7163840329295512,4.193784423305269,-6.362103710082867
2025-10-22,-5.835393355553501,146.4764788439432,70.94084432393893,74.53668974075086,286.1186195530795,107585.98,-0.7163840329295512,1.054523014033948,-6.502243282623022,2.351653998039516,2.2736698592140003,-3.454892542690036,286.1186195530795,367.3966147713444,128437.31807282603,1,2.351653998039516,2.2736698592140003,1,377.2799987792969,0.0106055948355443,-0.7163840329295512,2.351653998039516,2.2736698592140003,-2.6097770946201693,0,0.2060073147047187,25,0,0,-2.6097770946201693,1,0,0,2.3516539980395157,2.2736698592140003,-3.4548925426900357
2025-10-23,-11.263851246948992,331.73940656343257,94.69462027264711,61.2922857829255,476.46246137205617,110116.03,2.351653998039516,2.7116402918376803,-4.474555110114564,0.8410219656484141,-1.641768233017482,-8.014754981631643,476.46246137205617,370.4747839203744,128913.78053419809,1,0.8410219656484141,-1.641768233017482,1,378.7900085449219,0.4002358382396931,2.351653998039516,0.8410219656484141,-1.641768233017482,-4.4545347757202425,0,0.210473742112138,27,0,0,-4.454534775720265,1,0,0,0.8410219656484141,-1.641768233017482,-8.014754981631643
2025-10-24,30.496523505869867,219.75996046924,116.54338504932996,22.93845336927469,389.7383223937144,111042.13,0.8410219656484141,2.176499892617368,-1.7917271022747316,2.742139402405197,-1.3390052946570807,-6.986411373773183,389.7383223937144,361.8184985314268,129303.5188565918,1,2.742139402405197,-1.3390052946570807,1,377.5199890136719,-0.3352832711001619,0.8410219656484141,2.742139402405197,-1.3390052946570807,-2.9486623071694478,0,0.2048892062510714,30,0,0,-2.9486623071694473,1,0,0,2.742139402405197,-1.3390052946570807,-6.9864113737731826
2025-10-27,37.66707494216159,407.5260872625265,47.872841972786205,23.91010756175917,516.9761117392335,114087.06,-0.4024772477655425,6.042683256684556,7.160927756325419,-1.0345695646815645,-6.599416270346525,-7.106572822544466,516.9761117392335,407.0078267361421,129820.49496833104,1,-1.0345695646815645,-6.599416270346525,0,367.010009765625,-2.7839530498784404,2.742139402405197,-1.0345695646815645,-6.599416270346525,-8.964401507628184,0,0.1295901861482696,51,0,1,-8.964401507628184,1,0,0,-1.0345695646815645,-6.599416270346525,-7.106572822544466
2025-10-28,-26.729924870016266,131.0812181910432,139.70754275838087,83.76304353244308,327.8218796118509,112906.75,-1.0345695646815645,2.534344908729458,5.3147075182463865,-2.546012528037511,-10.131015196168525,-8.765994947157719,327.8218796118509,399.423478933987,130148.31684794289,1,-2.546012528037511,-10.131015196168525,0,364.3800048828125,-0.7166030388359279,-1.0345695646815645,-2.546012528037511,-10.131015196168525,-3.408966621903664,0,0.136983524729771,50,0,0,-3.408966621903664,1,0,0,-2.546012528037511,-10.131015196168525,-8.765994947157719
2025-10-29,-28.99239335996341,373.5963803165249,69.15505595829725,14.317643213980162,428.07668612883896,110032.13,-2.546012528037511,-0.909564685043418,1.2471385331806806,-1.5667696335606829,-5.601209392202078,-7.627881056196961,428.07668612883896,427.8150922491389,130576.39353407171,1,-1.5667696335606829,-5.601209392202078,0,363.0,-0.3787268412975386,-2.546012528037511,-1.5667696335606829,-5.601209392202078,-3.784986966046522,0,0.145151276062831,51,0,0,-3.784986966046522,1,0,0,-1.5667696335606829,-5.601209392202078,-7.627881056196961
2025-10-30,-13.950735991882157,219.7910783462648,79.14530822606255,99.2801885976789,384.26583917812405,108308.18,-1.5667696335606829,-3.007203342891296,-2.043881388531199,1.1514273437149614,-6.47936286991434,-8.026762152221556,384.26583917812405,409.3757678103525,130960.65937324986,1,1.1514273437149614,-6.47936286991434,1,370.1300048828125,1.964188672951095,-1.5667696335606829,1.1514273437149614,-6.47936286991434,-2.2862281123453565,0,0.1305177827006002,34,0,0,-2.2862281123453565,1,0,0,1.1514273437149614,-6.47936286991434,-8.026762152221556
2025-10-31,-115.29093422090564,134.85819963855516,50.111532834087065,22.98137796056394,92.66017621230054,109555.27,1.1514273437149614,-4.358710826169155,1.1009367005692994,-2.735870214185044,-5.724051430843991,-13.738554064993858,92.66017621230054,349.9601385740697,131053.31954946216,1,-2.735870214185044,-5.724051430843991,0,368.1199951171875,-0.5430550723012573,1.1514273437149614,-2.7358702141850437,-5.724051430843991,-2.4899327638367663,0,0.1274001448941615,29,0,0,-2.4899327638367663,1,0,0,-2.7358702141850433,-5.724051430843991,-13.738554064993858
2025-11-03,-75.9512080773513,151.61141659456786,-16.969610410917667,69.15175776825149,127.84235587455038,106557.98,-3.598854346199032,-3.157395935169127,-4.038242061819242,-4.776582664198403,-0.5429907736614337,-13.567618305076724,127.84235587455038,272.13338740113306,131181.16190533672,1,-4.776582664198403,-0.5429907736614337,0,368.7799987792969,0.1792903593566652,-2.7358702141850437,-4.776582664198403,-0.5429907736614337,0.482272681010043,1,0.1552125932240061,42,0,0,0.48227268101004306,0,0,0,-4.776582664198403,-0.5429907736614337,-13.567618305076723
2025-11-04,68.15522618278193,167.965269180568,115.361815854442,40.14144572753046,391.6237569453224,101468.15,-4.776582664198403,-6.315340170982465,-9.132628393137022,2.3661119277329945,1.5189002657484352,-8.429926040831525,391.6237569453224,284.8937628678274,131572.78566228205,1,2.3661119277329945,1.5189002657484352,1,362.3200073242188,-1.7517195825319742,-4.776582664198403,2.3661119277329945,1.5189002657484352,-0.5653431941898823,0,0.2049037094984601,21,0,0,-0.5653431941898712,1,0,0,2.3661119277329945,1.5189002657484352,-8.429926040831525
2025-11-05,82.06301390483463,242.41659464019165,109.47375588369734,68.09562293247029,502.0489873611939,103869.0,2.3661119277329945,-5.1903208307551125,-9.322800580961232,-2.4824538601507684,-2.146925454177861,-11.945238714149554,502.0489873611939,299.68822311429835,132074.83464964322,1,-2.4824538601507684,-2.146925454177861,0,366.510009765625,1.1564369498527016,2.3661119277329945,-2.4824538601507684,-2.146925454177861,0.9669448390151604,1,0.2303278069423553,23,0,1,0.9669448390151603,0,0,0,-2.4824538601507684,-2.1469254541778615,-11.945238714149554
2025-11-06,-12.634109822184053,252.28354880355,68.74689771527146,33.67657993657422,342.0729166332116,101290.5,-2.4824538601507684,-7.961445586073889,-11.216486777729218,1.968368208272242,-1.654607292885324,-14.565650283096632,342.0729166332116,291.2496386053159,132416.90756627644,1,1.968368208272242,-1.654607292885324,1,366.0700073242188,-0.1200519575679903,-2.4824538601507684,1.968368208272242,-1.654607292885324,-1.0969112217419918,0,0.2442106697354328,27,0,0,-1.0969112217419807,1,0,0,1.968368208272242,-1.654607292885324,-14.565650283096632
2025-11-07,28.648553592047453,142.6299996061421,82.67962868899488,45.116212817831176,299.0743947050156,103284.27,1.968368208272242,-6.560522674918323,-8.522501976188313,2.609409932412743,-8.501110575695602,-17.63617054174852,299.0743947050156,332.5324823038589,132715.98196098144,1,2.609409932412743,-8.501110575695602,1,368.30999755859375,0.6119021470095687,1.968368208272242,2.609409932412743,-8.501110575695602,0.0516142681534548,1,0.2456489123385859,24,0,0,0.05161426815345482,0,0,0,2.609409932412743,-8.501110575695602,-17.63617054174852
2025-11-10,15.386176644862678,197.5645407739017,100.63756870816398,51.22757526187164,364.8158613888,105979.38,1.2268309025411428,2.031770788204379,-3.264005465004105,-2.802460252173577,-13.095736170564498,-16.713798476647067,364.8158613888,379.9271834067088,133080.79782237025,1,-2.802460252173577,-13.095736170564498,0,378.3800048828125,2.734111859838051,2.609409932412743,-2.802460252173577,-13.095736170564498,2.6031797102046506,1,0.252565461777628,29,0,0,2.6031797102046506,0,0,0,-2.8024602521735775,-13.095736170564498,-16.713798476647067
2025-11-11,100.0,414.2270358611864,17.498165724538296,19.934376326555817,551.6595779122804,103009.35,-2.802460252173577,1.6969508492899132,-6.399596555272602,-1.330306423640193,-9.79997446833709,-15.226132385069914,551.6595779122804,411.9343476001004,133632.45740028252,1,-1.330306423640193,-9.79997446833709,0,379.8699951171875,0.3937814406542061,-2.802460252173577,-1.330306423640193,-9.79997446833709,4.843781032843797,1,0.2465765962269522,26,0,1,4.843781032843775,0,0,0,-1.330306423640193,-9.79997446833709,-15.226132385069914
2025-11-12,55.8081953098992,372.75431701007113,58.83789290614821,72.22473036260378,559.6251355887223,101639.01,-1.330306423640193,-1.5929434365949513,-8.048960696156849,-1.9918238085947504,-10.013291156613969,-10.99004211079978,559.6251355887223,423.44957724560606,134192.08253587125,1,-1.9918238085947504,-10.013291156613969,0,385.989990234375,1.6110762091908537,-1.330306423640193,-1.9918238085947504,-10.013291156613969,5.314992755916004,1,0.2507441483211077,24,0,1,5.314992755916004,0,0,0,-1.9918238085947504,-10.013291156613969,-10.99004211079978
2025-11-13,-6.563610887989583,243.6323669674032,111.77058718487308,34.603593005852446,383.4429362701392,99614.54,-1.9918238085947504,-2.611345862373371,-6.516114513432036,-5.130355468187664,-13.128264207213114,-8.329948619950455,383.4429362701392,431.72358117299154,134575.5254721414,1,-5.130355468187664,-13.128264207213114,0,382.8699951171875,-0.8083098515826892,-1.9918238085947504,-5.130355468187664,-13.128264207213114,4.589282775654824,1,0.2721118600754963,15,0,0,4.589282775654824,0,1,0,-5.130355468187664,-13.128264207213114,-8.745550599340213
2025-11-14,-47.94198098920434,203.80034781682,29.828423073230027,43.14200253979944,228.8287924406452,94503.96,-5.130355468187664,-9.73398430392296,-6.863424631275916,-2.5431315259170084,-9.983793271731678,-3.810697456487544,228.8287924406452,417.6744607201175,134804.35426458204,1,-2.5431315259170084,-9.983793271731678,0,375.9599914550781,-1.8047911171504505,-5.130355468187664,-2.5431315259170084,-9.983793271731678,2.0770530116460906,1,0.3083470856505723,16,0,0,2.0770530116460906,0,1,0,-2.5431315259170084,-9.983793271731678,-8.699741259519712
2025-11-17,-80.48454844028728,212.0031326718261,91.74231728666516,20.16951876174464,243.43042027994863,92100.6,-2.212021854674417,-9.384595540629515,-10.828047678509034,0.8836641672258283,-4.163273637739606,-6.317266119873278,243.43042027994863,393.3973724983472,135047.78468486198,1,0.8836641672258283,-4.163273637739606,1,371.6499938964844,-1.1463979297139493,-2.5431315259170084,0.8836641672258283,-4.163273637739606,-1.7786381149850872,0,0.2952115498268532,14,0,0,-1.7786381149850872,1,1,0,0.8836641672258283,-4.163273637739606,-0.8605264243664035
2025-11-18,10.013630832120556,261.35179727304165,25.7367278150638,-26.870009763859315,270.23214615636664,92914.46,0.8836641672258283,-6.726006062970313,-9.161712644315324,-1.5636532785101465,-6.015694435505525,-1.7289128086198868,270.23214615636664,337.11188614716445,135318.01683101835,1,-1.5636532785101465,-6.015694435505525,0,374.3500061035156,0.7264932736103624,0.8836641672258283,-1.5636532785101465,-6.015694435505525,-1.4531258284742887,0,0.3074466788436403,11,0,0,-1.4531258284742887,1,1,0,-1.5636532785101465,-6.015694435505525,0.580512441228187
2025-11-19,-37.9744510800251,97.72074348015944,98.65719929734104,44.269167121994926,202.6726588194703,91461.6,-1.5636532785101465,-3.2192936676939232,-12.639912431306378,-5.384467361165779,-1.0854391351124535,2.17822561599621,202.6726588194703,265.7213907933141,135520.68948983782,1,-5.384467361165779,-1.0854391351124535,0,374.9599914550781,0.1629451961044692,-1.5636532785101465,-5.384467361165779,-1.0854391351124535,-2.8575867401637534,0,0.2879681362202987,15,0,0,-2.8575867401637534,1,1,0,-5.384467361165779,-1.0854391351124537,0.6909347748125905
2025-11-20,-71.267005738443,174.26234625766548,78.57434070810066,122.37846264838748,303.9481438757106,86536.88,-5.384467361165779,-9.42808692956424,-18.345549860737066,-1.6963865579623372,5.523448499645456,6.421146683356271,303.9481438757106,249.8224323144284,135824.63763371354,1,-1.6963865579623372,5.523448499645456,0,374.8500061035156,-0.0293325565577484,-5.384467361165779,-1.6963865579623372,5.04503975645989,-2.094702932053249,0,0.2786555858796212,11,0,0,-2.0947029320532495,1,1,0,-1.6963865579623372,5.04503975645989,3.245333088042912
2025-11-21,-32.48041378116576,33.141592612241055,15.394727363779625,73.53812863694071,89.59403483179562,85068.88,-1.6963865579623372,-9.677963245762522,-17.416351039978405,3.758507223793228,6.857760440715799,5.026996946474416,89.59403483179562,221.97548079265843,135914.23166854534,1,3.758507223793228,6.857760440715799,1,374.2699890136719,-0.1547331146857677,-1.6963865579623372,3.758507223793228,1.42646758720697,-0.4495165655434285,0,0.3517688262979778,14,0,0,-0.44951656554342856,1,1,0,3.758507223793228,1.4264675872069699,6.565244540659276
2025-11-24,-54.22666121942884,239.92231226052792,126.58957417828684,49.42218860796816,361.70741382735406,88266.2,1.6794711287909436,-3.4937066484732493,-6.600527639265074,-1.0663085076733858,-2.2475647529858533,2.7050671718052977,361.70741382735406,245.63087950213952,136275.9390823727,1,-1.0663085076733858,-2.2475647529858533,0,380.2000122070313,1.584423909859023,3.758507223793228,-1.0663085076733858,3.446222902991192,2.300556558848843,1,0.3459888364519535,19,0,0,2.300556558848843,0,1,0,-1.0663085076733858,3.4462229029911917,5.0118845039210935
2025-11-25,84.21028778289008,264.7195939702741,50.61633692807803,42.11327512375197,441.65949380499416,87325.01,-1.0663085076733858,0.9107446443643364,-8.603208081976932,3.6001484568968234,4.561167528065568,6.143703848416404,441.65949380499416,279.916349031865,136717.5985761777,1,3.6001484568968234,4.561167528065568,1,380.0799865722656,-0.0315690770415488,-1.0663085076733858,3.6001484568968234,7.0184131670869565,1.530647889762693,1,0.3532694199945538,20,0,0,1.530647889762693,0,1,0,3.6001484568968234,7.0184131670869565,5.394766058429323
2025-11-26,43.93762016765842,151.6813537700626,47.58990251942476,50.67397678436139,293.8828532415072,90468.84,3.6001484568968234,6.347750199602942,-3.9445459774099634,0.9371845598993068,3.299478582902138,1.7322538898476123,293.8828532415072,298.1583879162724,137011.48142941922,1,0.9371845598993068,3.299478582902138,1,383.1199951171875,0.7998338908444147,3.6001484568968234,0.4795684348334772,1.7958669526435769,2.1762331576879568,1,0.3818393023500492,15,0,0,2.1762331576879568,0,1,0,0.4795684348334772,1.7958669526435767,2.2915735406798587
2025-11-28,73.85757220019586,77.42343369976588,125.9454939771486,14.575615540734653,291.80211541784496,90902.7,-0.4533672373180364,4.716623805931874,-2.1651742904172377,-5.082731316011513,-1.7132714429824447,-0.6872183114472907,291.80211541784496,380.0692560814831,137814.57794895276,1,-5.082731316011513,-1.7132714429824447,0,387.8800048828125,1.2424331348639184,0.4795684348334772,-5.082731316011513,-1.7132714429824447,3.476056707252284,1,0.4315200577099805,25,0,0,3.476056707252284,0,0,0,-5.082731316011513,-1.7132714429824447,-0.6872183114472907
2025-12-01,3.731088597394844,53.562511979017984,39.36712724086412,83.42965084006616,180.0903786573431,86282.36,-4.522709042020912,-4.627538056197023,1.42646758720697,5.824701596015691,5.066504903203861,0.1566252939766643,180.0903786573431,343.74584904748093,137994.6683276101,1,5.824701596015691,5.066504903203861,1,389.75,0.4821066034977672,-5.082731316011513,5.824701596015691,5.066504903203861,4.136054570424741,1,0.3908112783687089,24,0,0,4.136054570424741,0,0,0,5.824701596015691,5.066504903203861,0.15662529397666436
2025-12-02,-43.19926703929208,222.4451818559972,82.46719399391887,71.46143946323733,333.1745482738613,91308.05,5.824701596015691,-0.0094725280260776,7.822079731708476,2.350055663219175,1.5135029167745897,-3.782842805207221,333.1745482738613,322.0488599412544,138327.84287588394,1,2.350055663219175,1.5135029167745897,1,387.239990234375,-0.6440050713598433,5.824701596015691,2.350055663219175,1.5135029167745897,1.85165118393269,1,0.2559597897755964,23,0,0,1.85165118393269,0,0,0,2.350055663219175,1.5135029167745895,-3.7828428052072205
2025-12-03,76.0233791860169,304.7098302612155,97.15266001322291,71.54557177123803,549.4314412316933,93453.84,2.350055663219175,2.8064512935259245,7.655444849270143,-1.4555849176449032,-1.5171661217987298,-7.751495283660892,549.4314412316933,373.1585775392916,138877.27431711563,1,-1.4555849176449032,-1.5171661217987298,0,386.8800048828125,-0.0929618222912931,2.350055663219175,-1.4555849176449032,-1.5171661217987298,1.7891019129611552,1,0.2641884834613796,28,0,1,1.7891019129611552,0,0,0,-1.4555849176449032,-1.5171661217987298,-7.751495283660892
2025-12-04,26.8148729055821,368.3927691457869,107.72422429052575,63.15427216429182,566.0861385061866,92093.54,-1.4555849176449032,1.3932698771723206,4.33613319707884,-2.984194113941108,0.4869614090195817,-7.203024229495347,566.0861385061866,384.1169244173859,139443.36045562182,1,-2.984194113941108,0.4869614090195817,0,387.1300048828125,0.0646195194491161,-1.4555849176449032,-2.984194113941108,0.4869614090195817,1.0466720131374174,1,0.2637812460733711,26,0,1,1.0466720131374174,0,0,0,-2.9841941139411077,0.48696140901958174,-7.203024229495347
2025-12-05,-51.99077788290922,154.111573713106,87.05766221108901,50.5884997308197,239.7669577721055,89345.29,-2.984194113941108,-1.1333689869514665,2.3135182005704857,1.464621134477273,1.043938634034336,-1.4020213040888851,239.7669577721055,373.7098928882381,139683.12741339393,1,1.464621134477273,1.043938634034336,1,386.4400024414063,-0.1782353299158767,-2.984194113941108,1.464621134477273,1.043938634034336,-0.371249464597001,0,0.262296112763386,28,0,0,-0.37124946459697883,1,0,0,1.464621134477273,1.043938634034336,-1.4020213040888851
2025-12-08,-9.643280645685843,307.8680833431296,65.3188864366671,70.1858370790046,433.7295262131155,90653.86,0.2782783489223561,-2.9961101651895694,-0.2737432441500598,2.2460599030201145,-4.6731159599822885,-2.3132936644948088,433.7295262131155,424.43772239939256,140116.85693960704,1,2.2460599030201145,-4.6731159599822885,1,385.4200134277344,-0.2639449868615862,1.464621134477273,2.2460599030201145,-4.6731159599822885,-1.1109651243786045,0,0.2602162447282015,20,0,0,-1.1109651243786045,1,1,0,2.2460599030201145,-4.6731159599822885,-2.3132936644948088
2025-12-09,-43.90517108279183,196.14915304992928,46.89639117405121,67.75442401224134,266.89479715343,92690.0,2.2460599030201145,0.647667577986466,2.049961212427087,-0.7055885208760326,-5.2173805156974895,-5.675563706980247,266.89479715343,411.1817721753063,140383.75173676046,1,-0.7055885208760326,-5.2173805156974895,0,387.3999938964844,0.5137202012788666,2.2460599030201145,-0.7055885208760326,-5.2173805156974895,0.0413189923934576,1,0.4228714904501839,22,0,0,0.0413189923934576,0,0,0,-0.7055885208760326,-5.2173805156974895,-5.675563706980247
2025-12-10,-69.26219115084429,182.73727000591805,83.44575532185499,39.37877867176928,236.299612848698,92035.99,-0.7055885208760326,3.011574532916073,1.844073294189608,0.5497957918418672,-6.330371412313818,-4.810031380115543,236.299612848698,348.5554064987072,140620.05134960916,1,0.5497957918418672,-6.330371412313818,1,389.0499877929688,0.4259147967166088,-0.7055885208760326,0.5497957918418672,-6.330371412313818,0.5608930114683774,1,0.4242857658323223,26,0,0,0.5608930114683996,0,0,0,0.5497957918418672,-6.330371412313818,-4.810031380115543
2025-12-11,46.18869263837231,288.3659937486672,37.11443952057572,32.79194681309297,404.4610727207082,92542.0,0.5497957918418672,3.667642492598411,7.254831694450647,-2.4464567439648977,-7.652719846123923,-5.803116422813437,404.4610727207082,316.23039334161155,141024.51242232986,1,-2.4464567439648977,-7.652719846123923,0,393.239990234375,1.0769830543307712,0.5497957918418672,-2.4464567439648977,-7.652719846123923,1.5782773937690564,1,0.4210419218885417,29,0,0,1.5782773937690564,0,0,0,-2.4464567439648977,-7.652719846123923,-5.668766614077936
2025-12-12,95.3526337642922,265.232287841342,-30.0,53.0556888578596,383.6406104634938,90278.0,-2.4464567439648977,-0.1374854552910087,-1.1281042580583045,-4.276235627727687,-2.4206894259952705,-3.3031192538603094,383.6406104634938,345.0051238798892,141408.15303279334,1,-4.276235627727687,-2.4206894259952705,0,395.4400024414063,0.5594579039939429,-2.4464567439648977,-4.276235627727687,-2.4206894259952705,2.3289514395872235,1,0.4545661083368018,29,0,0,2.3289514395872235,0,0,0,-4.2762356277276865,-2.4206894259952705,-3.5082965949622236
2025-12-15,-70.04462330478576,42.36078430157505,97.46239216630671,96.47060454485562,166.2491577079516,86417.5,-1.9894272090528964,-6.10466622893936,-3.2769382694935456,1.662290624005558,2.475505539965872,0.8022449156710243,166.2491577079516,291.50905017885646,141574.4021905013,1,1.662290624005558,2.475505539965872,1,395.7999877929688,0.0910341263756775,-4.276235627727687,1.662290624005558,2.475505539965872,2.693159151991109,1,0.4741387100966951,16,0,0,2.693159151991109,0,1,0,1.662290624005558,2.475505539965872,2.291202592067587
2025-12-16,28.034138575167507,347.6540349725896,116.15739364344782,12.826787730382977,504.67235492158784,87854.01,1.662290624005558,-5.065797151563622,-1.583949987884803,-1.871559419996871,-0.4834042293572982,0.6186285634543154,504.67235492158784,339.064561732488,142079.0745454229,1,-1.871559419996871,-0.4834042293572982,0,395.8900146484375,0.0227455427603162,1.662290624005558,-1.871559419996871,-0.4834042293572982,2.191538690168815,1,0.4647503075272211,11,0,1,2.191538690168815,0,1,0,-1.871559419996871,-0.4834042293572982,-0.40529737914067887
2025-12-17,-32.64456211818077,338.0091354147452,-14.517297421673533,5.974242027426797,296.8215179023177,86209.77,-1.871559419996871,-4.506335984403731,-4.637625883149632,-0.8696810117925113,1.6230874992474664,1.494227394412495,296.8215179023177,351.1689427432119,142375.8960633252,1,-0.8696810117925113,1.6230874992474664,0,399.2900085449219,0.8588228474273762,-1.871559419996871,-0.8696810117925113,1.6230874992474664,2.632057852011127,1,0.391886270729784,16,0,0,2.632057852011105,0,1,0,-0.8696810117925113,1.6230874992474664,4.3477902794544
2025-12-18,-24.46684448534837,137.44372984904706,39.6107718116025,54.94282523709551,207.53048241239668,85460.02,-0.8696810117925113,-5.313038610909581,-5.7293092649336685,3.080539882859834,2.002878070938885,3.836086160522778,207.53048241239668,311.78282468154964,142583.4265457376,1,3.080539882859834,2.002878070938885,1,398.5700073242188,-0.1803203699804356,-0.8696810117925113,3.080539882859834,2.148361303917312,1.355410747179353,1,0.3707489757638445,17,0,0,1.3554107471793753,0,1,0,3.080539882859834,2.148361303917312,9.8409057241035
2025-12-19,-29.728443860152503,239.5803533437409,104.76617044020792,51.52663105568054,366.1447109794768,88092.65,3.080539882859834,-0.0895526349127595,-4.959920163987497,0.526854397046761,-0.9043206215274436,2.11747518096006,366.1447109794768,308.28364478474623,142949.57125671708,1,0.526854397046761,-0.9043206215274436,1,399.0199890136719,0.1128990343438163,3.080539882859834,0.526854397046761,-1.114587879919604,0.905317254239124,1,0.3451529895007755,16,0,0,0.9053172542391019,0,1,0,0.526854397046761,-1.114587879919604,6.390272060154856
2025-12-22,-43.30648869167463,249.40301862827388,162.29981878846797,55.200249931112246,423.5965986561795,88556.77,-0.0938403056409575,2.722429255988046,-1.9065885376282063,-1.2731381237143125,-1.6328395897908243,5.999868784735485,423.5965986561795,359.7531329743918,143373.16785537326,1,-1.2731381237143125,-1.6328395897908243,0,408.2300109863281,2.308160549906857,0.526854397046761,-1.2731381237143125,-0.1798507330382559,3.140480944092694,1,0.3373992508555343,25,0,0,3.1404809440926718,0,0,0,-1.2731381237143125,-0.17985073303825594,3.0748185598910016
2025-12-23,2.3208989210040087,226.06737658239072,80.83174830701631,57.31859593725501,366.538619747666,87429.32,-1.2731381237143125,2.304352374361729,-3.131117367929115,0.2055488936663296,1.1073859432968236,7.197459616522228,366.538619747666,332.1263859396074,143739.70647512094,1,0.2055488936663296,1.1073859432968236,1,413.6400146484375,1.3252341857567629,-1.2731381237143125,0.2055488936663296,0.0784862560980537,4.483568502166579,1,0.2610450259170886,24,0,0,4.483568502166579,0,0,0,0.20554889366632967,0.07848625609805371,4.113814450346864
2025-12-24,-41.650949783373584,144.969484615458,50.87988235083462,43.30393236095585,197.50234954387489,87609.03,0.2055488936663296,-0.5489901824953569,-0.6380511822342783,-0.4992065315641669,-0.1268019974653311,4.189864903195484,197.50234954387489,312.2625522679189,143937.20882466482,1,-0.4992065315641669,-0.1268019974653311,0,411.9299926757813,-0.4134082564786756,0.2055488936663296,-0.3572919366873539,2.6811848048083675,3.1656149315935966,1,0.2565150229482036,24,0,0,3.1656149315935966,0,0,0,-0.35729193668735393,2.6811848048083675,3.317489076183122
2025-12-26,-2.611958138795653,197.44459290085547,134.9950567659274,1.9728806457045351,331.80057217369176,87296.01,0.1426265961605999,-1.5161786530791144,-0.6351445995464555,-0.2121861010600523,3.049371901419096,3.6879577886778536,331.80057217369176,326.61539118919256,144582.64821266307,1,-0.2121861010600523,3.049371901419096,0,416.739990234375,1.1676735474757116,-0.3572919366873539,-0.2121861010600523,7.530756560351381,4.558793330220601,1,0.2816303790044134,20,0,0,4.5587933302205785,0,1,0,-0.2121861010600523,7.5307565603513815,4.4584855596492945
2025-12-29,-12.045801284543442,317.2729019259365,54.16143283501859,25.14508925659262,384.5336227330043,87110.78,-0.8722503845987939,-0.5687199139175481,-1.114587879919604,1.4771076553326656,7.759407044684941,4.680603250252147,384.5336227330043,318.80279600455754,144967.18183539607,1,1.4771076553326656,7.759407044684941,1,398.6000061035156,-4.352830195311331,-0.2121861010600523,1.4771076553326656,7.589451041535833,-0.1052536017542404,0,0.17463204265596,24,0,0,-0.10525360175424048,1,0,0,1.4771076553326656,7.589451041535833,9.497619008806947
2025-12-30,-45.47495565185894,254.3600154594432,48.03231973398986,46.90235719552858,303.8197367371027,88397.5,1.4771076553326656,1.4062135776206297,0.0832163398396756,-1.0176305891003712,6.023371701688385,7.90376424672643,303.8197367371027,306.25901940244484,145271.00157213316,1,-1.0176305891003712,6.023371701688385,0,398.8900146484375,0.0727567838638032,1.4771076553326656,-1.0176305891003712,3.260533386125175,-2.287924965468413,0,0.078348291499482,23,0,0,-2.287924965468413,1,0,0,-1.0176305891003712,3.260533386125175,9.68088464040273
2025-12-31,-28.93373956863786,162.9385667913894,60.69025911271871,0.7043356653749839,195.3994220008452,87497.94,-1.0176305891003712,0.2313164141179102,-1.288369409053136,1.417633375140026,4.322147469986137,10.808505891681564,195.3994220008452,305.8384338938389,145466.400994134,1,1.417633375140026,4.322147469986137,1,396.30999755859375,-0.6467991163222386,-1.0176305891003712,2.811551906250598,4.032163500077823,-4.189637480932051,0,0.0503243669853657,21,0,0,-4.189637480932051,1,0,0,2.811551906250598,4.032163500077823,9.245600524995211
2026-01-02,24.95380648438525,-50.0,84.90681263979182,99.84410497184057,159.70472409601763,89957.99,1.3744340946652889,2.367733461056898,2.892244844178138,4.348774355674245,0.6196892571743717,6.165111070178408,159.70472409601763,288.9789122983102,146027.5427741546,1,4.348774355674245,0.6196892571743717,1,398.2799987792969,0.4970859258759619,2.811551906250598,4.348774355674245,0.6196892571743717,-3.313668375496981,0,0.0532361388105693,28,0,0,-3.313668375496992,1,0,0,4.348774355674245,0.6196892571743717,6.165111070178408
2026-01-05,-48.968293636205175,314.87657003721034,144.98713833878242,50.62659464887885,461.5220093886665,93870.06,2.596957177519843,7.282594310220336,7.530756560351381,-0.1577180199948791,-2.857109071838237,-1.395972262082279,461.5220093886665,304.3765896294426,146489.06478354326,1,-0.1577180199948791,-2.857109071838237,0,408.760009765625,2.6313174195160998,4.348774355674245,-0.1577180199948791,-2.857109071838237,-1.914858342311243,0,0.1553204491401909,26,0,0,-1.914858342311243,1,0,0,-0.1577180199948791,-2.8571090718382375,-3.208072946794749
2026-01-06,4.877580227547643,26.02862212219003,92.92317092464116,56.9210271715605,180.7504004459393,93722.01,-0.1577180199948791,5.616140667044256,6.735160805393581,-2.605876677207408,1.7735641819888404,-3.0551734859292856,180.7504004459393,279.76272237121,146669.8151839892,1,-2.605876677207408,1.7735641819888404,0,413.1799926757813,1.0813149047262716,-0.1577180199948791,-2.605876677207408,1.7735641819888404,3.6577988833445207,1,0.1417341457949481,44,0,0,3.657798883344543,0,0,0,-2.6058766772074082,1.7735641819888404,
2026-01-07,37.48179274451062,163.75590585968678,69.9058599149485,12.19505704482259,283.33861556396846,91279.73,-2.605876677207408,1.4692858299746314,3.871808063266413,-0.2779697091566779,6.2176235622081855,,283.33861556396846,297.3505610838346,146953.15379955317,1,-0.2779697091566779,6.2176235622081855,0,409.2300109863281,-0.9559953917111952,-2.605876677207408,-0.2779697091566779,6.2176235622081855,2.592192323240728,1,0.1682268039334495,42,0,0,2.5921923232407273,0,0,0,-0.27796970915667796,6.2176235622081855,
2026-01-08,-83.55638018404899,88.03301053738562,68.32754924337823,31.509157758815675,104.31333735553054,91026.0,-0.2779697091566779,0.4723944298120397,4.494529838901684,-0.5608837035572245,5.01137037769428,,104.31333735553054,237.92581737002465,147057.4671369087,1,-0.5608837035572245,5.01137037769428,0,411.489990234375,0.5522515913727544,-0.2779697091566779,-0.5608837035572245,5.01137037769428,3.830333014381471,1,0.1218996992099349,28,0,0,3.8303330143814707,0,0,0,-0.5608837035572245,5.01137037769428,
2026-01-09,27.08331686541437,70.53185242790943,17.47236765213372,38.74410859028189,153.8316455357394,90515.45,-0.5608837035572245,-1.069523684613205,2.395938799174191,0.7431217543524271,5.511269070639324,,153.8316455357394,236.75120165796892,147211.29878244444,1,0.7431217543524271,5.511269070639324,1,414.4700012207031,0.7242001159325273,-0.5608837035572245,0.7431217543524271,5.511269070639324,4.064980036915644,1,0.1140056408919534,27,0,0,4.064980036915644,0,0,0,0.7431217543524271,5.511269070639324,
2026-01-12,-33.214480852786146,316.08267873785195,115.32439108588636,40.46854709731298,438.66113606826514,91188.09,0.347829876328265,-0.1003946878458061,1.36741605720625,4.6016316385177,1.504110898693023,,438.66113606826514,232.1790269938887,147649.9599185127,1,4.6016316385177,1.504110898693023,1,422.2300109863281,1.8722729613168896,0.7431217543524271,4.6016316385177,-0.3612862162152952,3.2953324441954424,1,0.1067109479349541,27,0,0,3.2953324441954424,0,0,0,4.6016316385177,-0.3612862162152952,
2026-01-13,28.448017234798936,153.22987986881083,76.88651211948792,88.44931385011306,347.0137230732108,95384.23,4.6016316385177,4.787895766044858,5.282907948760895,1.6469493961423165,-4.744589330961723,,347.0137230732108,265.43169151934296,147996.9736415859,1,1.6469493961423165,-4.744589330961723,1,421.6300048828125,-0.1421040873229251,4.6016316385177,1.6469493961423165,,2.045116500513111,1,0.0750969669118892,26,0,0,2.045116500513089,0,0,0,1.6469493961423165,,
2026-01-14,-38.24352006637539,234.6503881730716,72.78080345637497,66.73073182175374,335.9184033848249,96955.16,1.6469493961423165,7.114487084801557,5.968872275777648,-1.410456132504978,,,335.9184033848249,275.94764908351425,148332.89204497074,1,-1.410456132504978,,0,425.9400024414063,1.0222226854541994,1.6469493961423165,-1.410456132504978,,4.083276154357218,1,0.1049292794794644,48,0,0,4.083276154357218,0,0,0,-1.410456132504978,,
2026-01-15,-90.32333569578384,195.3079421120816,207.72430271379443,16.656261291889038,329.36517042198125,95587.65,-1.410456132504978,5.7554670802431485,1.82975274544408,-0.0875113050692211,,,329.36517042198125,320.95801569680435,148662.25721539272,1,-0.0875113050692211,,0,423.3299865722656,-0.6127660830587689,-1.410456132504978,-0.0875113050692211,,2.877347352033244,1,0.2065378604447041,61,0,0,2.8773473520332438,0,0,0,-0.08751130506922111,,
2026-01-16,-81.45504298905118,247.7040827223121,91.95011633462744,57.39514335296015,315.59429942084853,95504.0,-0.0875113050692211,5.097268124695398,1.9013570024799973,-3.0829494052605044,,,315.59429942084853,353.3105464738261,148977.85151481358,1,-3.0829494052605044,,0,421.2900085449219,-0.4818883830700504,-0.0875113050692211,-4.864047579158992,,1.645476706186777,1,0.2234798561534667,49,0,0,1.645476706186777,0,0,0,-4.864047579158992,,
2026-01-20,12.910758548526356,71.70077758114303,62.94569615177826,84.204471155638,231.76170343708569,90858.64,-1.83775523808104,-4.9473022927124966,0.5234244327134707,,,,231.76170343708569,307.5048780764908,149534.49803196837,1,,,0,437.2300109863281,3.783617488689295,-4.864047579158992,,,3.5525660445026253,1,-0.008165846756639,32,0,0,3.5525660445026253,0,0,0,,,
