date,open,high,low,close,volume
2007-02-08,120.65,121.45,120.55,121.029999,
2007-02-09,121.029999,121.77,120.95,121.67,
2007-02-12,121.81,122.11,121.57,121.92,
2007-02-13,121.89,121.96,121.080002,121.11,
2007-02-14,121.14,121.39,120.61,120.74,
2007-02-15,120.76,120.82,119.15,119.18,
2007-02-16,119.19,119.58,118.96,119.36,
2007-02-19,119.39,119.75,119.2,119.56,
2007-02-20,119.52,120.36,119.51,119.97,
2007-02-21,119.96,121.19,119.69,120.94,
2007-02-22,120.87,121.64,120.81,121.53,
2007-02-23,121.54,121.64,120.91,121.050003,
2007-02-26,120.99,121.080002,120.33,120.58,
2007-02-27,120.59,120.77,117.48,117.95,
2007-02-28,117.97,118.82,117.86,118.45,
2007-03-01,118.52,118.87,116.94,117.61,
2007-03-02,117.51,117.84,116.4,116.89,
2007-03-05,116.66,116.79,115.13,115.68,
2007-03-06,115.53,116.75,115.2,116.52,
2007-03-07,116.55,116.92,115.96,116.080002,
2007-03-08,116.080002,117.5,115.53,117.13,
2007-03-09,117.11,118.39,117.010002,118.25,
2007-03-12,118.33,118.53,117.2,117.67,
2007-03-13,117.64,117.77,116.029999,116.089996,
2007-03-14,116.21,117.16,115.74,117.059998,
2007-03-15,117.059998,117.79,117.0,117.49,
2007-03-16,117.49,117.54,116.49,116.69,
2007-03-19,116.31,117.78,116.23,117.55,
2007-03-20,117.65,118.029999,116.9,117.28,
2007-03-21,117.25,117.97,117.14,117.61,
2007-03-22,117.52,118.34,117.22,118.099998,
2007-03-23,118.089996,118.26,117.38,118.089996,
2007-03-26,117.88,118.44,117.62,118.099998,
2007-03-27,118.080002,118.41,117.64,117.88,
2007-03-28,117.84,118.0,116.35,116.83,
2007-03-29,116.91,118.099998,116.65,118.059998,
2007-03-30,118.059998,118.4,117.19,117.79,
2007-04-02,117.51,118.080002,117.43,117.81,
2007-04-03,117.84,118.99,117.7,118.96,
2007-04-04,118.94,119.099998,118.53,118.64,
2007-04-05,118.66,119.010002,118.41,118.74,
2007-04-06,118.71,119.41,118.64,119.28,
2007-04-09,119.24,119.4,119.16,119.35,
2007-04-10,119.3,119.35,118.74,119.07,
2007-04-11,119.019997,119.56,118.85,119.38,
2007-04-12,119.33,119.53,118.78,119.15,
2007-04-13,119.11,119.57,118.19,119.26,
2007-04-16,119.41,119.89,118.96,119.75,
2007-04-17,119.75,119.84,118.8,118.93,
2007-04-18,118.89,119.029999,118.089996,118.59,
2007-04-19,118.46,118.61,117.59,118.45,
2007-04-20,118.45,118.98,118.23,118.72,
2007-04-23,118.7,119.059998,118.21,118.56,
2007-04-24,118.62,118.95,118.22,118.53,
2007-04-25,118.49,118.86,118.25,118.62,
2007-04-26,118.59,119.67,118.51,119.56,
2007-04-27,119.53,119.77,118.85,119.61,
2007-04-30,119.18,119.78,119.15,119.47,
2007-05-01,119.4,119.92,119.050003,119.75,
2007-05-02,119.72,120.33,119.54,120.17,
2007-05-03,120.19,120.49,119.95,120.39,
2007-05-04,120.4,120.48,119.89,120.18,
2007-05-07,120.099998,120.2,119.77,120.080002,
2007-05-08,120.080002,120.14,119.5,120.0,
2007-05-09,119.95,120.16,119.61,120.029999,
2007-05-10,120.040001,120.56,119.73,119.93,
2007-05-11,119.81,120.27,119.44,120.27,
2007-05-14,120.18,120.47,120.019997,120.38,
2007-05-15,120.38,120.58,120.099998,120.23,
2007-05-16,120.21,120.84,120.14,120.78,
2007-05-17,120.78,121.38,120.65,121.25,
2007-05-18,121.23,121.4,120.67,121.11,
2007-05-21,121.12,121.66,121.040001,121.47,
2007-05-22,121.48,121.62,121.18,121.52,
2007-05-23,121.51,121.89,121.29,121.61,
2007-05-24,121.59,121.71,121.22,121.38,
2007-05-25,121.42,121.89,120.83,121.77,
2007-05-28,121.77,121.83,121.53,121.69,
2007-05-29,121.66,121.84,121.15,121.66,
2007-05-30,121.67,121.81,121.27,121.65,
2007-05-31,121.65,122.0,121.43,121.73,
2007-06-01,121.73,122.15,121.67,122.059998,
2007-06-04,122.040001,122.12,121.52,121.72,
2007-06-05,121.69,121.95,121.099998,121.39,
2007-06-06,121.36,121.5,120.86,121.07,
2007-06-07,121.059998,121.58,120.76,121.0,
2007-06-08,120.9,121.84,120.75,121.72,
2007-06-11,121.72,121.85,121.48,121.72,
2007-06-12,121.66,121.89,121.57,121.67,
2007-06-13,121.65,122.78,121.47,122.67,
2007-06-14,122.61,123.14,122.52,122.9,
2007-06-15,122.94,123.67,122.89,123.44,
2007-06-18,123.47,123.78,123.29,123.64,
2007-06-19,123.62,123.74,123.29,123.37,
2007-06-20,123.35,123.7,123.080002,123.47,
2007-06-21,123.49,123.79,123.41,123.72,
2007-06-22,123.69,124.17,123.68,123.87,
2007-06-25,123.77,123.97,123.29,123.69,
2007-06-26,123.64,123.72,122.78,123.25,
2007-06-27,123.18,123.22,122.21,122.82,
2007-06-28,122.77,123.38,122.76,123.16,
2007-06-29,123.16,123.59,122.94,123.17,
2007-07-02,123.0,123.3,122.07,122.39,
2007-07-03,122.36,122.69,122.099998,122.44,
2007-07-04,122.39,122.72,122.19,122.64,
2007-07-05,122.61,123.019997,122.31,122.96,
2007-07-06,122.9,123.59,122.83,123.34,
2007-07-09,123.42,123.67,123.2,123.38,
2007-07-10,123.35,123.49,121.7,121.74,
2007-07-11,121.43,122.53,120.96,122.36,
2007-07-12,122.37,122.61,121.81,122.38,
2007-07-13,122.32,122.63,121.89,121.93,
2007-07-16,121.86,122.2,121.52,121.89,
2007-07-17,121.83,122.44,121.67,122.22,
2007-07-18,122.18,122.31,121.56,121.88,
2007-07-19,121.85,122.2,121.72,122.050003,
2007-07-20,122.050003,122.45,120.83,121.28,
2007-07-23,121.58,121.63,120.78,121.059998,
2007-07-24,121.0,121.18,119.98,120.040001,
2007-07-25,120.11,120.65,119.78,120.42,
2007-07-26,120.43,120.77,118.38,118.42,
2007-07-27,118.3,119.31,118.14,118.61,
2007-07-30,118.22,119.17,118.010002,119.059998,
2007-07-31,119.16,119.52,118.38,118.41,
2007-08-01,118.5,119.0,117.58,118.86,
2007-08-02,118.85,119.39,118.3,119.16,
2007-08-03,119.16,119.34,117.92,118.050003,
2007-08-06,117.57,119.12,117.16,118.88,
2007-08-07,118.86,119.0,117.95,118.75,
2007-08-08,118.77,119.86,118.72,119.66,
2007-08-09,119.63,119.79,118.11,118.19,
2007-08-10,118.13,118.76,117.2,118.39,
2007-08-13,118.27,118.57,117.66,118.24,
2007-08-14,118.14,118.54,117.53,117.57,
2007-08-15,117.55,117.66,116.47,116.5,
2007-08-16,116.27,116.76,111.99,114.27,
2007-08-17,114.33,114.92,111.58,114.36,
2007-08-20,114.36,115.53,113.65,114.94,
2007-08-21,114.86,115.25,114.0,114.39,
2007-08-22,114.27,115.48,113.96,115.34,
2007-08-23,115.35,117.16,115.33,116.35,
2007-08-24,116.27,116.49,115.51,116.41,
2007-08-27,116.44,116.77,115.71,115.75,
2007-08-28,115.74,115.78,114.12,114.17,
2007-08-29,114.22,116.28,113.84,116.19,
2007-08-30,116.18,116.22,115.19,115.97,
2007-08-31,115.85,116.62,115.47,115.77,
2007-09-03,115.72,116.16,115.63,115.89,
2007-09-04,115.92,116.45,115.31,116.34,
2007-09-05,116.26,116.49,114.97,115.2,
2007-09-06,115.080002,115.58,114.79,115.4,
2007-09-07,115.4,115.65,113.11,113.38,
2007-09-10,112.85,114.010002,112.58,113.68,
2007-09-11,113.58,114.39,113.36,114.27,
2007-09-12,114.37,114.41,113.75,114.15,
2007-09-13,114.17,115.52,114.080002,115.029999,
2007-09-14,114.72,115.4,114.34,115.37,
2007-09-17,115.26,115.4,114.64,115.059998,
2007-09-18,115.089996,116.4,114.77,116.080002,
2007-09-19,115.88,116.35,115.63,116.0,
2007-09-20,115.87,116.050003,113.96,114.65,
2007-09-21,114.64,115.87,114.52,115.49,
2007-09-24,115.37,115.41,114.63,114.87,
2007-09-25,114.87,115.010002,114.010002,114.77,
2007-09-26,114.64,115.75,114.51,115.47,
2007-09-27,115.48,115.89,115.089996,115.6,
2007-09-28,115.55,115.67,114.65,114.82,
2007-10-01,114.75,116.07,114.7,115.71,
2007-10-02,115.76,116.010002,115.26,115.72,
2007-10-03,115.68,116.81,115.54,116.72,
2007-10-04,116.7,116.78,116.25,116.47,
2007-10-05,116.44,117.31,116.32,116.98,
2007-10-08,117.099998,117.61,116.93,117.49,
2007-10-09,117.35,117.46,116.78,117.18,
2007-10-10,117.12,117.55,116.95,117.14,
2007-10-11,117.2,117.81,116.98,117.28,
2007-10-12,117.36,117.71,117.12,117.61,
2007-10-15,117.45,117.95,117.089996,117.39,
2007-10-16,117.39,117.48,116.42,116.88,
2007-10-17,116.9,117.2,116.15,116.58,
2007-10-18,116.6,116.7,115.26,115.47,
2007-10-19,115.54,115.76,114.43,114.53,
2007-10-22,113.94,114.66,113.23,114.44,
2007-10-23,114.48,115.050003,114.15,114.78,
2007-10-24,114.75,114.97,113.79,114.15,
2007-10-25,114.13,114.59,113.75,114.21,
2007-10-26,114.17,114.58,113.9,114.18,
2007-10-29,114.050003,114.93,114.0,114.71,
2007-10-30,114.62,115.029999,114.35,114.64,
2007-10-31,114.64,115.53,114.5,115.31,
2007-11-01,115.28,115.94,114.45,114.55,
2007-11-02,114.51,115.43,114.35,114.85,
2007-11-05,114.76,114.84,114.0,114.47,
2007-11-06,114.48,114.81,114.24,114.69,
2007-11-07,114.71,114.81,112.72,112.83,
2007-11-08,112.77,113.4,111.99,112.65,
2007-11-09,112.62,112.91,110.48,110.79,
2007-11-12,110.26,110.8,109.099998,109.47,
2007-11-13,109.4,110.95,109.2,110.93,
2007-11-14,110.93,111.78,110.74,111.41,
2007-11-15,111.21,111.71,110.19,110.38,
2007-11-16,110.28,111.35,109.75,110.94,
2007-11-19,110.88,111.080002,109.72,109.78,
2007-11-20,109.77,110.58,109.48,109.97,
2007-11-21,109.92,110.029999,108.23,108.31,
2007-11-22,108.42,109.18,108.27,108.54,
2007-11-23,108.44,108.61,107.53,108.34,
2007-11-26,108.39,108.8,107.2,107.31,
2007-11-27,107.39,108.9,107.25,108.79,
2007-11-28,109.040001,110.49,108.25,110.16,
2007-11-29,110.029999,110.31,109.45,109.86,
2007-11-30,109.91,111.25,109.63,111.19,
2007-12-03,111.010002,111.059998,110.12,110.48,
2007-12-04,110.46,110.56,109.54,109.75,
2007-12-05,109.72,110.98,109.68,110.94,
2007-12-06,110.88,111.47,110.6,111.28,
2007-12-07,111.29,111.8,111.14,111.67,
2007-12-10,111.49,111.89,111.33,111.64,
2007-12-11,111.7,112.16,110.46,110.6,
2007-12-12,110.63,112.47,110.6,112.22,
2007-12-13,112.12,112.47,111.38,112.22,
2007-12-14,112.18,113.61,112.15,113.41,
2007-12-17,113.47,113.5,112.81,112.86,
2007-12-18,112.91,113.53,112.72,113.38,
2007-12-19,113.35,113.53,112.73,113.41,
2007-12-20,113.39,113.46,112.77,113.089996,
2007-12-21,113.099998,114.22,112.92,114.16,
2007-12-24,114.089996,114.5,113.96,114.37,
2007-12-25,114.3,114.34,113.88,114.12,
2007-12-26,114.089996,114.41,113.88,114.31,
2007-12-27,114.29,114.68,113.55,113.72,
2007-12-28,113.67,114.029999,112.45,112.56,
2007-12-31,112.5,112.69,111.29,111.35,
2008-01-01,111.69,111.75,111.25,111.61,
2008-01-02,111.63,112.059998,109.2,109.59,
2008-01-03,109.57,109.78,108.22,109.26,
2008-01-04,109.3,109.61,107.86,108.54,
2008-01-07,108.5,109.75,108.47,109.2,
2008-01-08,109.15,109.85,108.84,108.94,
2008-01-09,108.9,109.96,108.78,109.83,
2008-01-10,110.010002,110.14,109.080002,109.39,
2008-01-11,109.31,109.73,108.61,108.98,
2008-01-14,108.66,108.97,107.35,108.19,
2008-01-15,108.19,108.36,106.58,106.75,
2008-01-16,106.77,107.94,105.9,107.47,
2008-01-17,107.63,107.88,106.58,106.8,
2008-01-18,106.6,107.62,106.33,106.77,
2008-01-21,106.7,106.98,105.65,106.029999,
2008-01-22,105.93,107.050003,105.6,106.47,
2008-01-23,106.44,107.39,104.95,106.67,
2008-01-24,106.77,107.029999,105.91,106.91,
2008-01-25,107.17,107.91,106.71,106.73,
2008-01-28,106.71,107.07,105.96,106.88,
2008-01-29,106.9,107.25,106.36,107.07,
2008-01-30,107.080002,107.48,106.3,106.46,
2008-01-31,106.26,106.89,105.69,106.36,
2008-02-01,106.41,106.75,105.74,106.62,
2008-02-04,106.51,107.099998,106.49,106.72,
2008-02-05,106.7,107.75,106.56,106.8,
2008-02-06,106.76,106.88,106.16,106.47,
2008-02-07,106.65,107.84,105.89,107.53,
2008-02-08,107.48,107.74,107.14,107.36,
2008-02-11,107.32,107.66,106.32,106.97,
2008-02-12,106.93,107.56,106.75,107.32,
2008-02-13,107.32,108.39,106.97,108.32,
2008-02-14,108.3,108.62,107.74,107.94,
2008-02-15,107.84,108.33,107.24,107.78,
2008-02-18,107.83,108.34,107.73,108.22,
2008-02-19,108.23,108.3,107.18,107.78,
2008-02-20,107.73,108.37,107.45,108.11,
2008-02-21,108.13,108.35,107.13,107.32,
2008-02-22,107.38,107.59,106.71,107.25,
2008-02-25,107.33,108.22,107.14,108.059998,
2008-02-26,108.089996,108.15,107.17,107.29,
2008-02-27,107.22,107.41,105.94,106.41,
2008-02-28,106.43,106.66,105.050003,105.28,
2008-02-29,105.31,105.4,103.77,103.87,
2008-03-03,103.58,103.72,102.59,103.25,
2008-03-04,103.41,103.59,102.63,103.33,
2008-03-05,103.32,104.21,103.26,104.07,
2008-03-06,104.010002,104.059998,102.53,102.63,
2008-03-07,102.65,103.25,101.41,102.76,
2008-03-10,102.49,102.53,101.54,101.75,
2008-03-11,101.73,103.61,101.4,103.39,
2008-03-12,103.47,103.53,101.48,101.55,
2008-03-13,101.18,101.72,99.73,100.5,
2008-03-14,100.49,101.16,98.87,99.0,
2008-03-17,98.64,99.12,95.71,97.41,
2008-03-18,97.23,100.050003,96.83,100.019997,
2008-03-19,99.98,100.45,97.64,98.75,
2008-03-20,98.59,100.22,98.43,99.38,
2008-03-21,99.3,99.75,98.98,99.59,
2008-03-24,99.34,100.91,99.32,100.68,
2008-03-25,100.62,101.050003,99.6,100.080002,
2008-03-26,99.93,100.34,98.86,98.98,
2008-03-27,99.0,100.18,98.54,99.64,
2008-03-28,99.64,100.41,99.080002,99.15,
2008-03-31,98.9,100.21,98.8,99.83,
2008-04-01,99.86,102.17,99.57,101.85,
2008-04-02,101.81,102.85,101.49,102.26,
2008-04-03,102.27,102.98,102.040001,102.31,
2008-04-04,102.25,102.7,101.43,101.53,
2008-04-07,101.72,102.87,101.49,102.44,
2008-04-08,102.34,102.69,101.73,102.62,
2008-04-09,102.56,102.85,101.48,101.79,
2008-04-10,101.72,102.050003,100.010002,101.85,
2008-04-11,101.75,102.29,100.62,100.97,
2008-04-14,101.27,101.78,100.28,101.099998,
2008-04-15,101.059998,101.89,100.77,101.83,
2008-04-16,101.82,101.93,100.8,101.78,
2008-04-17,101.78,102.72,101.68,102.55,
2008-04-18,102.51,104.66,102.23,103.68,
2008-04-21,103.75,104.080002,102.95,103.25,
2008-04-22,103.24,103.56,102.65,103.0,
2008-04-23,102.85,103.81,102.72,103.36,
2008-04-24,103.43,104.56,103.29,104.27,
2008-04-25,104.32,104.84,103.88,104.43,
2008-04-28,104.41,104.83,104.040001,104.080002,
2008-04-29,104.2,104.38,103.2,104.040001,
2008-04-30,104.040001,104.9,103.66,103.94,
2008-05-01,103.98,104.61,103.52,104.46,
2008-05-02,104.38,105.7,104.31,105.36,
2008-05-05,105.25,105.65,104.71,104.9,
2008-05-06,104.92,105.14,104.0,104.75,
2008-05-07,104.74,105.59,104.56,104.67,
2008-05-08,104.73,104.97,103.38,103.75,
2008-05-09,103.75,103.98,102.59,102.85,
2008-05-12,102.98,104.059998,102.55,103.78,
2008-05-13,103.83,104.94,103.37,104.8,
2008-05-14,104.67,105.45,104.55,105.059998,
2008-05-15,105.050003,105.31,104.4,104.69,
2008-05-16,104.7,105.099998,103.5,104.050003,
2008-05-19,103.95,104.7,103.6,104.35,
2008-05-20,104.3,104.48,103.43,103.61,
2008-05-21,103.62,103.72,102.94,102.99,
2008-05-22,103.019997,104.39,102.7,104.080002,
2008-05-23,104.12,104.28,103.040001,103.32,
2008-05-26,103.31,103.52,103.099998,103.39,
2008-05-27,103.35,104.36,103.22,104.26,
2008-05-28,104.28,105.33,103.87,104.64,
2008-05-29,104.68,105.9,104.58,105.53,
2008-05-30,105.55,105.76,105.21,105.52,
2008-06-02,105.28,105.55,104.0,104.48,
2008-06-03,104.41,105.58,103.85,105.080002,
2008-06-04,105.13,105.36,104.52,105.3,
2008-06-05,105.28,106.44,105.18,105.94,
2008-06-06,105.93,106.35,104.88,104.93,
2008-06-09,104.46,106.35,104.43,106.34,
2008-06-10,106.28,107.44,106.21,107.44,
2008-06-11,107.36,107.77,106.54,106.83,
2008-06-12,106.81,108.099998,106.77,107.96,
2008-06-13,107.87,108.39,107.62,108.17,
2008-06-16,108.040001,108.6,107.9,108.21,
2008-06-17,108.2,108.4,107.58,107.92,
2008-06-18,107.96,108.45,107.69,107.86,
2008-06-19,107.81,108.080002,107.4,108.019997,
2008-06-20,107.95,108.080002,107.099998,107.31,
2008-06-23,107.21,108.059998,107.13,107.81,
2008-06-24,107.85,108.22,107.33,107.86,
2008-06-25,107.81,108.46,107.63,107.86,
2008-06-26,107.83,108.21,106.59,106.79,
2008-06-27,106.81,107.22,105.84,106.13,
2008-06-30,106.17,106.47,104.97,106.11,
2008-07-01,106.089996,106.39,105.21,106.080002,
2008-07-02,106.019997,106.79,105.76,105.88,
2008-07-03,105.84,106.94,105.75,106.75,
2008-07-04,106.77,106.91,106.57,106.84,
2008-07-07,106.78,107.77,106.63,107.16,
2008-07-08,107.17,107.56,106.23,107.44,
2008-07-09,107.44,107.66,106.66,106.75,
2008-07-10,106.78,107.45,106.68,107.080002,
2008-07-11,107.050003,107.33,105.63,106.23,
2008-07-14,106.099998,106.83,106.019997,106.16,
2008-07-15,106.2,106.28,104.14,104.64,
2008-07-16,104.63,105.19,103.75,105.059998,
2008-07-17,105.059998,106.97,104.73,106.28,
2008-07-18,106.21,107.0,105.95,106.97,
2008-07-21,106.92,107.18,106.31,106.44,
2008-07-22,106.41,107.45,106.029999,107.36,
2008-07-23,107.25,107.98,107.15,107.97,
2008-07-24,107.91,108.0,107.17,107.38,
2008-07-25,107.37,107.96,106.56,107.87,
2008-07-28,107.83,108.099998,107.32,107.46,
2008-07-29,107.44,108.3,107.27,108.11,
2008-07-30,108.14,108.34,107.68,108.11,
2008-07-31,108.099998,108.39,107.54,107.83,
2008-08-01,107.85,107.91,107.27,107.69,
2008-08-04,107.66,108.32,107.43,108.25,
2008-08-05,108.2,108.41,107.65,108.3,
2008-08-06,108.28,109.88,108.2,109.72,
2008-08-07,109.62,109.7,109.11,109.45,
2008-08-08,109.33,110.38,109.28,110.18,
2008-08-11,110.34,110.4,109.53,110.089996,
2008-08-12,110.07,110.37,109.2,109.24,
2008-08-13,109.22,109.75,108.35,109.5,
2008-08-14,109.46,110.0,109.0,109.75,
2008-08-15,109.76,110.67,109.6,110.5,
2008-08-18,110.5,110.53,109.94,110.099998,
2008-08-19,110.099998,110.34,109.53,109.72,
2008-08-20,109.64,110.3,109.59,109.82,
2008-08-21,109.81,109.89,108.12,108.36,
2008-08-22,108.44,110.16,108.4,110.029999,
2008-08-25,109.96,110.3,109.0,109.33,
2008-08-26,109.32,109.95,109.12,109.59,
2008-08-27,109.62,109.91,108.67,109.56,
2008-08-28,109.55,109.73,108.76,109.48,
2008-08-29,109.42,109.59,108.4,108.81,
2008-09-01,108.32,108.69,107.6,108.059998,
2008-09-02,108.019997,109.21,107.75,108.67,
2008-09-03,108.62,109.089996,108.080002,108.36,
2008-09-04,108.24,108.59,106.44,106.62,
2008-09-05,106.57,107.81,105.51,107.77,
2008-09-08,108.99,109.089996,107.72,108.33,
2008-09-09,108.15,108.28,106.64,106.84,
2008-09-10,107.68,107.84,107.31,107.39,
2008-09-11,107.39,107.56,106.059998,107.14,
2008-09-12,107.12,107.97,106.71,107.94,
2008-09-15,106.33,106.67,104.13,104.21,
2008-09-16,104.21,106.36,103.52,106.089996,
2008-09-17,106.11,106.69,104.13,104.34,
2008-09-18,104.34,105.95,103.99,105.91,
2008-09-19,105.91,108.0,105.87,107.44,
2008-09-22,106.68,106.91,105.15,105.48,
2008-09-23,105.48,106.050003,105.17,105.59,
2008-09-24,105.58,106.33,105.34,106.080002,
2008-09-25,106.080002,107.0,105.47,106.07,
2008-09-26,106.080002,106.18,105.019997,106.099998,
2008-09-29,106.31,106.95,103.55,104.26,
2008-09-30,104.28,106.48,103.53,106.089996,
2008-10-01,106.080002,106.52,105.32,106.059998,
2008-10-02,106.050003,106.28,104.93,104.95,
2008-10-03,104.95,106.13,104.53,105.34,
2008-10-06,104.62,104.65,100.28,101.58,
2008-10-07,101.6,103.27,101.07,101.25,
2008-10-08,101.23,101.58,98.58,99.82,
2008-10-09,99.85,101.47,98.5,98.9,
2008-10-10,98.89,100.7,97.9,100.44,
2008-10-13,100.69,102.67,99.55,102.53,
2008-10-14,102.52,103.050003,101.41,101.55,
2008-10-15,101.56,101.91,99.25,99.48,
2008-10-16,99.48,101.73,99.45,101.41,
2008-10-17,101.42,101.81,100.6,101.6,
2008-10-20,101.46,102.4,101.37,102.11,
2008-10-21,102.11,102.14,100.050003,100.2,
2008-10-22,100.2,100.42,97.22,97.74,
2008-10-23,97.75,98.3,95.93,97.6,
2008-10-24,97.6,97.6,90.9,94.28,
2008-10-27,93.54,94.47,92.050003,93.2,
2008-10-28,93.2,99.68,92.63,98.19,
2008-10-29,98.2,98.26,96.080002,97.55,
2008-10-30,97.55,99.099998,97.38,98.76,
2008-10-31,98.77,99.099998,96.34,99.099998,
2008-11-03,98.53,99.64,98.31,98.99,
2008-11-04,98.99,100.54,98.37,99.77,
2008-11-05,99.77,99.85,97.76,98.19,
2008-11-06,98.21,98.65,97.22,97.31,
2008-11-07,97.29,98.66,96.75,98.66,
2008-11-10,99.029999,99.45,97.59,97.97,
2008-11-11,97.97,98.29,97.17,97.29,
2008-11-12,97.29,98.059998,94.47,94.79,
2008-11-13,94.8,98.26,94.79,97.6,
2008-11-14,97.6,97.73,96.16,97.73,
2008-11-17,96.22,97.53,96.029999,96.39,
2008-11-18,96.39,97.4,96.010002,96.76,
2008-11-19,96.76,97.07,95.56,95.98,
2008-11-20,96.019997,96.19,93.55,94.050003,
2008-11-21,94.050003,95.96,93.83,95.89,
2008-11-24,95.48,97.41,95.089996,96.86,
2008-11-25,96.87,96.93,94.94,95.45,
2008-11-26,95.45,95.93,94.72,95.63,
2008-11-27,95.62,95.7,94.99,95.43,
2008-11-28,95.42,95.7,95.14,95.7,
2008-12-01,94.39,94.42,92.86,93.19,
2008-12-02,93.2,93.81,92.62,93.16,
2008-12-03,93.15,93.62,92.54,93.15,
2008-12-04,93.15,93.4,92.059998,92.45,
2008-12-05,92.45,93.37,91.57,92.86,
2008-12-08,92.86,93.52,92.58,92.98,
2008-12-09,92.99,93.040001,91.93,92.32,
2008-12-10,92.31,93.019997,92.27,92.83,
2008-12-11,92.83,92.85,91.18,91.54,
2008-12-12,91.55,91.87,89.44,89.44,
2008-12-15,90.72,91.0,90.26,90.55,
2008-12-16,90.55,90.64,88.66,88.7,
2008-12-17,88.71,89.23,87.15,87.3,
2008-12-18,87.3,90.040001,87.27,89.56,
2008-12-19,89.55,89.86,88.45,88.45,
2008-12-22,89.55,90.49,89.54,90.19,
2008-12-23,90.18,91.019997,89.91,90.9,
2008-12-24,90.9,90.93,90.27,90.27,
2008-12-25,90.44,90.66,90.21,90.41,
2008-12-26,90.46,90.82,90.39,90.82,
2008-12-29,90.66,90.77,89.79,90.68,
2008-12-30,90.68,91.0,90.029999,90.32,
2008-12-31,90.31,90.95,90.15,90.95,
2009-01-01,90.75,90.94,90.64,90.73,
2009-01-02,90.68,92.43,90.68,92.43,
2009-01-05,92.099998,93.6,91.82,93.26,
2009-01-06,93.25,94.65,92.96,93.41,
2009-01-07,93.4,94.16,92.34,92.77,
2009-01-08,92.76,92.94,90.86,91.41,
2009-01-09,91.41,91.67,90.17,90.17,
2009-01-12,90.16,90.27,88.91,89.47,
2009-01-13,89.49,89.9,88.82,89.39,
2009-01-14,89.39,89.98,88.62,89.16,
2009-01-15,89.17,90.040001,88.5,89.99,
2009-01-16,89.99,90.93,89.85,90.93,
2009-01-19,91.23,91.26,90.16,90.65,
2009-01-20,90.66,90.99,89.69,89.84,
2009-01-21,89.84,90.18,87.14,89.080002,
2009-01-22,89.089996,89.57,88.089996,89.15,
2009-01-23,89.15,89.62,88.010002,89.62,
2009-01-26,89.37,89.7,88.74,89.28,
2009-01-27,89.29,90.089996,88.45,89.35,
2009-01-28,89.35,90.77,88.95,90.5,
2009-01-29,90.51,90.68,89.49,89.94,
2009-01-30,89.94,90.089996,89.18,90.089996,
2009-02-02,89.56,90.0,88.83,89.4,
2009-02-03,89.39,89.99,88.61,89.39,
2009-02-04,89.4,89.79,88.84,89.47,
2009-02-05,89.46,92.28,89.23,91.19,
2009-02-06,91.2,92.23,90.75,92.23,
2009-02-09,91.17,91.8,91.15,91.34,
2009-02-10,91.34,91.68,90.16,90.16,
2009-02-11,90.47,91.39,89.72,90.33,
2009-02-12,90.33,91.12,89.83,90.7,
2009-02-13,90.71,92.16,90.56,92.16,
2009-02-16,91.55,92.080002,91.45,91.75,
2009-02-17,91.76,92.76,91.58,92.31,
2009-02-18,92.32,93.97,92.099998,93.67,
2009-02-19,93.67,94.48,93.32,94.029999,
2009-02-20,94.040001,94.39,92.53,92.53,
2009-02-23,93.52,94.96,92.77,94.4,
2009-02-24,94.39,96.95,94.28,96.59,
2009-02-25,96.59,97.8,96.37,97.41,
2009-02-26,97.41,98.72,97.35,98.36,
2009-02-27,98.36,98.37,96.88,96.88,
2009-03-02,97.23,97.92,96.93,97.11,
2009-03-03,97.11,98.61,97.040001,98.54,
2009-03-04,98.55,99.49,98.2,99.040001,
2009-03-05,99.040001,99.69,97.74,98.16,
2009-03-06,98.15,98.52,96.59,96.59,
2009-03-09,97.96,99.2,97.95,98.95,
2009-03-10,98.95,99.15,98.19,98.81,
2009-03-11,98.8,98.83,97.07,97.26,
2009-03-12,97.27,98.54,95.68,97.34,
2009-03-13,97.34,98.67,97.15,98.67,
2009-03-16,98.12,98.66,97.99,98.27,
2009-03-17,98.27,98.98,98.21,98.81,
2009-03-18,98.81,98.82,95.68,96.44,
2009-03-19,96.43,96.62,93.56,94.51,
2009-03-20,94.52,96.28,94.17,96.28,
2009-03-23,95.98,97.35,95.66,97.11,
2009-03-24,97.12,98.58,97.040001,98.34,
2009-03-25,98.34,98.36,96.93,97.78,
2009-03-26,97.79,98.89,97.61,98.73,
2009-03-27,98.73,98.78,97.11,97.11,
2009-03-30,98.089996,98.34,95.98,97.43,
2009-03-31,97.43,99.49,97.39,99.34,
2009-04-01,99.34,99.34,98.23,98.56,
2009-04-02,98.57,99.91,98.41,99.72,
2009-04-03,99.71,100.39,99.36,100.39,
2009-04-06,100.58,101.46,100.43,100.43,
2009-04-07,100.44,100.88,99.88,100.68,
2009-04-08,100.68,100.88,99.34,99.9,
2009-04-09,99.91,100.71,99.7,100.66,
2009-04-10,100.67,100.74,100.24,100.24,
2009-04-13,100.44,100.73,99.89,100.35,
2009-04-14,100.35,100.44,98.75,99.019997,
2009-04-15,99.029999,99.67,98.16,99.27,
2009-04-16,99.28,99.63,98.54,99.5,
2009-04-17,99.49,99.76,98.74,98.74,
2009-04-20,99.33,99.4,97.67,97.78,
2009-04-21,97.78,98.92,97.74,98.55,
2009-04-22,98.55,98.64,97.58,98.07,
2009-04-23,98.059998,98.45,97.64,97.89,
2009-04-24,97.88,97.94,96.65,96.65,
2009-04-27,96.76,97.12,96.27,96.37,
2009-04-28,96.37,96.7,95.62,96.54,
2009-04-29,96.54,97.96,96.49,97.59,
2009-04-30,97.59,98.99,97.14,98.9,
2009-05-01,98.87,99.57,98.73,99.57,
2009-05-04,99.41,99.56,98.72,98.85,
2009-05-05,98.85,99.21,98.6,98.74,
2009-05-06,98.74,99.07,97.93,98.65,
2009-05-07,98.65,99.74,98.4,99.17,
2009-05-08,99.17,99.56,98.32,98.32,
2009-05-11,98.72,98.79,97.26,97.6,
2009-05-12,97.6,97.83,95.98,96.23,
2009-05-13,96.24,96.68,95.12,95.37,
2009-05-14,95.37,96.18,95.11,95.96,
2009-05-15,95.96,96.07,94.72,94.72,
2009-05-18,94.99,96.46,94.55,96.31,
2009-05-19,96.31,96.7,95.9,96.21,
2009-05-20,96.21,96.22,94.45,94.578,
2009-05-21,94.59,95.26,93.877,93.89,
2009-05-22,93.9,94.905,93.84,94.76,
2009-05-25,94.56,95.2,94.42,94.914,
2009-05-26,94.92,95.35,94.5,95.23,
2009-05-27,95.22,95.713,94.66,95.6,
2009-05-28,95.31,97.24,95.21,96.94,
2009-05-29,96.71,96.88,95.019997,95.019997,
2009-06-01,95.46,96.8,94.44,96.44,
2009-06-02,96.43,96.62,95.32,95.43,
2009-06-03,95.45,96.41,95.4,95.98,
2009-06-04,95.99,96.97,95.95,96.63,
2009-06-05,96.64,98.88,96.55,98.88,
2009-06-08,98.65,98.87,98.194,98.46,
2009-06-09,98.48,98.54,97.24,97.41,
2009-06-10,97.42,98.43,97.080002,98.22,
2009-06-11,98.23,98.55,97.28,97.55,
2009-06-12,97.55,98.42,97.5,98.42,
2009-06-15,98.43,98.56,97.55,97.61,
2009-06-16,97.62,97.71,95.96,96.0,
2009-06-17,96.010002,96.78,95.51,95.97,
2009-06-18,95.96,96.69,95.62,96.678,
2009-06-19,96.7,97.17,96.0,96.3,
2009-06-22,96.080002,96.26,95.33,95.43,
2009-06-23,95.43,95.88,94.87,95.33,
2009-06-24,95.31,96.050003,95.07,95.71,
2009-06-25,95.71,96.56,95.66,95.771,
2009-06-26,95.77,96.040001,95.037003,95.2,
2009-06-29,95.16,96.27,95.16,96.15,
2009-06-30,96.14,96.51,95.304,96.231,
2009-07-01,96.23,96.98,96.17,96.51,
2009-07-02,96.52,96.87,95.69,95.82,
2009-07-03,95.82,96.12,95.69,96.019997,
2009-07-06,95.86,95.87,94.66,95.22,
2009-07-07,95.22,95.46,94.59,94.62,
2009-07-08,94.61,94.72,91.81,92.71,
2009-07-09,92.73,93.59,92.51,93.16,
2009-07-10,93.16,93.17,91.78,92.54,
2009-07-13,92.46,93.16,91.74,93.089996,
2009-07-14,93.099998,93.76,92.71,93.64,
2009-07-15,93.63,94.46,93.26,94.18,
2009-07-16,94.17,94.43,93.26,93.71,
2009-07-17,93.7,94.37,93.47,94.21,
2009-07-20,94.36,94.78,93.95,94.16,
2009-07-21,94.14,94.38,93.28,93.55,
2009-07-22,93.55,93.86,93.089996,93.58,
2009-07-23,93.6,95.29,93.58,94.96,
2009-07-24,94.96,95.010002,94.59,94.84,
2009-07-27,94.71,95.37,94.67,95.17,
2009-07-28,95.12,95.17,94.029999,94.43,
2009-07-29,94.43,95.35,94.010002,95.089996,
2009-07-30,95.099998,95.88,94.82,95.56,
2009-07-31,95.56,95.84,94.5,94.66,
2009-08-03,94.64,95.42,94.58,95.2,
2009-08-04,95.17,95.46,94.36,95.3,
2009-08-05,95.31,95.37,94.62,94.79,
2009-08-06,94.81,95.79,94.81,95.48,
2009-08-07,95.48,97.78,95.050003,97.56,
2009-08-10,97.33,97.49,96.86,97.010002,
2009-08-11,97.010002,97.050003,95.765,95.945,
2009-08-12,95.965,96.745,95.12,96.195,
2009-08-13,96.185,96.48,95.050003,95.285,
2009-08-14,95.295,95.465,94.43,94.945,
2009-08-17,94.735,94.75,94.21,94.47,
2009-08-18,94.47,95.29,94.47,94.885,
2009-08-19,94.875,94.885,93.68,94.115,
2009-08-20,94.115,94.56,93.86,94.255,
2009-08-21,94.265,94.72,93.42,94.395,
2009-08-24,94.585,95.059998,94.355,94.395,
2009-08-25,94.405,94.635,93.8,93.915,
2009-08-26,93.945,94.595,93.905,94.095001,
2009-08-27,94.105,94.155,93.22,93.655,
2009-08-28,93.655,94.080002,93.42,93.615,
2009-08-31,93.385,93.45,92.55,92.885,
2009-09-01,92.885,93.435,92.515,92.705,
2009-09-02,92.715,93.059998,92.084999,92.245,
2009-09-03,92.235,92.78,91.945,92.695,
2009-09-04,92.705,93.245,92.275,92.995,
2009-09-07,93.16,93.3,92.82,92.945,
2009-09-08,92.935,92.995,92.040001,92.325,
2009-09-09,92.325,92.6,91.61,92.155,
2009-09-10,92.155,92.25,91.43,91.715,
2009-09-11,91.715,91.715,90.22,90.715,
2009-09-14,90.415,91.13,90.31,90.875,
2009-09-15,90.865,91.64,90.83,90.915,
2009-09-16,90.905,91.36,90.13,91.044998,
2009-09-17,91.044998,91.62,90.52,91.215,
2009-09-18,91.215,91.54,91.025002,91.305,
2009-09-21,91.365,92.54,91.365,92.044998,
2009-09-22,91.965,92.035004,90.505,90.745,
2009-09-23,90.725,91.635,90.675,91.325,
2009-09-24,91.325,91.59,90.37,90.84,
2009-09-25,90.85,91.019997,89.52,89.605,
2009-09-28,88.73,89.905,88.71,89.905,
2009-09-29,89.905,90.37,89.64,90.245,
2009-09-30,90.235,90.405,89.36,89.895,
2009-10-01,89.915,90.17,89.465,89.545,
2009-10-02,89.535,89.93,88.6,89.8,
2009-10-05,89.745,89.98,89.41,89.655,
2009-10-06,89.635,89.635,88.63,88.835,
2009-10-07,88.855,89.39,88.010002,88.545,
2009-10-08,88.545,88.785,88.16,88.745,
2009-10-09,88.755,89.88,88.65,89.775,
2009-10-12,89.94,90.46,89.625,89.715,
2009-10-13,89.715,90.195,89.44,89.845,
2009-10-14,89.865,89.905,88.84,89.415,
2009-10-15,89.415,90.985,89.31,90.815,
2009-10-16,90.815,91.32,90.58,90.915,
2009-10-19,90.915,91.059998,90.37,90.745,
2009-10-20,90.735,91.07,90.080002,90.805,
2009-10-21,90.805,91.28,90.49,90.855,
2009-10-22,90.865,91.71,90.865,91.425,
2009-10-23,91.425,92.12,91.365,92.055,
2009-10-26,92.115,92.285,91.58,92.225,
2009-10-27,92.205,92.325,91.615,91.665,
2009-10-28,91.665,91.725,90.55,90.605,
2009-10-29,90.625,91.62,90.25,91.515,
2009-10-30,91.505,91.525,89.93,90.115,
2009-11-02,89.715,90.69,89.715,90.415,
2009-11-03,90.415,90.57,89.88,90.425,
2009-11-04,90.415,91.205,90.050003,90.7,
2009-11-05,90.69,90.86,90.010002,90.8,
2009-11-06,90.8,90.8,89.63,89.875,
2009-11-09,89.875,90.27,89.74,89.875,
2009-11-10,89.865,90.18,89.69,89.705,
2009-11-11,89.635,90.019997,89.295,89.935,
2009-11-12,89.925,90.61,89.65,90.285,
2009-11-13,90.285,90.41,89.47,89.675,
2009-11-16,89.635,89.71,88.76,89.025002,
2009-11-17,89.025002,89.53,88.73,89.245,
2009-11-18,89.265,89.49,89.019997,89.405,
2009-11-19,89.395,89.435,88.64,88.915,
2009-11-20,88.915,89.13,88.68,88.885,
2009-11-23,88.885,89.19,88.57,88.925,
2009-11-24,88.925,88.96,88.36,88.615,
2009-11-25,88.615,88.635,87.215,87.345,
2009-11-26,87.335,87.475,84.855,85.155,
2009-11-27,85.165,87.010002,85.095001,86.535,
2009-11-30,86.635,86.86,85.87,86.255,
2009-12-01,86.305,87.53,86.305,86.655,
2009-12-02,86.655,87.675,86.595,87.645,
2009-12-03,87.635,88.48,87.595,88.275,
2009-12-04,88.255,90.77,87.995,90.54,
2009-12-07,90.084999,90.195,89.099998,89.32,
2009-12-08,89.35,89.445,88.19,88.41,
2009-12-09,88.42,88.665,87.38,88.095001,
2009-12-10,88.095001,88.45,87.74,88.265,
2009-12-11,88.285,89.8,88.285,89.105,
2009-12-14,89.265,89.295,88.32,88.695,
2009-12-15,88.685,89.95,88.615,89.625,
2009-12-16,89.625,89.98,89.39,89.855,
2009-12-17,89.895,90.37,89.56,89.665,
2009-12-18,89.695,90.92,88.885,90.425,
2009-12-21,90.45,91.23,90.25,91.084999,
2009-12-22,91.084999,91.87,91.0049973,91.81,
2009-12-23,91.82,91.87,91.32,91.65,
2009-12-24,91.65,91.78,91.13,91.585,
2009-12-25,91.595,91.595,91.595,91.595,
2009-12-28,91.515,91.77,91.415,91.705,
2009-12-29,91.705,92.07,91.53,91.99,
2009-12-30,91.99,92.76,91.985,92.46,
2009-12-31,92.46,93.15,91.92,93.025002,
2010-01-01,93.035004,93.035004,93.035004,93.035004,
2010-01-04,92.745,93.21,92.19,92.475,
2010-01-05,92.475,92.515,91.255,91.58,
2010-01-06,91.56,92.74,91.53,92.375,
2010-01-07,92.365,93.77,92.11,93.45,
2010-01-08,93.46,93.665,92.28,92.675,
2010-01-11,92.36,92.66,91.82,92.11,
2010-01-12,92.11,92.43,90.72,91.11,
2010-01-13,91.11,91.55,90.905,91.39,
2010-01-14,91.4,92.040001,90.85,91.26,
2010-01-15,91.28,91.325,90.6,90.775,
2010-01-18,90.85,91.059998,90.575,90.715,
2010-01-19,90.705,91.26,90.32,91.21,
2010-01-20,91.21,91.46,90.79,91.21,
2010-01-21,91.2,91.87,89.88,90.45,
2010-01-22,90.43,90.57,89.8,89.845,
2010-01-25,90.0049973,90.475,89.835,90.415,
2010-01-26,90.415,90.555,89.35,89.65,
2010-01-27,89.64,90.089996,89.14,89.97,
2010-01-28,89.97,90.55,89.63,89.79,
2010-01-29,89.8,90.93,89.59,90.285,
2010-02-01,90.25,90.945,90.0,90.76,
2010-02-02,90.77,90.91,90.265,90.45,
2010-02-03,90.45,91.275,90.080002,90.89,
2010-02-04,90.89,91.080002,88.55,89.38,
2010-02-05,89.38,89.885,88.83,89.225,
2010-02-08,89.27,89.56,89.15,89.23,
2010-02-09,89.23,89.94,89.225,89.82,
2010-02-10,89.82,90.059998,89.25,89.92,
2010-02-11,89.92,90.145,89.57,89.71,
2010-02-12,90.2,90.41,89.62,89.945,
2010-02-15,90.065002,90.235,89.91,90.059998,
2010-02-16,90.059998,90.515,89.715,90.255,
2010-02-17,90.255,91.39,90.15,91.080002,
2010-02-18,91.089996,92.095001,90.57,91.98,
2010-02-19,91.97,92.145,91.505,91.535,
2010-02-22,91.63,91.9,91.019997,91.27,
2010-02-23,91.26,91.29,89.92,90.17,
2010-02-24,90.17,90.36,89.77,90.29,
2010-02-25,90.29,90.29,88.8,89.3,
2010-02-26,89.29,89.505,88.755,88.945,
2010-03-01,88.86,89.48,88.81,89.185,
2010-03-02,89.175,89.38,88.55,88.77,
2010-03-03,88.775,88.99,88.32,88.615,
2010-03-04,88.595,89.26,88.14,89.19,
2010-03-05,89.17,90.59,89.16,90.305,
2010-03-08,90.61,90.66,90.15,90.305,
2010-03-09,90.305,90.305,89.64,90.0,
2010-03-10,90.010002,90.82,89.94,90.495,
2010-03-11,90.495,90.75,90.21,90.675,
2010-03-12,90.665,91.084999,90.17,90.565,
2010-03-15,90.7,90.8,90.275,90.335,
2010-03-16,90.335,90.73,89.99,90.315,
2010-03-17,90.315,90.71,90.035004,90.415,
2010-03-18,90.415,90.8,89.76,90.485,
2010-03-19,90.485,90.715,90.34,90.545,
2010-03-22,90.44,90.77,89.83,90.325,
2010-03-23,90.325,90.475,90.13,90.415,
2010-03-24,90.415,92.4,90.385,92.014999,
2010-03-25,92.014999,92.96,91.765,92.535,
2010-03-26,92.535,92.9,92.31,92.525,
2010-03-29,92.4,92.785,92.35,92.425,
2010-03-30,92.425,93.019997,92.125,92.925,
2010-03-31,92.84,93.63,92.73,93.47,
2010-04-01,93.525,94.040001,93.285,93.74,
2010-04-02,93.74,94.69,93.615,94.615,
2010-04-05,94.53,94.595,94.089996,94.28,
2010-04-06,94.28,94.29,93.565,93.635,
2010-04-07,93.635,94.265,93.15,93.21,
2010-04-08,93.21,93.53,92.83,93.42,
2010-04-09,93.42,93.78,93.115,93.18,
2010-04-12,93.089996,93.61,93.050003,93.205,
2010-04-13,93.205,93.41,92.575,93.24,
2010-04-14,93.24,93.715,92.83,93.305,
2010-04-15,93.22,93.55,92.85,93.010002,
2010-04-16,93.13,93.13,91.9,92.175,
2010-04-19,91.955,92.54,91.6,92.47,
2010-04-20,92.47,93.39,92.47,93.12,
2010-04-21,93.12,93.44,92.94,93.0049973,
2010-04-22,93.0049973,93.63,92.745,93.54,
2010-04-23,93.54,94.325,93.315,93.965,
2010-04-26,94.18,94.355,93.81,93.885,
2010-04-27,93.885,94.029999,92.82,93.19,
2010-04-28,93.19,94.32,92.995,94.010002,
2010-04-29,94.010002,94.26,93.855,93.965,
2010-04-30,93.965,94.59,93.835,93.855,
2010-05-03,94.12,94.78,93.845,94.66,
2010-05-04,94.66,94.975,94.33,94.9,
2010-05-05,94.9,94.99,93.54,93.88,
2010-05-06,93.88,93.975,87.98,91.36,
2010-05-07,91.36,93.24,90.84,91.595,
2010-05-10,92.165,93.54,91.845,93.019997,
2010-05-11,93.010002,93.265,92.22,92.81,
2010-05-12,92.81,93.29,92.455,93.195,
2010-05-13,93.195,93.64,92.59,92.6,
2010-05-14,92.6,93.084999,91.805,92.515,
2010-05-17,92.255,92.69,91.77,92.54,
2010-05-18,92.54,92.97,91.865,91.865,
2010-05-19,91.865,92.145,90.945,91.775,
2010-05-20,91.775,91.875,88.97,89.87,
2010-05-21,89.87,90.48,89.23,89.985,
2010-05-24,90.175,90.62,89.755,90.105,
2010-05-25,90.105,90.49,89.26,90.33,
2010-05-26,90.33,90.67,89.82,89.98,
2010-05-27,89.98,91.080002,89.925,90.99,
2010-05-28,90.99,91.41,90.61,91.065002,
2010-05-31,91.24,91.62,90.94,91.16,
2010-06-01,91.16,91.46,90.54,91.17,
2010-06-02,91.17,92.355,91.019997,92.089996,
2010-06-03,92.089996,92.8,92.044998,92.59,
2010-06-04,92.59,92.885,91.43,91.885,
2010-06-07,91.625,92.080002,90.98,91.56,
2010-06-08,91.56,91.93,90.84,91.35,
2010-06-09,91.35,91.67,91.059998,91.35,
2010-06-10,91.35,91.55,90.86,91.49,
2010-06-11,91.49,91.78,91.225,91.655,
2010-06-14,91.665,92.12,91.42,91.63,
2010-06-15,91.63,91.695,91.080002,91.53,
2010-06-16,91.53,91.82,91.099998,91.325,
2010-06-17,91.325,91.425,90.52,90.89,
2010-06-18,90.89,90.955,90.46,90.695,
2010-06-21,90.56,91.48,90.34,91.029999,
2010-06-22,91.029999,91.105,90.34,90.39,
2010-06-23,90.39,90.565,89.75,89.94,
2010-06-24,89.94,89.97,89.23,89.595,
2010-06-25,89.595,89.77,89.23,89.255,
2010-06-28,89.3,89.465,89.07,89.39,
2010-06-29,89.39,89.415,88.3,88.63,
2010-06-30,88.63,88.76,88.36,88.51,
2010-07-01,88.51,88.53,86.99,87.71,
2010-07-02,87.71,88.21,87.45,87.775,
2010-07-05,87.79,88.0049973,87.47,87.53,
2010-07-06,87.53,87.975,87.365,87.64,
2010-07-07,87.64,87.84,87.025002,87.82,
2010-07-08,87.82,88.645,87.8,88.5,
2010-07-09,88.5,88.7,88.38,88.615,
2010-07-12,89.080002,89.12,88.395,88.76,
2010-07-13,88.76,88.87,88.19,88.83,
2010-07-14,88.83,89.105,88.089996,88.3,
2010-07-15,88.3,88.41,87.24,87.43,
2010-07-16,87.43,87.5,86.3,86.575,
2010-07-19,86.53,87.225,86.53,86.76,
2010-07-20,86.76,87.57,86.74,87.41,
2010-07-21,87.41,87.43,86.8,86.85,
2010-07-22,86.85,87.23,86.35,87.22,
2010-07-23,87.22,87.5,86.74,87.465,
2010-07-26,87.67,87.72,86.83,86.91,
2010-07-27,86.91,87.98,86.84,87.82,
2010-07-28,87.88,88.13,87.24,87.41,
2010-07-29,87.34,87.53,86.54,86.78,
2010-07-30,86.76,86.82,86.019997,86.455,
2010-08-02,86.52,86.88,86.325,86.53,
2010-08-03,86.53,86.6,85.695,85.88,
2010-08-04,85.88,86.4,85.33,86.33,
2010-08-05,86.33,86.45,85.71,85.81,
2010-08-06,85.81,86.18,85.025002,85.515,
2010-08-09,85.3545,85.9545,85.3445,85.9305,
2010-08-10,85.9305,86.236,85.185,85.316,
2010-08-11,85.316,85.465,84.732,85.131,
2010-08-12,85.131,86.178,84.935,86.168,
2010-08-13,86.168,86.375,85.57,86.216,
2010-08-16,85.971,85.981,85.116,85.185,
2010-08-17,85.185,85.683,85.184,85.616,
2010-08-18,85.616,85.616,85.195,85.463,
2010-08-19,85.463,85.92,84.896,85.204,
2010-08-20,85.204,85.82,85.201,85.595,
2010-08-23,85.564,85.643,85.066002,85.084999,
2010-08-24,85.084999,85.156,83.595,84.186,
2010-08-25,84.186,84.834,84.059998,84.786,
2010-08-26,84.786,84.886,84.275,84.313,
2010-08-27,84.313,85.451,84.279,85.262,
2010-08-30,85.6,85.9045,84.492,84.606,
2010-08-31,84.606,84.662,83.835,84.13,
2010-09-01,84.13,84.665,83.676,84.5145,
2010-09-02,84.5145,84.5555,84.0039978,84.37,
2010-09-03,84.37,85.222,84.1655,84.339,
2010-09-06,84.46,84.493,84.052498,84.173,
2010-09-07,84.173,84.26,83.519,83.751,
2010-09-08,83.751,84.041,83.346,83.995,
2010-09-09,83.995,84.024002,83.498,83.915,
2010-09-10,83.915,84.382,83.753,84.183,
2010-09-13,84.246,84.286,83.506,83.611,
2010-09-14,83.611,83.715,82.928,83.083,
2010-09-15,83.083,85.774,82.877,85.608,
2010-09-16,85.608,85.93,85.227,85.814,
2010-09-17,85.814,85.932,85.5985,85.855,
2010-09-20,85.748,85.804,85.507,85.719,
2010-09-21,85.719,85.725,84.974,84.992,
2010-09-22,84.992,85.0029984,84.277,84.594,
2010-09-23,84.594,84.673,84.266,84.565,
2010-09-24,84.565,85.393,84.119,84.213,
2010-09-27,84.333,84.368,84.1175,84.268,
2010-09-28,84.268,84.342,83.702,83.939,
2010-09-29,83.939,84.086998,83.504,83.7655,
2010-09-30,83.7655,83.8,83.169,83.509,
2010-10-01,83.509,83.557,83.163,83.207,
2010-10-04,83.349,83.865,83.1865,83.584,
2010-10-05,83.584,83.985,82.981,83.165,
2010-10-06,83.165,83.244,82.757,82.976,
2010-10-07,82.976,83.030998,82.119,82.363,
2010-10-08,82.363,82.564,81.736,81.904,
2010-10-11,81.826,82.339,81.826,82.316,
2010-10-12,82.316,82.316,81.668,81.7995,
2010-10-13,81.7995,82.0049973,81.705,81.7185,
2010-10-14,81.7185,81.7275,80.891,81.587,
2010-10-15,81.587,81.6215,80.888,81.469,
2010-10-18,81.323,81.4065,81.1335,81.185,
2010-10-19,81.185,81.9175,81.1465,81.459,
2010-10-20,81.459,81.471,80.848,81.1095,
2010-10-21,81.1095,81.823,80.924,81.2735,
2010-10-22,81.2735,81.5045,80.982,81.362,
2010-10-25,81.308,81.3255,80.415,80.814,
2010-10-26,80.814,81.6515,80.6165,81.4155,
2010-10-27,81.4155,81.985,81.3755,81.5785,
2010-10-28,81.5785,81.704,80.8695,80.9355,
2010-10-29,80.9355,81.0765,80.385,80.385,
2010-11-01,80.3615,81.141,80.3315,80.5835,
2010-11-02,80.5835,80.9615,80.475,80.676,
2010-11-03,80.676,81.572,80.605,81.07,
2010-11-04,81.07,81.2195,80.5865,80.79,
2010-11-05,80.79,81.4775,80.6225,81.267,
2010-11-08,81.158,81.435,81.0070038,81.1055,
2010-11-09,81.1055,81.968,80.537,81.588,
2010-11-10,81.588,82.7975,81.5605,82.226,
2010-11-11,82.226,82.6045,82.043503,82.4275,
2010-11-12,82.4275,82.654,81.657,82.496,
2010-11-15,82.486,83.2585,82.398,83.168,
2010-11-16,83.168,83.5925,82.9105,83.379,
2010-11-17,83.379,83.5515,83.038002,83.1365,
2010-11-18,83.1365,83.7835,83.1035,83.5445,
2010-11-19,83.5445,83.6435,83.1425,83.532,
2010-11-22,83.4815,83.563,83.2325,83.3115,
2010-11-23,83.3115,83.845,82.7935,83.274,
2010-11-24,83.274,83.6605,82.947,83.5295,
2010-11-25,83.5295,83.696,83.404,83.653,
2010-11-26,83.653,84.1845,83.645,84.074997,
2010-11-29,84.1825,84.404,83.8365,84.277,
2010-11-30,84.277,84.2795,83.433,83.6895,
2010-12-01,83.6895,84.399,83.391,84.1415,
2010-12-02,84.1415,84.3685,83.505,83.836,
2010-12-03,83.836,83.8475,82.531,82.549,
2010-12-06,82.796,82.994,82.575,82.684,
2010-12-07,82.684,83.6605,82.3435,83.487,
2010-12-08,83.487,84.2995,83.4845,84.1135,
2010-12-09,84.1135,84.1145,83.516,83.8335,
2010-12-10,83.8335,84.014,83.4565,83.95,
2010-12-13,83.9855,84.353,83.1115,83.45,
2010-12-14,83.45,83.831,82.844,83.8085,
2010-12-15,83.8085,84.5075,83.6515,84.276,
2010-12-16,84.276,84.444,83.899,84.055,
2010-12-17,84.055,84.2045,83.694,83.985,
2010-12-20,84.025002,84.12,83.6335,83.7895,
2010-12-21,83.7895,83.9055,83.503,83.8075,
2010-12-22,83.8075,83.854,83.417,83.5685,
2010-12-23,83.5685,83.5755,82.8635,83.031502,
2010-12-24,83.031502,83.1615,82.866,82.878,
2010-12-27,82.948,82.9765,82.6525,82.7635,
2010-12-28,82.7635,82.7715,81.8175,82.366,
2010-12-29,82.366,82.3745,81.608,81.63,
2010-12-30,81.63,81.8565,81.293,81.505,
2010-12-31,81.505,81.5415,80.9455,81.161,
2011-01-03,81.131,81.755,81.131,81.674,
2011-01-04,81.674,82.2795,81.615,82.055,
2011-01-05,82.055,83.378,81.886,83.1885,
2011-01-06,83.1885,83.3945,82.8825,83.3095,
2011-01-07,83.3095,83.688,82.8615,83.142,
2011-01-10,83.064003,83.28,82.67,82.72,
2011-01-11,82.72,83.491,82.72,83.3645,
2011-01-12,83.3645,83.464,82.811,83.085503,
2011-01-13,83.085503,83.1485,82.548,82.7665,
2011-01-14,82.7665,83.063499,82.414,82.876,
2011-01-17,82.8965,83.0070038,82.3565,82.6755,
2011-01-18,82.6755,82.82,82.335,82.624,
2011-01-19,82.624,82.689,81.853,82.1615,
2011-01-20,82.1615,83.125,82.056,82.948,
2011-01-21,82.948,83.086998,82.5315,82.572,
2011-01-24,82.598,82.921,82.3065,82.5355,
2011-01-25,82.5355,82.6645,81.9785,82.264,
2011-01-26,82.264,82.6125,81.986,82.1685,
2011-01-27,82.1685,83.201,82.023003,82.8945,
2011-01-28,82.8945,82.9075,81.989,82.135,
2011-01-31,82.104,82.2555,81.9135,82.099503,
2011-02-01,82.099503,82.1545,81.316,81.419,
2011-02-02,81.419,81.8555,81.364,81.504,
2011-02-03,81.504,82.061996,81.406,81.6735,
2011-02-04,81.6735,82.46,81.134,82.179,
2011-02-07,82.2355,82.4665,82.165,82.3045,
2011-02-08,82.3045,82.423,81.775,82.3035,
2011-02-09,82.3035,82.668,82.2055,82.419,
2011-02-10,82.419,83.3935,82.3855,83.349,
2011-02-11,83.349,83.6735,83.2405,83.435,
2011-02-14,83.4415,83.4945,83.097504,83.4105,
2011-02-15,83.4105,83.9155,83.2,83.719,
2011-02-16,83.719,83.972,83.505,83.6105,
2011-02-17,83.6105,83.7495,83.1565,83.31,
2011-02-18,83.31,83.524,83.0355,83.187,
2011-02-21,83.109,83.53,83.067001,83.078499,
2011-02-22,83.078499,83.4235,82.58,82.7665,
2011-02-23,82.7665,82.887,82.3205,82.4465,
2011-02-24,82.4465,82.462,81.628,82.039001,
2011-02-25,82.039001,82.066002,81.6475,81.682,
2011-02-28,81.6365,81.9795,81.6215,81.883,
2011-03-01,81.883,82.235,81.794,81.916,
2011-03-02,81.916,82.11,81.578,81.844,
2011-03-03,81.844,82.516,81.726,82.3785,
2011-03-04,82.3785,83.050499,82.218,82.312,
2011-03-07,82.355,82.3885,81.955,82.2935,
2011-03-08,82.2935,82.853,82.213,82.815,
2011-03-09,82.815,82.932,82.5795,82.838,
2011-03-10,82.838,83.1725,82.7005,82.919,
2011-03-11,82.919,83.298,81.6625,81.857,
2011-03-14,81.2985,82.457,81.2985,81.8295,
2011-03-15,81.8295,82.027,80.733,80.874,
2011-03-16,80.73,81.19,76.25,78.15,
2011-03-17,77.66,79.76,77.16,78.85,
2011-03-18,78.99,82.0,78.99,80.61,
2011-03-21,81.013496,81.3185,80.8175,81.233,
2011-03-22,81.233,81.233,80.8505,81.047501,
2011-03-23,81.047501,81.07,80.7055,80.879,
2011-03-24,80.879,81.056999,80.767,81.024002,
2011-03-25,81.024002,81.4945,80.879,81.34,
2011-03-28,81.581,81.8475,81.525,81.7245,
2011-03-29,81.7245,82.536,81.5465,82.513,
2011-03-30,82.513,83.2125,82.4225,83.143,
2011-03-31,83.143,83.451,82.5735,83.4325,
2011-04-01,83.4325,84.727,83.3665,84.063004,
2011-04-04,84.1725,84.4845,83.857,84.364,
2011-04-05,84.364,85.2305,84.1645,84.9775,
2011-04-06,84.9775,85.524,84.8445,85.4465,
2011-04-07,85.4465,85.483,84.5975,84.894,
2011-04-08,84.894,85.3935,84.682,84.746,
2011-04-11,85.13,85.136,84.3645,84.453,
2011-04-12,84.453,84.574,83.4735,83.758,
2011-04-13,83.758,84.2635,83.5765,83.7425,
2011-04-14,83.7425,83.8315,82.963,83.671,
2011-04-15,83.671,83.7555,82.9645,83.145,
2011-04-18,83.087502,83.196,82.194,82.4805,
2011-04-19,82.4805,82.879,82.366,82.7665,
2011-04-20,82.7665,83.1005,82.2655,82.4965,
2011-04-21,82.4965,82.499,81.6235,81.869,
2011-04-22,81.869,82.1095,81.669,81.878,
2011-04-25,82.030502,82.4225,81.638,81.6755,
2011-04-26,81.6755,81.976,81.268,81.3845,
2011-04-27,81.3845,82.783,81.3515,82.256,
2011-04-28,82.256,82.2635,81.4045,81.616,
2011-04-29,81.616,81.627,81.043999,81.194,
2011-05-02,81.2175,81.691,81.0029984,81.2385,
2011-05-03,81.2385,81.239,80.698,81.041,
2011-05-04,81.041,81.1915,80.4335,80.5945,
2011-05-05,80.5945,80.6535,79.569,80.316,
2011-05-06,80.316,80.9275,80.205,80.634,
2011-05-09,80.796,80.8305,80.163,80.173,
2011-05-10,80.173,81.085503,80.173,80.967,
2011-05-11,80.967,81.322,80.619,81.036499,
2011-05-12,81.036499,81.3225,80.713,81.013,
2011-05-13,81.013,81.091003,80.354,80.788,
2011-05-16,80.7215,81.063499,80.678,80.864,
2011-05-17,80.864,81.783,80.8405,81.501,
2011-05-18,81.501,81.8135,80.9405,81.732,
2011-05-19,81.732,82.222,81.473,81.7295,
2011-05-20,81.7295,81.8635,81.4845,81.712,
2011-05-23,81.664,82.083,81.325,81.975,
2011-05-24,81.975,82.208,81.6225,82.046997,
2011-05-25,82.046997,82.1705,81.799,82.031502,
2011-05-26,82.031502,82.035004,81.0905,81.1365,
2011-05-27,81.1365,81.294,80.7065,80.797,
2011-05-30,80.8725,81.0205,80.7655,80.8695,
2011-05-31,80.8695,81.7685,80.715,81.356,
2011-06-01,81.356,81.503,80.681,80.9415,
2011-06-02,80.9415,81.3215,80.572,80.885,
2011-06-03,80.885,80.886,80.056503,80.273,
2011-06-06,80.23,80.396,79.9815,80.1165,
2011-06-07,80.1165,80.331,79.9895,80.1875,
2011-06-08,80.1875,80.214,79.702,79.8725,
2011-06-09,79.8725,80.4615,79.839,80.355,
2011-06-10,80.355,80.401,79.9695,80.328,
2011-06-13,80.362,80.689,80.093498,80.201,
2011-06-14,80.201,80.6455,80.112,80.512,
2011-06-15,80.512,81.056999,80.3855,80.85,
2011-06-16,80.85,81.030998,80.4865,80.5835,
2011-06-17,80.5835,80.675,80.012001,80.046997,
2011-06-20,80.168,80.365,80.026001,80.205,
2011-06-21,80.205,80.3285,80.055,80.2485,
2011-06-22,80.2485,80.421,80.016998,80.3715,
2011-06-23,80.3715,80.7945,80.343,80.4955,
2011-06-24,80.4955,80.605,80.1305,80.433,
2011-06-27,80.4665,80.983,80.466,80.7655,
2011-06-28,80.7655,81.269,80.664,81.053497,
2011-06-29,81.053497,81.186,80.5815,80.746,
2011-06-30,80.746,80.8555,80.267,80.706,
2011-07-01,80.706,81.1435,80.5565,80.833,
2011-07-04,80.835,80.868,80.539,80.7865,
2011-07-05,80.7865,81.1875,80.785,81.078499,
2011-07-06,81.078499,81.1045,80.7695,80.879,
2011-07-07,80.879,81.412,80.798,81.268,
2011-07-08,81.268,81.4755,80.506,80.643,
2011-07-11,80.6775,80.8315,80.1105,80.3445,
2011-07-12,80.3445,80.362,78.492,79.4555,
2011-07-13,79.4555,79.5695,78.6595,78.8635,
2011-07-14,78.8635,79.5965,78.4675,79.0065002,
2011-07-15,79.0065002,79.276,78.9925,79.1355,
2011-07-18,79.068497,79.18,78.9535,79.044502,
2011-07-19,79.044502,79.278,78.824,79.1785,
2011-07-20,79.1785,79.3185,78.712,78.815,
2011-07-21,78.815,79.019501,78.2265,78.5575,
2011-07-22,78.5575,78.724,78.288,78.544,
2011-07-25,78.3855,78.554,78.056999,78.3095,
2011-07-26,78.3095,78.558,77.833,77.9925,
2011-07-27,77.9925,78.1665,77.576,77.9415,
2011-07-28,77.9415,78.025002,77.6325,77.8275,
2011-07-29,77.8275,77.8665,76.738,76.764,
2011-08-01,77.3485,78.042999,76.3085,77.573,
2011-08-02,77.573,77.7825,76.965,77.298,
2011-08-03,77.298,77.376,76.789,77.138,
2011-08-04,77.138,80.2365,77.012001,79.077499,
2011-08-05,79.077499,79.414,78.331,78.471,
2011-08-08,78.2485,78.3435,77.5035,77.675,
2011-08-09,77.675,77.712,76.706,77.145,
2011-08-10,77.145,77.1515,76.3555,76.821,
2011-08-11,76.821,77.222,76.311,76.942,
2011-08-12,76.942,77.019501,76.5155,76.685,
2011-08-15,76.8745,77.084,76.5945,76.8155,
2011-08-16,76.8155,76.9275,76.6535,76.7425,
2011-08-17,76.7425,76.7955,76.4115,76.62,
2011-08-18,76.62,76.7065,76.4535,76.6365,
2011-08-19,76.6365,76.9655,75.9695,76.5465,
2011-08-22,76.851,77.1915,76.562,76.9255,
2011-08-23,76.9255,76.9265,76.4745,76.6555,
2011-08-24,76.6555,77.084,76.476,77.023499,
2011-08-25,77.023499,77.6965,76.8445,77.405,
2011-08-26,77.405,77.46,76.504,76.666,
2011-08-29,76.7565,77.015999,76.577,76.9465,
2011-08-30,76.9465,76.953,76.62,76.723,
2011-08-31,76.723,76.8365,76.427,76.762,
2011-09-01,76.762,77.239,76.708,76.8885,
2011-09-02,76.8885,76.969,76.551,76.808,
2011-09-05,76.846,76.976,76.694,76.931,
2011-09-06,76.931,77.726,76.7225,77.531,
2011-09-07,77.531,77.55,77.075996,77.354,
2011-09-08,77.354,77.5965,77.1445,77.564,
2011-09-09,77.564,77.8585,77.1015,77.589,
2011-09-12,77.4715,77.5875,76.758,77.1915,
2011-09-13,77.1915,77.2515,76.807,76.948,
2011-09-14,76.948,77.056999,76.603,76.723,
2011-09-15,76.723,77.296,76.5605,76.723,
2011-09-16,76.723,76.9705,76.6755,76.797,
2011-09-19,76.961,76.981,76.3305,76.6845,
2011-09-20,76.6845,76.7625,76.3625,76.399,
2011-09-21,76.399,76.738,76.1225,76.632,
2011-09-22,76.632,76.928,76.109,76.261,
2011-09-23,76.261,76.8855,76.1525,76.596,
2011-09-26,76.6555,76.761,76.233,76.4405,
2011-09-27,76.4405,76.9345,76.2665,76.701,
2011-09-28,76.701,76.7145,76.3385,76.5365,
2011-09-29,76.5365,77.027,76.4155,76.7285,
2011-09-30,76.7285,77.1975,76.505,77.049004,
2011-10-03,77.2,77.214,76.5155,76.6165,
2011-10-04,76.6165,76.9785,76.543,76.8295,
2011-10-05,76.8295,77.071999,76.6185,76.7865,
2011-10-06,76.7865,76.839,76.565,76.687,
2011-10-07,76.687,76.9115,76.5905,76.7325,
2011-10-10,76.803,76.855,76.574,76.6655,
2011-10-11,76.6655,76.7585,76.6045,76.7055,
2011-10-12,76.7055,77.488,76.321,77.102,
2011-10-13,77.102,77.225,76.675,76.904,
2011-10-14,76.904,77.449,76.8625,77.209,
2011-10-17,77.225,77.455,76.6045,76.836,
2011-10-18,76.836,76.9065,76.63,76.7765,
2011-10-19,76.7765,76.863,76.661,76.839,
2011-10-20,76.839,77.088501,76.683,76.8795,
2011-10-21,76.8795,76.8795,75.8225,76.288,
2011-10-24,76.423,76.439,75.9935,76.203,
2011-10-25,76.203,76.2955,75.7455,76.1185,
2011-10-26,76.1185,76.3225,75.716,76.1775,
2011-10-27,76.1775,76.281,75.6645,75.976,
2011-10-28,75.976,76.0035019,75.676,75.824,
2011-10-31,75.763,79.533,75.5775,78.3245,
2011-11-01,78.3245,78.9815,78.021004,78.306,
2011-11-02,78.306,78.3195,77.956,78.1515,
2011-11-03,78.1515,78.168,77.8965,78.063499,
2011-11-04,78.063499,78.266,77.991,78.236,
2011-11-07,78.157,78.1835,77.9875,78.083504,
2011-11-08,78.083504,78.087502,77.6125,77.705,
2011-11-09,77.705,77.888,77.544,77.7735,
2011-11-10,77.7735,77.873,77.511,77.663,
2011-11-11,77.663,77.6735,77.053497,77.142,
2011-11-14,77.176,77.246,76.816,77.096001,
2011-11-15,77.096001,77.497,76.909,77.086998,
2011-11-16,77.086998,77.1465,76.8575,77.073997,
2011-11-17,77.073997,77.080002,76.916,76.9745,
2011-11-18,76.9745,77.030998,76.5775,76.9005,
2011-11-21,76.854,76.994,76.765,76.9405,
2011-11-22,76.9405,77.324,76.841,76.9815,
2011-11-23,76.9815,77.5775,76.9285,77.283,
2011-11-24,77.283,77.283,77.017502,77.185,
2011-11-25,77.185,77.7905,77.176,77.729,
2011-11-28,77.684,78.2395,77.5845,78.091003,
2011-11-29,78.091003,78.285,77.625,77.9745,
2011-11-30,77.9745,78.157,77.303,77.597,
2011-12-01,77.597,77.812,77.4865,77.766,
2011-12-02,77.766,78.080002,77.728,77.988,
2011-12-05,78.095001,78.098503,77.695,77.8075,
2011-12-06,77.8075,77.858,77.642,77.751,
2011-12-07,77.751,77.789,77.6285,77.6815,
2011-12-08,77.6815,77.797,77.139,77.685,
2011-12-09,77.685,77.7775,77.4955,77.614,
2011-12-12,77.6175,78.0029984,77.5855,77.957,
2011-12-13,77.957,78.018997,77.649,77.967,
2011-12-14,77.967,78.155,77.9255,78.1245,
2011-12-15,78.1245,78.1275,77.738,77.854,
2011-12-16,77.854,77.9635,77.6195,77.768,
2011-12-19,77.822,78.1635,77.803,78.016502,
2011-12-20,78.016502,78.057999,77.7165,77.8605,
2011-12-21,77.8605,78.1075,77.6945,78.084,
2011-12-22,78.084,78.21,78.0039978,78.1705,
2011-12-23,78.1705,78.23,78.0049973,78.084,
2011-12-26,78.086998,78.086998,77.982,78.0090027,
2011-12-27,78.0090027,78.025002,77.797,77.8815,
2011-12-28,77.8815,78.039497,77.567,77.946,
2011-12-29,77.946,77.9485,77.592,77.6715,
2011-12-30,77.6715,77.744,76.879,76.889,
2012-01-02,77.035004,77.065002,76.86,76.954,
2012-01-03,76.954,76.965,76.6255,76.741,
2012-01-04,76.741,76.83,76.6115,76.725,
2012-01-05,76.725,77.245,76.66,77.17,
2012-01-06,77.17,77.3365,76.9585,76.965,
2012-01-09,76.936,77.0090027,76.773,76.8755,
2012-01-10,76.8755,76.9055,76.778,76.8605,
2012-01-11,76.8605,77.041496,76.8365,76.8725,
2012-01-12,76.8725,76.98,76.671,76.7925,
2012-01-13,76.7925,77.0059967,76.6655,76.965,
2012-01-16,76.9305,76.9355,76.7035,76.8295,
2012-01-17,76.8295,76.8785,76.5595,76.822,
2012-01-18,76.822,76.873,76.655,76.7925,
2012-01-19,76.7925,77.318,76.701,77.080002,
2012-01-20,77.080002,77.3045,76.9195,77.024002,
2012-01-23,76.975,77.082001,76.8695,77.0049973,
2012-01-24,77.0025024,77.852,76.9595,77.68,
2012-01-25,77.688,78.283,77.5635,77.7775,
2012-01-26,77.785,77.807,77.296,77.472,
2012-01-27,77.466,77.4675,76.651,76.695,
2012-01-30,76.7445,76.777,76.219,76.376,
2012-01-31,76.3755,76.4185,76.1605,76.273,
2012-02-01,76.2745,76.353,76.024002,76.1985,
2012-02-02,76.2,76.242,76.051003,76.188,
2012-02-03,76.1845,76.7365,76.142,76.606,
2012-02-06,76.566,76.802,76.4955,76.57,
2012-02-07,76.569,76.964,76.525,76.7735,
2012-02-08,76.774,77.1875,76.717,77.073997,
2012-02-09,77.070999,77.728,77.044502,77.659,
2012-02-10,77.6595,77.807,77.5235,77.613,
2012-02-13,77.7105,77.783,77.369,77.518,
2012-02-14,77.5175,78.536,77.5145,78.408,
2012-02-15,78.412,78.6605,78.184,78.5015,
2012-02-16,78.498,78.9645,78.3655,78.833,
2012-02-17,78.835,79.615,78.833,79.562,
2012-02-20,79.7865,79.788,79.365,79.6175,
2012-02-21,79.6165,79.865,79.5595,79.853,
2012-02-22,79.847,80.4025,79.7765,80.272,
2012-02-23,80.2715,80.342,79.8575,79.946,
2012-02-24,79.9425,81.2155,79.942,81.203,
2012-02-27,81.4815,81.489,80.135,80.4715,
2012-02-28,80.471,80.7855,80.017502,80.477,
2012-02-29,80.49,81.381,80.2555,81.285,
2012-03-01,81.285,81.318,80.8405,81.0905,
2012-03-02,81.093002,81.871,81.093002,81.802,
2012-03-05,81.62,81.786,81.1585,81.5325,
2012-03-06,81.534,81.572,80.592,80.641,
2012-03-07,80.64,81.361,80.5875,81.361,
2012-03-08,81.361,81.731,81.1805,81.598,
2012-03-09,81.597,82.642,81.481,82.4845,
2012-03-12,82.354,82.4335,82.1145,82.3755,
2012-03-13,82.376,83.083,81.972,82.9585,
2012-03-14,82.959,83.9055,82.957,83.835,
2012-03-15,83.8355,84.178,83.197,83.5005,
2012-03-16,83.5015,83.9435,83.1885,83.445,
2012-03-19,83.462,83.568,83.0215,83.3805,
2012-03-20,83.3815,83.8335,83.3225,83.6715,
2012-03-21,83.673,84.095497,83.1425,83.1985,
2012-03-22,83.202,83.4655,82.3315,82.529,
2012-03-23,82.527,82.9505,81.991,82.346,
2012-03-26,82.602,83.035004,82.5605,83.015503,
2012-03-27,83.019997,83.3845,82.645,83.073997,
2012-03-28,83.074501,83.1815,82.612,82.845,
2012-03-29,82.844,82.8715,81.9155,82.2945,
2012-03-30,82.294,82.882,81.8355,82.869,
2012-04-02,82.887,83.2995,81.5605,81.6385,
2012-04-03,81.634,82.99,81.634,82.847,
2012-04-04,82.853,82.936,82.097,82.4395,
2012-04-05,82.4185,82.454,81.835,82.215,
2012-04-06,82.2155,82.5555,81.33,81.643,
2012-04-09,81.297,81.6695,81.231,81.6435,
2012-04-10,81.6535,81.864,80.649,80.679,
2012-04-11,80.6835,81.1175,80.592,81.0045013,
2012-04-12,81.0029984,81.1315,80.74,80.945,
2012-04-13,80.9455,81.195,80.83,80.917,
2012-04-16,80.922,80.998,80.3005,80.408,
2012-04-17,80.409,81.1065,80.3725,81.064003,
2012-04-18,81.065002,81.5635,81.0070038,81.3165,
2012-04-19,81.3185,81.7355,81.272,81.626,
2012-04-20,81.6305,81.7815,81.4825,81.522,
2012-04-23,81.5985,81.5985,80.9735,81.092003,
2012-04-24,81.092499,81.438,80.858,81.402,
2012-04-25,81.403,81.694,81.082001,81.3215,
2012-04-26,81.3225,81.4245,80.6695,81.072502,
2012-04-27,81.070999,81.4395,80.2185,80.268,
2012-04-30,80.3625,80.3725,79.739,79.9365,
2012-05-01,79.9355,80.3,79.644,80.226,
2012-05-02,80.2255,80.6135,80.059502,80.1355,
2012-05-03,80.1365,80.5535,80.1135,80.228,
2012-05-04,80.17,80.35,79.78,79.85,
2012-05-07,79.75,79.99,79.64,79.91,
2012-05-08,79.88,80.07,79.68,79.88,
2012-05-09,79.89,79.93,79.41,79.64,
2012-05-10,79.65,80.019997,79.58,79.92,
2012-05-11,79.86,80.0,79.71,79.96,
2012-05-14,79.95,80.18,79.66,79.9,
2012-05-15,79.83,80.33,79.78,80.19,
2012-05-16,80.18,80.55,80.17,80.31,
2012-05-17,80.3,80.39,79.12,79.35,
2012-05-18,79.32,79.45,78.97,79.029999,
2012-05-21,79.17,79.45,79.080002,79.31,
2012-05-22,79.28,80.14,79.25,79.98,
2012-05-23,79.95,80.07,79.2,79.47,
2012-05-24,79.46,79.63,79.31,79.57,
2012-05-25,79.56,79.81,79.47,79.68,
2012-05-28,79.66,79.66,79.31,79.47,
2012-05-29,79.45,79.63,79.36,79.52,
2012-05-30,79.52,79.56,78.85,79.089996,
2012-05-31,79.080002,79.13,78.2,78.36,
2012-06-01,78.35,78.64,77.65,78.019997,
2012-06-04,78.07,78.41,77.96,78.34,
2012-06-05,78.31,78.84,78.089996,78.77,
2012-06-06,78.71,79.26,78.58,79.23,
2012-06-07,79.22,79.78,79.18,79.64,
2012-06-08,79.66,79.75,79.089996,79.49,
2012-06-11,79.55,79.71,79.34,79.42,
2012-06-12,79.39,79.68,79.13,79.54,
2012-06-13,79.54,79.74,79.27,79.41,
2012-06-14,79.41,79.47,79.14,79.39,
2012-06-15,79.39,79.51,78.59,78.72,
2012-06-18,78.9,79.29,78.84,79.12,
2012-06-19,79.099998,79.11,78.83,78.94,
2012-06-20,78.99,79.67,78.77,79.52,
2012-06-21,79.45,80.33,79.36,80.27,
2012-06-22,80.21,80.56,79.99,80.42,
2012-06-25,80.46,80.59,79.41,79.67,
2012-06-26,79.61,79.78,79.22,79.5,
2012-06-27,79.5,79.87,79.32,79.71,
2012-06-28,79.67,79.75,79.21,79.45,
2012-06-29,79.41,79.99,79.14,79.81,
2012-07-02,79.89,79.96,79.29,79.5,
2012-07-03,79.48,79.93,79.4,79.84,
2012-07-04,79.8,79.89,79.56,79.84,
2012-07-05,79.86,80.089996,79.54,79.89,
2012-07-06,79.91,80.010002,79.48,79.67,
2012-07-09,79.65,79.74,79.41,79.58,
2012-07-10,79.54,79.59,79.18,79.44,
2012-07-11,79.4,79.78,79.11,79.75,
2012-07-12,79.72,79.94,79.16,79.3,
2012-07-13,79.27,79.39,79.07,79.22,
2012-07-16,79.23,79.28,78.67,78.86,
2012-07-17,78.85,79.17,78.77,79.07,
2012-07-18,79.029999,79.14,78.74,78.81,
2012-07-19,78.78,78.82,78.42,78.59,
2012-07-20,78.57,78.8,78.42,78.49,
2012-07-23,78.43,78.52,77.95,78.39,
2012-07-24,78.37,78.38,78.080002,78.19,
2012-07-25,78.16,78.27,78.040001,78.17,
2012-07-26,78.15,78.31,78.010002,78.22,
2012-07-27,78.21,78.67,78.050003,78.42,
2012-07-30,78.44,78.54,78.099998,78.18,
2012-07-31,78.17,78.3,78.019997,78.13,
2012-08-01,78.099998,78.5,77.91,78.44,
2012-08-02,78.44,78.53,78.11,78.23,
2012-08-03,78.23,78.77,78.029999,78.48,
2012-08-06,78.46,78.63,78.13,78.25,
2012-08-07,78.24,78.73,78.12,78.61,
2012-08-08,78.59,78.65,78.21,78.42,
2012-08-09,78.41,78.79,78.27,78.56,
2012-08-10,78.55,78.64,78.14,78.28,
2012-08-13,78.22,78.37,78.14,78.32,
2012-08-14,78.3,78.93,78.28,78.73,
2012-08-15,78.72,79.040001,78.57,79.0,
2012-08-16,78.99,79.39,78.89,79.34,
2012-08-17,79.31,79.57,79.2,79.56,
2012-08-20,79.48,79.66,79.3,79.42,
2012-08-21,79.4,79.52,79.2,79.28,
2012-08-22,79.26,79.36,78.33,78.58,
2012-08-23,78.56,78.69,78.34,78.48,
2012-08-24,78.46,78.72,78.43,78.67,
2012-08-27,78.64,78.84,78.61,78.75,
2012-08-28,78.74,78.77,78.43,78.51,
2012-08-29,78.49,78.78,78.46,78.7,
2012-08-30,78.68,78.74,78.46,78.62,
2012-08-31,78.6,78.65,78.18,78.39,
2012-09-03,78.37,78.39,78.18,78.26,
2012-09-04,78.24,78.46,78.23,78.42,
2012-09-05,78.39,78.53,78.29,78.39,
2012-09-06,78.36,79.019997,78.36,78.86,
2012-09-07,78.85,79.010002,78.0,78.27,
2012-09-10,78.22,78.33,78.15,78.28,
2012-09-11,78.27,78.28,77.67,77.77,
2012-09-12,77.76,77.96,77.71,77.85,
2012-09-13,77.83,77.87,77.11,77.49,
2012-09-14,77.47,78.39,77.44,78.39,
2012-09-17,78.37,78.92,78.14,78.7,
2012-09-18,78.7,78.87,78.49,78.82,
2012-09-19,78.8,79.21,78.24,78.38,
2012-09-20,78.36,78.46,78.0,78.25,
2012-09-21,78.23,78.37,78.080002,78.17,
2012-09-24,78.15,78.17,77.79,77.86,
2012-09-25,77.85,77.92,77.64,77.8,
2012-09-26,77.78,77.88,77.57,77.75,
2012-09-27,77.73,77.75,77.55,77.61,
2012-09-28,77.57,78.099998,77.41,77.92,
2012-10-01,77.89,78.14,77.77,78.0,
2012-10-02,77.98,78.21,77.95,78.16,
2012-10-03,78.14,78.58,78.11,78.5,
2012-10-04,78.48,78.71,78.29,78.48,
2012-10-05,78.46,78.87,78.26,78.67,
2012-10-08,78.66,78.76,78.059998,78.33,
2012-10-09,78.32,78.43,78.14,78.25,
2012-10-10,78.25,78.37,78.11,78.19,
2012-10-11,78.18,78.58,77.92,78.33,
2012-10-12,78.31,78.53,78.27,78.44,
2012-10-15,78.39,78.86,78.3,78.64,
2012-10-16,78.62,78.96,78.61,78.89,
2012-10-17,78.88,79.040001,78.59,78.94,
2012-10-18,78.91,79.45,78.9,79.28,
2012-10-19,79.26,79.43,79.11,79.32,
2012-10-22,79.3,79.96,79.19,79.94,
2012-10-23,79.94,79.99,79.69,79.86,
2012-10-24,79.84,79.91,79.68,79.81,
2012-10-25,79.78,80.34,79.74,80.3,
2012-10-26,80.29,80.36,79.48,79.65,
2012-10-29,79.63,79.84,79.51,79.81,
2012-10-30,79.78,79.99,79.25,79.64,
2012-10-31,79.6,79.95,79.49,79.77,
2012-11-01,79.76,80.2,79.75,80.14,
2012-11-02,80.12,80.67,80.099998,80.47,
2012-11-05,80.27,80.56,80.12,80.29,
2012-11-06,80.28,80.44,79.95,80.36,
2012-11-07,80.35,80.4,79.76,80.0,
2012-11-08,79.98,80.0,79.31,79.47,
2012-11-09,79.45,79.6,79.059998,79.5,
2012-11-12,79.46,79.56,79.34,79.5,
2012-11-13,79.49,79.64,79.18,79.39,
2012-11-14,79.38,80.3,79.36,80.25,
2012-11-15,80.22,81.45,80.11,81.16,
2012-11-16,81.14,81.44,80.87,81.3,
2012-11-19,81.26,81.56,81.059998,81.42,
2012-11-20,81.41,81.75,81.11,81.67,
2012-11-21,81.67,82.55,81.63,82.53,
2012-11-22,82.51,82.82,82.25,82.47,
2012-11-23,82.45,82.48,82.050003,82.42,
2012-11-26,82.39,82.62,81.9,82.07,
2012-11-27,82.050003,82.31,81.83,82.14,
2012-11-28,82.12,82.21,81.67,82.07,
2012-11-29,82.07,82.21,81.89,82.12,
2012-11-30,82.099998,82.74,82.019997,82.48,
2012-12-03,82.35,82.5,81.97,82.25,
2012-12-04,82.23,82.26,81.69,81.89,
2012-12-05,81.87,82.48,81.76,82.47,
2012-12-06,82.46,82.61,82.18,82.41,
2012-12-07,82.39,82.82,82.15,82.48,
2012-12-10,82.35,82.63,82.089996,82.36,
2012-12-11,82.33,82.57,82.27,82.52,
2012-12-12,82.51,83.29,82.45,83.25,
2012-12-13,83.24,83.67,83.099998,83.64,
2012-12-14,83.64,83.96,83.3,83.48,
2012-12-17,84.35,84.48,83.58,83.89,
2012-12-18,83.86,84.27,83.79,84.2,
2012-12-19,84.2,84.61,84.14,84.41,
2012-12-20,84.4,84.45,83.83,84.38,
2012-12-21,84.36,84.44,83.83,84.23,
2012-12-24,84.21,84.94,84.2,84.94,
2012-12-25,84.94,84.95,84.59,84.75,
2012-12-26,84.75,85.7,84.72,85.64,
2012-12-27,85.62,86.15,85.45,86.099998,
2012-12-28,86.089996,86.63,85.92,86.019997,
2012-12-31,85.78,86.79,85.68,86.75,
2013-01-01,86.72,86.79,86.53,86.69,
2013-01-02,86.67,87.34,86.51,87.34,
2013-01-03,87.32,87.36,86.74,87.23,
2013-01-04,87.21,88.4,87.21,88.15,
2013-01-07,88.17,88.37,87.6,87.78,
2013-01-08,87.75,87.82,86.88,87.050003,
2013-01-09,87.029999,88.010002,86.81,87.88,
2013-01-10,87.86,88.78,87.84,88.78,
2013-01-11,88.78,89.44,88.66,89.18,
2013-01-14,89.24,89.67,89.050003,89.47,
2013-01-15,89.46,89.63,88.27,88.79,
2013-01-16,88.8,88.87,87.77,88.39,
2013-01-17,88.36,90.099998,88.11,89.88,
2013-01-18,89.85,90.18,89.61,90.080002,
2013-01-21,89.96,90.25,89.32,89.61,
2013-01-22,89.58,90.059998,88.35,88.71,
2013-01-23,88.69,88.79,88.029999,88.61,
2013-01-24,88.6,90.54,88.4,90.33,
2013-01-25,90.3,91.19,90.26,90.92,
2013-01-28,90.9,91.25,90.53,90.85,
2013-01-29,90.83,91.010002,90.3,90.73,
2013-01-30,90.73,91.4,90.64,91.080002,
2013-01-31,91.07,91.77,90.71,91.72,
2013-02-01,91.69,92.96,91.59,92.72,
2013-02-04,92.82,93.18,92.18,92.38,
2013-02-05,92.36,93.65,91.96,93.63,
2013-02-06,93.61,94.059998,93.26,93.64,
2013-02-07,93.62,93.91,93.059998,93.63,
2013-02-08,93.61,93.74,92.15,92.69,
2013-02-11,92.83,94.42,92.34,94.33,
2013-02-12,94.3,94.4,92.96,93.47,
2013-02-13,93.46,93.78,92.8,93.39,
2013-02-14,93.36,93.71,92.65,92.88,
2013-02-15,92.86,93.84,92.21,93.52,
2013-02-18,93.65,94.2,93.6,93.95,
2013-02-19,93.95,93.96,93.27,93.58,
2013-02-20,93.57,94.019997,93.11,93.56,
2013-02-21,93.53,93.86,92.76,93.11,
2013-02-22,93.080002,93.5,92.9,93.41,
2013-02-25,93.96,94.76,90.92,91.81,
2013-02-26,91.8,92.74,91.13,91.98,
2013-02-27,91.95,92.43,91.12,92.23,
2013-02-28,92.2,92.85,91.98,92.56,
2013-03-01,92.54,93.68,92.41,93.59,
2013-03-04,93.56,93.72,93.15,93.48,
2013-03-05,93.46,93.54,92.89,93.29,
2013-03-06,93.28,94.11,92.98,94.080002,
2013-03-07,94.040001,95.059998,93.77,94.83,
2013-03-08,94.79,96.54,94.76,96.029999,
2013-03-11,95.95,96.36,95.9,96.28,
2013-03-12,96.26,96.71,95.62,96.080002,
2013-03-13,96.080002,96.25,95.43,96.11,
2013-03-14,96.11,96.59,95.66,96.11,
2013-03-15,96.080002,96.27,95.059998,95.28,
2013-03-18,94.099998,95.6,94.029999,95.22,
2013-03-19,95.2,95.74,94.71,95.16,
2013-03-20,95.16,96.13,94.81,96.029999,
2013-03-21,95.99,96.11,94.56,94.89,
2013-03-22,94.9,95.13,94.18,94.52,
2013-03-25,94.31,94.96,93.53,94.17,
2013-03-26,94.15,94.61,93.85,94.44,
2013-03-27,94.44,94.91,94.019997,94.44,
2013-03-28,94.42,94.49,93.85,94.14,
2013-03-29,94.13,94.3,93.96,94.22,
2013-04-01,94.18,94.37,93.16,93.23,
2013-04-02,93.21,93.56,92.54,93.44,
2013-04-03,93.42,93.69,92.69,93.059998,
2013-04-04,93.029999,96.41,92.72,96.34,
2013-04-05,96.32,97.83,95.8,97.53,
2013-04-08,97.84,99.38,97.83,99.36,
2013-04-09,99.34,99.66,98.58,99.029999,
2013-04-10,99.0,99.87,98.88,99.78,
2013-04-11,99.77,99.94,99.099998,99.68,
2013-04-12,99.67,99.8,98.089996,98.4,
2013-04-15,97.78,98.7,96.34,96.78,
2013-04-16,96.74,98.15,95.93,97.54,
2013-04-17,97.53,98.43,97.19,98.11,
2013-04-18,98.089996,98.52,97.62,98.17,
2013-04-19,98.14,99.68,98.080002,99.52,
2013-04-22,99.75,99.88,99.019997,99.22,
2013-04-23,99.22,99.52,98.47,99.47,
2013-04-24,99.47,99.76,99.18,99.48,
2013-04-25,99.47,99.56,98.95,99.25,
2013-04-26,99.23,99.41,97.54,98.050003,
2013-04-29,98.029999,98.2,97.33,97.77,
2013-04-30,97.76,98.12,97.010002,97.42,
2013-05-01,97.42,97.67,97.029999,97.39,
2013-05-02,97.37,98.39,97.059998,97.97,
2013-05-03,97.91,99.26,97.87,99.029999,
2013-05-06,99.059998,99.45,99.0,99.34,
2013-05-07,99.33,99.43,98.82,99.019997,
2013-05-08,98.99,99.15,98.57,99.0,
2013-05-09,98.99,100.79,98.62,100.61,
2013-05-10,100.56,101.98,100.52,101.61,
2013-05-13,101.84,102.14,101.49,101.83,
2013-05-14,101.79,102.4,101.24,102.36,
2013-05-15,102.34,102.76,101.86,102.23,
2013-05-16,102.21,102.68,101.82,102.25,
2013-05-17,102.23,103.3,102.050003,103.21,
2013-05-20,102.94,103.089996,102.16,102.27,
2013-05-21,102.24,102.88,102.059998,102.5,
2013-05-22,102.47,103.73,102.33,103.16,
2013-05-23,103.13,103.56,100.82,102.029999,
2013-05-24,102.010002,102.58,100.68,101.29,
2013-05-27,101.3,101.66,100.72,100.94,
2013-05-28,100.93,102.5,100.9,102.38,
2013-05-29,102.34,102.52,100.71,101.16,
2013-05-30,101.13,101.8,100.45,100.73,
2013-05-31,100.71,101.27,100.23,100.48,
2013-06-03,100.35,100.72,98.86,99.53,
2013-06-04,99.52,100.41,99.3,100.029999,
2013-06-05,100.0,100.43,98.95,99.059998,
2013-06-06,99.029999,99.47,95.96,96.96,
2013-06-07,96.98,97.75,95.019997,97.55,
2013-06-10,97.5,99.28,97.4,98.77,
2013-06-11,98.76,99.040001,95.6,96.029999,
2013-06-12,96.010002,97.019997,95.13,96.029999,
2013-06-13,96.010002,96.080002,93.78,95.38,
2013-06-14,95.35,95.81,93.99,94.080002,
2013-06-17,94.099998,95.21,94.080002,94.51,
2013-06-18,94.49,95.76,94.43,95.33,
2013-06-19,95.31,97.010002,94.81,96.47,
2013-06-20,96.45,98.28,96.19,97.28,
2013-06-21,97.26,98.13,96.84,97.9,
2013-06-24,97.84,98.7,97.21,97.73,
2013-06-25,97.7,98.050003,96.96,97.81,
2013-06-26,97.78,98.23,97.24,97.75,
2013-06-27,97.72,98.57,97.54,98.36,
2013-06-28,98.33,99.45,98.33,99.14,
2013-07-01,99.25,99.86,99.16,99.67,
2013-07-02,99.64,100.72,99.48,100.63,
2013-07-03,100.61,100.85,99.24,99.92,
2013-07-04,99.89,100.15,99.47,100.050003,
2013-07-05,100.029999,101.22,99.86,101.2,
2013-07-08,101.17,101.53,100.77,100.97,
2013-07-09,100.94,101.29,100.75,101.16,
2013-07-10,101.13,101.21,99.41,99.67,
2013-07-11,99.65,99.86,98.27,98.96,
2013-07-12,98.94,99.69,98.66,99.22,
2013-07-15,99.3,100.48,99.059998,99.86,
2013-07-16,99.85,100.07,98.88,99.089996,
2013-07-17,99.07,99.93,99.040001,99.58,
2013-07-18,99.58,100.65,99.45,100.42,
2013-07-19,100.4,100.86,99.83,100.65,
2013-07-22,100.7,100.71,99.28,99.67,
2013-07-23,99.65,100.18,99.13,99.43,
2013-07-24,99.41,100.43,99.37,100.25,
2013-07-25,100.23,100.45,98.88,99.3,
2013-07-26,99.27,99.41,97.94,98.28,
2013-07-29,98.080002,98.33,97.61,97.95,
2013-07-30,97.93,98.46,97.74,98.029999,
2013-07-31,98.029999,98.52,97.56,97.88,
2013-08-01,97.86,99.57,97.63,99.55,
2013-08-02,99.53,99.94,98.65,98.97,
2013-08-05,98.88,99.15,98.16,98.31,
2013-08-06,98.27,98.58,97.51,97.75,
2013-08-07,97.72,97.8,96.3,96.33,
2013-08-08,96.31,96.93,95.79,96.73,
2013-08-09,96.69,96.96,96.11,96.22,
2013-08-12,96.19,96.93,95.92,96.91,
2013-08-13,96.88,98.34,96.83,98.2,
2013-08-14,98.19,98.42,97.84,98.14,
2013-08-15,98.11,98.64,97.089996,97.37,
2013-08-16,97.35,97.77,97.029999,97.53,
2013-08-19,97.51,98.12,97.34,97.56,
2013-08-20,97.55,97.86,96.88,97.28,
2013-08-21,97.25,97.98,97.099998,97.67,
2013-08-22,97.66,98.8,97.55,98.73,
2013-08-23,98.71,99.15,98.38,98.75,
2013-08-26,98.2,98.84,98.19,98.51,
2013-08-27,98.5,98.53,96.96,97.029999,
2013-08-28,97.010002,97.83,96.83,97.64,
2013-08-29,97.62,98.51,97.43,98.35,
2013-08-30,98.36,98.47,97.86,98.17,
2013-09-02,98.34,99.42,98.25,99.33,
2013-09-03,99.32,99.86,99.14,99.58,
2013-09-04,99.56,99.82,99.3,99.76,
2013-09-05,99.73,100.19,99.55,100.12,
2013-09-06,100.089996,100.22,98.53,99.11,
2013-09-09,99.82,100.099998,99.32,99.58,
2013-09-10,99.56,100.46,99.46,100.41,
2013-09-11,100.37,100.6,99.77,99.88,
2013-09-12,99.87,99.99,98.99,99.55,
2013-09-13,99.54,99.97,99.17,99.36,
2013-09-16,99.45,99.48,98.53,99.080002,
2013-09-17,99.040001,99.38,98.97,99.12,
2013-09-18,99.11,99.33,97.75,97.94,
2013-09-19,97.93,99.58,97.85,99.45,
2013-09-20,99.47,99.67,99.14,99.31,
2013-09-23,99.15,99.36,98.62,98.84,
2013-09-24,98.83,99.17,98.45,98.73,
2013-09-25,98.73,98.81,98.35,98.44,
2013-09-26,98.44,99.13,98.24,98.99,
2013-09-27,98.97,99.040001,98.07,98.26,
2013-09-30,97.92,98.46,97.48,98.23,
2013-10-01,98.19,98.72,97.64,98.0,
2013-10-02,97.97,98.080002,97.12,97.36,
2013-10-03,97.32,97.87,96.92,97.27,
2013-10-04,97.24,97.48,96.93,97.47,
2013-10-07,97.42,97.44,96.66,96.71,
2013-10-08,96.69,97.25,96.55,96.88,
2013-10-09,96.86,97.65,96.79,97.34,
2013-10-10,97.33,98.27,97.3,98.16,
2013-10-11,98.13,98.59,97.9,98.58,
2013-10-14,98.07,98.58,98.050003,98.58,
2013-10-15,98.55,98.7,98.07,98.17,
2013-10-16,98.15,98.97,98.12,98.77,
2013-10-17,98.76,99.0,97.71,97.91,
2013-10-18,97.9,98.15,97.53,97.73,
2013-10-21,97.7,98.24,97.66,98.19,
2013-10-22,98.17,98.48,97.86,98.14,
2013-10-23,98.12,98.19,97.13,97.38,
2013-10-24,97.37,97.61,97.15,97.28,
2013-10-25,97.27,97.49,96.92,97.42,
2013-10-28,97.55,97.79,97.43,97.68,
2013-10-29,97.65,98.27,97.43,98.19,
2013-10-30,98.17,98.67,98.050003,98.51,
2013-10-31,98.5,98.57,98.07,98.36,
2013-11-01,98.33,98.84,97.79,98.69,
2013-11-04,98.7,98.84,98.51,98.61,
2013-11-05,98.59,98.67,98.14,98.5,
2013-11-06,98.49,98.75,98.38,98.66,
2013-11-07,98.65,99.41,97.63,98.089996,
2013-11-08,98.080002,99.21,97.96,99.080002,
2013-11-11,99.16,99.3,98.89,99.16,
2013-11-12,99.13,99.79,99.07,99.64,
2013-11-13,99.6,99.67,99.080002,99.25,
2013-11-14,99.22,100.15,99.11,100.019997,
2013-11-15,100.0,100.43,99.93,100.19,
2013-11-18,100.16,100.39,99.77,100.0,
2013-11-19,99.97,100.25,99.55,100.15,
2013-11-20,100.12,100.23,99.77,100.029999,
2013-11-21,100.019997,101.16,99.98,101.16,
2013-11-22,101.15,101.35,100.92,101.28,
2013-11-25,101.25,101.91,101.11,101.68,
2013-11-26,101.67,101.71,101.13,101.3,
2013-11-27,101.26,102.19,101.16,102.17,
2013-11-28,102.13,102.37,101.91,102.32,
2013-11-29,102.3,102.6,102.089996,102.44,
2013-12-02,102.42,103.13,102.2,102.95,
2013-12-03,102.93,103.37,101.97,102.52,
2013-12-04,102.48,102.83,101.81,102.36,
2013-12-05,102.34,102.44,101.61,101.78,
2013-12-06,101.76,102.96,101.61,102.91,
2013-12-09,102.9,103.33,102.86,103.28,
2013-12-10,103.27,103.39,102.55,102.84,
2013-12-11,102.85,102.94,102.19,102.44,
2013-12-12,102.41,103.43,102.35,103.38,
2013-12-13,103.36,103.92,102.97,103.22,
2013-12-16,103.19,103.32,102.62,103.029999,
2013-12-17,103.0,103.099998,102.47,102.67,
2013-12-18,102.65,104.35,102.53,104.28,
2013-12-19,104.24,104.36,103.78,104.25,
2013-12-20,104.23,104.63,103.84,104.080002,
2013-12-23,104.080002,104.12,103.75,104.11,
2013-12-24,104.089996,104.41,104.07,104.36,
2013-12-25,104.33,104.49,104.24,104.38,
2013-12-26,104.35,104.84,104.35,104.81,
2013-12-27,104.79,105.18,104.62,105.17,
2013-12-30,105.13,105.41,104.95,105.16,
2013-12-31,105.13,105.35,104.83,105.31,
2014-01-01,105.28,105.4,105.18,105.25,
2014-01-02,105.23,105.44,104.52,104.77,
2014-01-03,104.78,104.87,104.050003,104.86,
2014-01-06,104.85,104.94,103.88,104.22,
2014-01-07,104.2,104.73,104.16,104.62,
2014-01-08,104.58,105.12,104.56,104.86,
2014-01-09,104.83,105.050003,104.55,104.83,
2014-01-10,104.83,105.12,103.82,104.15,
2014-01-13,104.089996,104.13,102.83,103.0,
2014-01-14,102.97,104.28,102.97,104.22,
2014-01-15,104.2,104.69,104.059998,104.56,
2014-01-16,104.54,104.94,104.12,104.36,
2014-01-17,104.33,104.5,104.17,104.31,
2014-01-20,104.26,104.34,103.84,104.18,
2014-01-21,104.18,104.76,104.010002,104.32,
2014-01-22,104.28,104.58,103.95,104.52,
2014-01-23,104.5,104.84,102.95,103.27,
2014-01-24,103.24,103.59,101.98,102.3,
2014-01-27,102.37,102.94,101.77,102.55,
2014-01-28,102.54,103.27,102.46,102.97,
2014-01-29,102.94,103.46,101.83,102.3,
2014-01-30,102.28,102.92,102.040001,102.72,
2014-01-31,102.71,102.94,101.94,102.029999,
2014-02-03,102.019997,102.42,100.76,100.99,
2014-02-04,100.98,101.68,100.74,101.65,
2014-02-05,101.64,101.77,100.77,101.44,
2014-02-06,101.43,102.19,101.21,102.11,
2014-02-07,102.080002,102.58,101.41,102.34,
2014-02-10,102.28,102.66,101.97,102.25,
2014-02-11,102.24,102.7,102.050003,102.64,
2014-02-12,102.62,102.69,102.2,102.53,
2014-02-13,102.52,102.59,101.68,102.17,
2014-02-14,102.18,102.43,101.55,101.8,
2014-02-17,101.8,102.0,101.37,101.94,
2014-02-18,101.93,102.75,101.78,102.37,
2014-02-19,102.34,102.47,101.83,102.33,
2014-02-20,102.29,102.42,101.65,102.27,
2014-02-21,102.27,102.83,102.24,102.53,
2014-02-24,102.53,102.7,102.14,102.5,
2014-02-25,102.5,102.64,101.98,102.23,
2014-02-26,102.23,102.64,102.07,102.38,
2014-02-27,102.36,102.46,101.7,102.13,
2014-02-28,102.12,102.28,101.53,101.81,
2014-03-03,101.54,101.67,101.17,101.45,
2014-03-04,101.44,102.29,101.37,102.21,
2014-03-05,102.2,102.56,102.080002,102.31,
2014-03-06,102.29,103.17,102.24,103.07,
2014-03-07,103.050003,103.78,102.81,103.28,
2014-03-10,102.97,103.42,102.78,103.27,
2014-03-11,103.24,103.44,102.83,103.019997,
2014-03-12,103.0,103.11,102.53,102.77,
2014-03-13,102.74,102.87,101.52,101.84,
2014-03-14,101.83,101.89,101.18,101.36,
2014-03-17,101.32,101.88,101.23,101.77,
2014-03-18,101.75,101.97,101.25,101.44,
2014-03-19,101.41,102.69,101.27,102.34,
2014-03-20,102.3,102.56,102.17,102.4,
2014-03-21,102.38,102.48,101.99,102.27,
2014-03-24,102.23,102.66,102.089996,102.25,
2014-03-25,102.22,102.48,102.080002,102.27,
2014-03-26,102.23,102.47,101.85,102.050003,
2014-03-27,102.059998,102.44,101.71,102.17,
2014-03-28,102.17,103.0,102.010002,102.81,
2014-03-31,102.82,103.45,102.75,103.22,
2014-04-01,103.19,103.72,103.059998,103.64,
2014-04-02,103.63,103.95,103.56,103.88,
2014-04-03,103.87,104.12,103.78,103.92,
2014-04-04,103.9,104.12,103.17,103.28,
2014-04-07,103.29,103.42,102.97,103.11,
2014-04-08,103.089996,103.14,101.52,101.81,
2014-04-09,101.78,102.17,101.7,101.98,
2014-04-10,101.96,102.16,101.31,101.53,
2014-04-11,101.51,101.89,101.31,101.61,
2014-04-14,101.55,102.029999,101.39,101.84,
2014-04-15,101.82,102.010002,101.47,101.93,
2014-04-16,101.91,102.38,101.77,102.23,
2014-04-17,102.22,102.47,101.85,102.39,
2014-04-18,102.37,102.59,102.34,102.42,
2014-04-21,102.48,102.71,102.36,102.62,
2014-04-22,102.6,102.74,102.38,102.62,
2014-04-23,102.61,102.7,102.15,102.54,
2014-04-24,102.53,102.66,102.07,102.32,
2014-04-25,102.29,102.52,101.94,102.17,
2014-04-28,102.15,102.64,102.019997,102.5,
2014-04-29,102.48,102.81,102.44,102.64,
2014-04-30,102.61,102.68,102.019997,102.26,
2014-05-01,102.22,102.38,102.099998,102.34,
2014-05-02,102.32,103.029999,102.11,102.19,
2014-05-05,102.14,102.27,101.84,102.14,
2014-05-06,102.12,102.19,101.48,101.69,
2014-05-07,101.67,102.0,101.4,101.92,
2014-05-08,101.9,101.97,101.44,101.66,
2014-05-09,101.64,101.86,101.52,101.86,
2014-05-12,101.75,102.19,101.73,102.12,
2014-05-13,102.12,102.37,102.029999,102.26,
2014-05-14,102.25,102.3,101.7,101.89,
2014-05-15,101.88,102.12,101.3,101.58,
2014-05-16,101.55,101.7,101.33,101.52,
2014-05-19,101.51,101.61,101.07,101.51,
2014-05-20,101.51,101.61,101.16,101.33,
2014-05-21,101.31,101.64,100.8,101.38,
2014-05-22,101.33,101.83,101.32,101.73,
2014-05-23,101.72,102.010002,101.56,101.97,
2014-05-26,101.94,102.059998,101.81,101.95,
2014-05-27,101.93,102.16,101.7,101.99,
2014-05-28,101.97,102.050003,101.62,101.84,
2014-05-29,101.83,101.86,101.41,101.8,
2014-05-30,101.78,101.84,101.48,101.78,
2014-06-02,101.81,102.5,101.72,102.39,
2014-06-03,102.38,102.58,102.24,102.5,
2014-06-04,102.5,102.81,102.41,102.75,
2014-06-05,102.74,102.78,102.32,102.39,
2014-06-06,102.39,102.62,102.099998,102.48,
2014-06-09,102.45,102.66,102.35,102.53,
2014-06-10,102.52,102.58,102.19,102.36,
2014-06-11,102.33,102.41,101.84,102.080002,
2014-06-12,102.059998,102.17,101.57,101.72,
2014-06-13,101.71,102.15,101.63,102.07,
2014-06-16,102.029999,102.11,101.69,101.84,
2014-06-17,101.83,102.25,101.78,102.14,
2014-06-18,102.14,102.33,101.86,101.92,
2014-06-19,101.91,102.029999,101.71,101.94,
2014-06-20,101.94,102.2,101.78,102.080002,
2014-06-23,102.080002,102.15,101.78,101.95,
2014-06-24,101.93,102.17,101.78,101.97,
2014-06-25,101.97,101.98,101.6,101.88,
2014-06-26,101.86,101.86,101.47,101.73,
2014-06-27,101.72,101.75,101.29,101.38,
2014-06-30,101.42,101.5,101.21,101.33,
2014-07-01,101.32,101.59,101.26,101.53,
2014-07-02,101.52,101.86,101.38,101.79,
2014-07-03,101.75,102.27,101.73,102.19,
2014-07-04,102.18,102.24,101.94,102.12,
2014-07-07,102.029999,102.22,101.76,101.84,
2014-07-08,101.84,101.9,101.46,101.58,
2014-07-09,101.56,101.86,101.42,101.64,
2014-07-10,101.62,101.69,101.040001,101.33,
2014-07-11,101.33,101.41,101.19,101.38,
2014-07-14,101.37,101.64,101.3,101.55,
2014-07-15,101.53,101.75,101.42,101.69,
2014-07-16,101.66,101.8,101.61,101.68,
2014-07-17,101.65,101.72,101.12,101.17,
2014-07-18,101.17,101.45,101.080002,101.33,
2014-07-21,101.38,101.4,101.16,101.4,
2014-07-22,101.37,101.61,101.3,101.47,
2014-07-23,101.45,101.56,101.29,101.48,
2014-07-24,101.46,101.86,101.38,101.81,
2014-07-25,101.81,101.95,101.68,101.84,
2014-07-28,101.74,101.91,101.72,101.86,
2014-07-29,101.83,102.17,101.79,102.13,
2014-07-30,102.12,103.089996,102.0,102.8,
2014-07-31,102.78,103.0,102.69,102.8,
2014-08-01,102.78,103.040001,102.32,102.63,
2014-08-04,102.57,102.75,102.38,102.59,
2014-08-05,102.56,102.92,102.43,102.59,
2014-08-06,102.57,102.66,101.77,102.11,
2014-08-07,102.089996,102.47,101.97,102.11,
2014-08-08,102.089996,102.16,101.49,102.059998,
2014-08-11,102.050003,102.23,101.99,102.19,
2014-08-12,102.17,102.37,102.059998,102.26,
2014-08-13,102.25,102.56,102.2,102.43,
2014-08-14,102.43,102.67,102.28,102.44,
2014-08-15,102.43,102.73,102.12,102.36,
2014-08-18,102.2,102.6,102.15,102.57,
2014-08-19,102.56,102.94,102.5,102.91,
2014-08-20,102.9,103.86,102.86,103.75,
2014-08-21,103.75,103.97,103.58,103.83,
2014-08-22,103.84,104.2,103.48,103.94,
2014-08-25,104.4,104.45,103.84,104.059998,
2014-08-26,104.040001,104.19,103.72,104.07,
2014-08-27,104.07,104.17,103.75,103.86,
2014-08-28,103.87,103.94,103.53,103.72,
2014-08-29,103.71,104.14,103.62,104.080002,
2014-09-01,104.029999,104.36,104.029999,104.36,
2014-09-02,104.35,105.2,104.27,105.080002,
2014-09-03,105.089996,105.31,104.72,104.81,
2014-09-04,104.78,105.37,104.74,105.27,
2014-09-05,105.24,105.72,104.67,105.099998,
2014-09-08,105.07,106.089996,104.9,106.029999,
2014-09-09,106.019997,106.48,105.91,106.19,
2014-09-10,106.17,106.91,106.010002,106.84,
2014-09-11,106.84,107.2,106.62,107.11,
2014-09-12,107.099998,107.41,106.94,107.33,
2014-09-15,107.25,107.38,106.99,107.17,
2014-09-16,107.16,107.33,106.79,107.12,
2014-09-17,107.13,108.4,107.07,108.39,
2014-09-18,108.37,108.98,108.29,108.71,
2014-09-19,108.65,109.48,108.57,109.050003,
2014-09-22,109.040001,109.19,108.64,108.84,
2014-09-23,108.81,109.0,108.24,108.89,
2014-09-24,108.88,109.17,108.43,109.029999,
2014-09-25,109.019997,109.39,108.49,108.75,
2014-09-26,108.75,109.53,108.45,109.28,
2014-09-29,109.16,109.77,109.11,109.48,
2014-09-30,109.48,109.86,109.16,109.66,
2014-10-01,109.63,110.11,108.84,108.89,
2014-10-02,108.88,109.14,107.99,108.42,
2014-10-03,108.4,109.92,108.32,109.77,
2014-10-06,109.75,109.87,108.64,108.8,
2014-10-07,108.78,109.25,107.81,108.029999,
2014-10-08,108.029999,108.73,107.74,108.080002,
2014-10-09,108.059998,108.32,107.5,107.84,
2014-10-10,107.83,108.17,107.6,107.67,
2014-10-13,107.6,107.66,106.76,106.86,
2014-10-14,106.82,107.33,106.65,107.059998,
2014-10-15,107.050003,107.52,105.18,105.92,
2014-10-16,105.9,106.47,105.49,106.33,
2014-10-17,106.3,106.94,106.11,106.88,
2014-10-20,106.96,107.41,106.76,106.95,
2014-10-21,106.94,107.050003,106.22,107.0,
2014-10-22,107.0,107.39,106.75,107.14,
2014-10-23,107.13,108.36,107.080002,108.27,
2014-10-24,108.26,108.33,107.77,108.16,
2014-10-27,108.12,108.38,107.58,107.81,
2014-10-28,107.81,108.19,107.68,108.16,
2014-10-29,108.14,108.97,107.92,108.89,
2014-10-30,108.87,109.47,108.73,109.21,
2014-10-31,109.21,112.5,109.15,112.33,
2014-11-03,112.46,114.22,112.41,114.050003,
2014-11-04,114.040001,114.059998,113.15,113.6,
2014-11-05,113.58,114.86,113.39,114.64,
2014-11-06,114.64,115.5,114.11,115.21,
2014-11-07,115.2,115.47,114.23,114.54,
2014-11-10,114.47,114.92,113.84,114.86,
2014-11-11,114.85,116.099998,114.61,115.78,
2014-11-12,115.76,116.019997,114.88,115.48,
2014-11-13,115.47,115.89,115.3,115.75,
2014-11-14,115.76,116.83,115.71,116.28,
2014-11-17,116.36,117.050003,115.44,116.65,
2014-11-18,116.64,117.040001,116.34,116.87,
2014-11-19,116.86,118.059998,116.81,117.98,
2014-11-20,117.94,118.97,117.72,118.22,
2014-11-21,118.18,118.38,117.33,117.81,
2014-11-24,117.75,118.5,117.55,118.28,
2014-11-25,118.25,118.58,117.67,117.97,
2014-11-26,117.98,117.99,117.41,117.73,
2014-11-27,117.72,117.91,117.22,117.7,
2014-11-28,117.7,118.8,117.69,118.64,
2014-12-01,118.68,119.14,117.86,118.39,
2014-12-02,118.39,119.31,118.2,119.22,
2014-12-03,119.2,119.89,119.089996,119.8,
2014-12-04,119.79,120.25,119.32,119.78,
2014-12-05,119.75,121.69,119.67,121.42,
2014-12-08,121.44,121.86,120.18,120.69,
2014-12-09,120.69,121.0,117.93,119.69,
2014-12-10,119.69,119.92,117.71,117.81,
2014-12-11,117.78,119.57,117.43,118.67,
2014-12-12,118.64,119.22,118.029999,118.8,
2014-12-15,119.050003,119.080002,117.54,117.83,
2014-12-16,117.8,118.029999,115.56,116.41,
2014-12-17,116.39,118.91,116.29,118.66,
2014-12-18,118.62,119.31,118.23,118.83,
2014-12-19,118.83,119.64,118.8,119.5,
2014-12-22,119.38,120.089996,119.29,120.059998,
2014-12-23,120.050003,120.83,119.98,120.69,
2014-12-24,120.69,120.78,120.24,120.5,
2014-12-25,120.49,120.52,119.98,120.099998,
2014-12-26,120.080002,120.47,120.080002,120.41,
2014-12-29,120.37,120.75,120.14,120.67,
2014-12-30,120.65,120.71,118.84,119.48,
2014-12-31,119.46,119.94,119.22,119.69,
2015-01-01,119.67,119.87,119.64,119.79,
2015-01-02,119.78,120.75,119.71,120.5,
2015-01-05,120.46,120.64,119.38,119.64,
2015-01-06,119.61,119.64,118.040001,118.41,
2015-01-07,118.4,119.64,118.35,119.25,
2015-01-08,119.23,119.97,119.13,119.66,
2015-01-09,119.66,119.91,118.4,118.53,
2015-01-12,118.5,119.34,118.080002,118.35,
2015-01-13,118.33,118.85,117.53,117.93,
2015-01-14,117.93,117.97,116.050003,117.33,
2015-01-15,117.32,117.94,116.13,116.17,
2015-01-16,116.15,117.78,115.82,117.64,
2015-01-19,117.6,117.8,116.91,117.57,
2015-01-20,117.55,118.89,117.53,118.81,
2015-01-21,118.79,118.86,117.16,117.95,
2015-01-22,117.93,118.67,117.24,118.49,
2015-01-23,118.48,118.84,117.52,117.78,
2015-01-26,117.76,118.51,117.25,118.46,
2015-01-27,118.45,118.67,117.32,117.87,
2015-01-28,117.85,118.27,117.25,117.55,
2015-01-29,117.53,118.51,117.36,118.29,
2015-01-30,118.29,118.47,117.28,117.45,
2015-02-02,117.45,117.88,116.65,117.59,
2015-02-03,117.6,117.76,116.86,117.57,
2015-02-04,117.55,118.0,117.050003,117.28,
2015-02-05,117.24,117.61,116.99,117.53,
2015-02-06,117.51,119.24,117.16,118.98,
2015-02-09,119.16,119.2,118.31,118.64,
2015-02-10,118.61,119.63,118.37,119.43,
2015-02-11,119.41,120.5,119.26,120.47,
2015-02-12,120.45,120.47,118.49,119.11,
2015-02-13,119.099998,119.22,118.4,118.75,
2015-02-16,118.74,118.87,118.16,118.48,
2015-02-17,118.46,119.44,118.21,119.25,
2015-02-18,119.25,119.42,118.52,118.79,
2015-02-19,118.78,119.19,118.45,118.94,
2015-02-20,118.93,119.2,118.27,119.029999,
2015-02-23,119.0,119.36,118.71,118.81,
2015-02-24,118.81,119.84,118.74,118.98,
2015-02-25,118.96,119.080002,118.59,118.86,
2015-02-26,118.86,119.51,118.65,119.42,
2015-02-27,119.41,119.82,119.089996,119.54,
2015-03-02,119.55,120.19,119.55,120.13,
2015-03-03,120.12,120.27,119.35,119.73,
2015-03-04,119.72,119.85,119.45,119.68,
2015-03-05,119.65,120.41,119.6,120.15,
2015-03-06,120.12,121.29,119.88,120.84,
2015-03-09,120.8,121.42,120.58,121.16,
2015-03-10,121.15,122.029999,120.91,121.14,
2015-03-11,121.11,121.63,120.85,121.45,
2015-03-12,121.42,121.69,120.67,121.3,
2015-03-13,121.27,121.58,121.11,121.39,
2015-03-16,121.37,121.5,121.07,121.33,
2015-03-17,121.32,121.53,121.089996,121.36,
2015-03-18,121.36,121.42,119.38,120.11,
2015-03-19,120.089996,121.050003,119.66,120.8,
2015-03-20,120.79,121.2,119.88,120.029999,
2015-03-23,120.050003,120.17,119.57,119.73,
2015-03-24,119.71,120.0,119.21,119.75,
2015-03-25,119.75,119.85,119.22,119.5,
2015-03-26,119.48,119.59,118.3,119.2,
2015-03-27,119.18,119.53,118.91,119.14,
2015-03-30,119.12,120.23,119.089996,120.080002,
2015-03-31,120.059998,120.38,119.76,120.14,
2015-04-01,120.099998,120.34,119.4,119.77,
2015-04-02,119.76,119.91,119.42,119.72,
2015-04-03,119.71,119.8,118.69,118.97,
2015-04-06,118.93,119.69,118.77,119.53,
2015-04-07,119.52,120.45,119.41,120.28,
2015-04-08,120.24,120.36,119.62,120.14,
2015-04-09,120.12,120.76,119.83,120.59,
2015-04-10,120.59,120.64,120.029999,120.22,
2015-04-13,120.19,120.88,119.74,120.14,
2015-04-14,120.099998,120.19,119.040001,119.39,
2015-04-15,119.39,119.76,118.76,119.15,
2015-04-16,119.15,119.49,118.77,119.010002,
2015-04-17,118.99,119.28,118.54,118.92,
2015-04-20,118.8,119.45,118.51,119.2,
2015-04-21,119.14,119.83,119.14,119.67,
2015-04-22,119.65,119.97,119.32,119.92,
2015-04-23,119.91,120.11,119.4,119.58,
2015-04-24,119.58,119.67,118.8,118.98,
2015-04-27,118.98,119.44,118.75,119.040001,
2015-04-28,119.0,119.22,118.75,118.86,
2015-04-29,118.82,119.38,118.58,119.040001,
2015-04-30,118.98,119.92,118.47,119.36,
2015-05-01,119.37,120.3,119.34,120.17,
2015-05-04,120.15,120.31,119.97,120.14,
2015-05-05,120.099998,120.54,119.71,119.85,
2015-05-06,119.84,120.080002,119.18,119.47,
2015-05-07,119.43,119.86,119.029999,119.73,
2015-05-08,119.72,120.25,119.58,119.81,
2015-05-11,119.65,120.17,119.43,120.080002,
2015-05-12,120.07,120.28,119.76,119.86,
2015-05-13,119.86,119.99,119.010002,119.16,
2015-05-14,119.15,119.38,118.86,119.17,
2015-05-15,119.13,119.95,119.13,119.29,
2015-05-18,119.25,120.040001,119.22,119.99,
2015-05-19,119.98,120.73,119.8,120.69,
2015-05-20,120.68,121.48,120.56,121.36,
2015-05-21,121.31,121.4,120.82,121.040001,
2015-05-22,121.019997,121.58,120.61,121.55,
2015-05-25,121.48,121.78,121.42,121.56,
2015-05-26,121.55,123.34,121.48,123.11,
2015-05-27,123.050003,124.080002,122.76,123.67,
2015-05-28,123.61,124.47,123.47,123.95,
2015-05-29,123.95,124.22,123.58,124.14,
2015-06-01,124.099998,124.93,123.85,124.78,
2015-06-02,124.76,125.059998,123.74,124.11,
2015-06-03,124.11,124.69,123.77,124.25,
2015-06-04,124.24,124.69,123.76,124.38,
2015-06-05,124.35,125.86,124.32,125.62,
2015-06-08,125.58,125.69,124.28,124.48,
2015-06-09,124.46,124.75,123.84,124.34,
2015-06-10,124.32,124.64,122.43,122.67,
2015-06-11,122.67,124.15,122.6,123.42,
2015-06-12,123.39,123.83,123.11,123.39,
2015-06-15,123.34,123.67,123.099998,123.42,
2015-06-16,123.41,123.79,123.27,123.36,
2015-06-17,123.34,124.45,123.19,123.44,
2015-06-18,123.42,123.61,122.46,122.97,
2015-06-19,122.95,123.25,122.53,122.67,
2015-06-22,122.81,123.44,122.54,123.38,
2015-06-23,123.35,124.19,123.32,123.95,
2015-06-24,123.93,124.38,123.69,123.85,
2015-06-25,123.84,123.97,123.3,123.62,
2015-06-26,123.6,123.98,123.2,123.86,
2015-06-29,122.7,123.2,122.099998,122.54,
2015-06-30,122.53,122.73,121.92,122.5,
2015-07-01,122.46,123.25,122.33,123.17,
2015-07-02,123.16,123.75,122.94,123.059998,
2015-07-03,123.029999,123.2,122.57,122.81,
2015-07-06,122.050003,122.94,121.72,122.58,
2015-07-07,122.56,122.89,121.98,122.55,
2015-07-08,122.52,122.58,120.38,120.7,
2015-07-09,120.71,121.58,120.44,121.34,
2015-07-10,121.33,122.89,121.25,122.75,
2015-07-13,122.0,123.55,122.0,123.44,
2015-07-14,123.42,123.75,122.91,123.38,
2015-07-15,123.36,123.99,123.23,123.78,
2015-07-16,123.76,124.19,123.71,124.16,
2015-07-17,124.15,124.23,123.89,124.080002,
2015-07-20,124.059998,124.39,123.96,124.27,
2015-07-21,124.26,124.5,123.73,123.89,
2015-07-22,123.85,124.17,123.54,123.97,
2015-07-23,123.94,124.2,123.65,123.92,
2015-07-24,123.9,124.12,123.57,123.82,
2015-07-27,123.71,123.86,122.98,123.25,
2015-07-28,123.25,123.81,123.040001,123.56,
2015-07-29,123.56,124.029999,123.3,123.94,
2015-07-30,123.93,124.58,123.85,124.14,
2015-07-31,124.15,124.39,123.5,123.94,
2015-08-03,124.0,124.3,123.83,124.029999,
2015-08-04,124.0,124.41,123.77,124.39,
2015-08-05,124.38,125.029999,123.99,124.9,
2015-08-06,124.85,124.97,124.52,124.74,
2015-08-07,124.74,125.080002,124.080002,124.22,
2015-08-10,124.13,124.8,124.12,124.63,
2015-08-11,124.61,125.23,124.49,125.13,
2015-08-12,125.099998,125.29,123.77,124.21,
2015-08-13,124.18,124.64,124.059998,124.42,
2015-08-14,124.4,124.56,124.019997,124.31,
2015-08-17,124.39,124.58,124.19,124.39,
2015-08-18,124.37,124.53,124.16,124.41,
2015-08-19,124.39,124.5,123.68,123.81,
2015-08-20,123.78,124.17,123.31,123.41,
2015-08-21,123.4,123.5,121.8,122.029999,
2015-08-24,121.68,122.040001,116.46,118.42,
2015-08-25,118.39,120.41,118.23,118.88,
2015-08-26,118.84,120.029999,118.43,119.92,
2015-08-27,119.9,121.39,119.77,121.029999,
2015-08-28,121.0,121.73,120.63,121.72,
2015-08-31,121.65,121.75,120.86,121.22,
2015-09-01,121.2,121.28,119.26,119.38,
2015-09-02,119.37,120.47,119.2,120.33,
2015-09-03,120.32,120.7,119.62,120.080002,
2015-09-04,120.050003,120.19,118.75,119.0,
2015-09-07,118.65,119.58,118.65,119.28,
2015-09-08,119.27,120.23,118.83,119.81,
2015-09-09,119.81,121.22,119.78,120.51,
2015-09-10,120.51,121.34,119.95,120.61,
2015-09-11,120.6,120.99,120.34,120.58,
2015-09-14,120.58,120.84,119.83,120.23,
2015-09-15,120.23,120.67,119.38,120.44,
2015-09-16,120.4,120.73,120.080002,120.56,
2015-09-17,120.54,121.019997,119.77,120.0,
2015-09-18,119.98,120.3,119.029999,120.0,
2015-09-21,119.79,120.67,119.71,120.55,
2015-09-22,120.56,120.64,119.68,120.15,
2015-09-23,120.12,120.56,119.61,120.3,
2015-09-24,120.25,120.41,119.21,120.080002,
2015-09-25,120.059998,121.26,119.99,120.58,
2015-09-28,120.51,120.59,119.67,119.92,
2015-09-29,119.91,120.17,119.22,119.73,
2015-09-30,119.72,120.38,119.54,119.86,
2015-10-01,119.85,120.3,119.48,119.94,
2015-10-02,119.92,120.42,118.67,119.91,
2015-10-05,119.97,120.56,119.85,120.46,
2015-10-06,120.46,120.58,120.080002,120.25,
2015-10-07,120.2,120.36,119.72,120.019997,
2015-10-08,120.0,120.12,119.6,119.94,
2015-10-09,119.93,120.38,119.82,120.28,
2015-10-12,120.24,120.28,119.86,120.029999,
2015-10-13,120.040001,120.080002,119.53,119.75,
2015-10-14,119.73,119.81,118.62,118.83,
2015-10-15,118.81,119.18,118.040001,118.89,
2015-10-16,118.88,119.69,118.8,119.44,
2015-10-19,119.47,119.58,119.12,119.5,
2015-10-20,119.47,119.98,119.38,119.84,
2015-10-21,119.83,120.11,119.73,119.95,
2015-10-22,119.9,120.79,119.59,120.69,
2015-10-23,120.69,121.5,120.21,121.47,
2015-10-26,121.41,121.53,120.59,121.089996,
2015-10-27,121.099998,121.11,120.14,120.46,
2015-10-28,120.44,121.28,120.23,121.089996,
2015-10-29,121.080002,121.19,120.56,121.13,
2015-10-30,121.12,121.47,120.26,120.62,
2015-11-02,120.63,120.81,120.24,120.75,
2015-11-03,120.73,121.23,120.57,121.059998,
2015-11-04,121.059998,121.73,120.98,121.56,
2015-11-05,121.56,122.010002,121.35,121.75,
2015-11-06,121.74,123.29,121.6,123.16,
2015-11-09,123.14,123.61,122.95,123.19,
2015-11-10,123.17,123.45,123.0,123.14,
2015-11-11,123.16,123.25,122.73,122.84,
2015-11-12,122.85,123.089996,122.53,122.61,
2015-11-13,122.59,123.0,122.43,122.64,
2015-11-16,122.32,123.3,122.2,123.17,
2015-11-17,123.17,123.5,123.14,123.45,
2015-11-18,123.43,123.69,123.19,123.64,
2015-11-19,123.62,123.64,122.6,122.86,
2015-11-20,122.85,123.07,122.7,122.91,
2015-11-23,122.77,123.28,122.73,122.84,
2015-11-24,122.83,122.97,122.29,122.53,
2015-11-25,122.51,122.95,122.23,122.72,
2015-11-26,122.68,122.75,122.47,122.62,
2015-11-27,122.6,122.89,122.28,122.84,
2015-11-30,122.79,123.36,122.66,123.099998,
2015-12-01,123.080002,123.29,122.62,122.87,
2015-12-02,122.87,123.67,122.8,123.25,
2015-12-03,123.24,123.58,122.27,122.61,
2015-12-04,122.57,123.38,122.44,123.17,
2015-12-07,123.2,123.47,123.12,123.38,
2015-12-08,123.36,123.42,122.69,122.92,
2015-12-09,122.92,123.059998,121.050003,121.44,
2015-12-10,121.45,121.89,121.23,121.6,
2015-12-11,121.58,122.22,120.57,120.86,
2015-12-14,120.96,121.36,120.32,121.029999,
2015-12-15,121.019997,121.82,120.55,121.68,
2015-12-16,121.65,122.42,121.41,122.22,
2015-12-17,122.19,122.88,122.17,122.56,
2015-12-18,122.55,123.6,121.040001,121.22,
2015-12-21,121.21,121.55,120.83,121.19,
2015-12-22,121.16,121.33,120.7,121.080002,
2015-12-23,121.059998,121.14,120.78,120.93,
2015-12-24,120.9,121.0,120.22,120.44,
2015-12-25,120.46,120.48,120.019997,120.42,
2015-12-28,120.22,120.66,120.15,120.41,
2015-12-29,120.38,120.5,120.2,120.47,
2015-12-30,120.46,120.67,120.32,120.52,
2015-12-31,120.49,120.6,119.98,120.32,
2016-01-01,120.27,120.33,120.27,120.33,
2016-01-04,120.27,120.47,118.68,119.44,
2016-01-05,119.41,119.71,118.77,119.059998,
2016-01-06,119.050003,119.17,118.22,118.47,
2016-01-07,118.46,118.77,117.3,117.68,
2016-01-08,117.66,118.77,117.42,117.45,
2016-01-11,117.43,118.029999,116.68,117.77,
2016-01-12,117.73,118.080002,117.2,117.64,
2016-01-13,117.64,118.39,117.61,117.69,
2016-01-14,117.66,118.28,117.27,118.050003,
2016-01-15,118.019997,118.28,116.49,117.059998,
2016-01-18,116.88,117.47,116.55,117.34,
2016-01-19,117.31,118.13,117.23,117.64,
2016-01-20,117.61,117.69,115.96,116.94,
2016-01-21,116.92,117.83,116.45,117.7,
2016-01-22,117.7,118.89,117.52,118.78,
2016-01-25,118.5,118.86,118.16,118.3,
2016-01-26,118.29,118.62,117.63,118.42,
2016-01-27,118.41,119.080002,118.010002,118.67,
2016-01-28,118.67,119.0,118.39,118.83,
2016-01-29,118.8,121.7,118.48,121.059998,
2016-02-01,121.099998,121.48,120.66,120.98,
2016-02-02,120.98,121.059998,119.82,119.97,
2016-02-03,119.94,120.059998,117.029999,117.92,
2016-02-04,117.88,118.25,116.5,116.77,
2016-02-05,116.77,117.42,116.42,116.9,
2016-02-08,116.88,117.53,115.17,115.84,
2016-02-09,115.84,115.86,114.22,115.11,
2016-02-10,115.12,115.28,113.12,113.34,
2016-02-11,113.31,113.59,110.98,112.42,
2016-02-12,112.4,113.55,111.72,113.22,
2016-02-15,113.2,114.72,113.040001,114.58,
2016-02-16,114.57,114.89,113.57,114.080002,
2016-02-17,114.059998,114.52,113.35,114.11,
2016-02-18,114.089996,114.33,113.11,113.25,
2016-02-19,113.23,113.4,112.28,112.57,
2016-02-22,112.61,113.39,112.34,112.92,
2016-02-23,112.88,113.059998,111.75,112.11,
2016-02-24,112.089996,112.28,111.040001,112.19,
2016-02-25,112.17,113.029999,111.87,113.0,
2016-02-26,112.98,114.0,112.54,114.0,
2016-02-29,113.84,114.010002,112.62,112.69,
2016-03-01,112.67,114.21,112.14,114.010002,
2016-03-02,114.0,114.58,113.19,113.48,
2016-03-03,113.48,114.28,113.28,113.69,
2016-03-04,113.68,114.26,113.15,113.76,
2016-03-07,113.78,114.089996,113.2,113.47,
2016-03-08,113.45,113.52,112.41,112.61,
2016-03-09,112.62,113.48,112.2,113.34,
2016-03-10,113.34,114.45,112.61,113.19,
2016-03-11,113.18,113.92,112.76,113.81,
2016-03-14,113.82,114.019997,113.48,113.83,
2016-03-15,113.81,113.94,112.61,113.19,
2016-03-16,113.14,113.83,112.31,112.59,
2016-03-17,112.53,112.97,110.65,111.39,
2016-03-18,111.38,111.77,110.8,111.57,
2016-03-21,111.43,111.98,111.2,111.94,
2016-03-22,111.94,112.5,111.36,112.38,
2016-03-23,112.36,112.93,112.12,112.38,
2016-03-24,112.37,113.019997,112.27,112.91,
2016-03-25,112.91,113.33,112.73,113.07,
2016-03-28,113.080002,113.7,113.029999,113.45,
2016-03-29,113.42,113.81,112.58,112.69,
2016-03-30,112.69,112.81,111.99,112.42,
2016-03-31,112.39,112.67,112.080002,112.58,
2016-04-01,112.56,112.59,111.56,111.67,
2016-04-04,111.68,111.81,111.059998,111.33,
2016-04-05,111.32,111.36,109.94,110.33,
2016-04-06,110.32,110.64,109.31,109.8,
2016-04-07,109.78,109.86,107.67,108.22,
2016-04-08,108.2,109.11,108.010002,108.059998,
2016-04-11,108.050003,108.44,107.61,107.94,
2016-04-12,107.93,108.8,107.84,108.55,
2016-04-13,108.53,109.41,108.48,109.34,
2016-04-14,109.36,109.57,108.91,109.4,
2016-04-15,109.41,109.77,108.61,108.77,
2016-04-18,108.23,109.0,107.83,108.83,
2016-04-19,108.83,109.52,108.76,109.2,
2016-04-20,109.2,109.89,108.75,109.84,
2016-04-21,109.88,109.91,109.31,109.45,
2016-04-22,109.46,111.82,109.25,111.79,
2016-04-25,111.56,111.92,110.83,111.2,
2016-04-26,111.2,111.48,110.66,111.31,
2016-04-27,111.31,111.77,111.019997,111.47,
2016-04-28,111.5,111.92,107.88,108.11,
2016-04-29,108.11,108.2,106.28,106.36,
2016-05-02,106.29,106.83,106.16,106.42,
2016-05-03,106.42,106.69,105.53,106.61,
2016-05-04,106.61,107.47,106.25,107.019997,
2016-05-05,107.0,107.5,106.8,107.25,
2016-05-06,107.28,107.44,106.45,107.12,
2016-05-09,107.11,108.61,107.019997,108.33,
2016-05-10,108.34,109.36,108.25,109.27,
2016-05-11,109.27,109.39,108.36,108.42,
2016-05-12,108.42,109.41,108.22,109.029999,
2016-05-13,109.019997,109.5,108.52,108.61,
2016-05-16,108.56,109.11,108.44,109.029999,
2016-05-17,109.029999,109.66,108.83,109.14,
2016-05-18,109.14,110.27,108.72,110.19,
2016-05-19,110.19,110.39,109.69,109.97,
2016-05-20,109.96,110.59,109.84,110.15,
2016-05-23,110.089996,110.25,109.089996,109.23,
2016-05-24,109.23,110.12,109.15,109.99,
2016-05-25,110.0,110.47,109.86,110.19,
2016-05-26,110.19,110.25,109.39,109.77,
2016-05-27,109.77,110.47,109.47,110.23,
2016-05-30,110.42,111.45,110.31,111.13,
2016-05-31,111.13,111.37,110.51,110.71,
2016-06-01,110.69,110.83,109.050003,109.53,
2016-06-02,109.53,109.59,108.5,108.86,
2016-06-03,108.88,109.14,106.5,106.53,
2016-06-06,106.44,107.66,106.36,107.56,
2016-06-07,107.58,107.92,107.17,107.36,
2016-06-08,107.34,107.39,106.58,106.98,
2016-06-09,106.97,107.19,106.25,107.089996,
2016-06-10,107.080002,107.28,106.56,106.98,
2016-06-13,106.92,106.92,105.73,106.25,
2016-06-14,106.27,106.42,105.61,106.11,
2016-06-15,106.11,106.39,105.47,106.019997,
2016-06-16,106.0,106.029999,103.58,104.25,
2016-06-17,104.28,104.84,104.089996,104.12,
2016-06-20,104.34,104.86,103.78,103.94,
2016-06-21,103.94,105.059998,103.58,104.75,
2016-06-22,104.75,104.86,104.31,104.41,
2016-06-23,104.42,106.19,104.11,106.16,
2016-06-24,106.17,106.85,99.12,102.23,
2016-06-27,102.11,102.47,101.39,102.0,
2016-06-28,102.0,102.85,101.54,102.76,
2016-06-29,102.77,102.95,102.17,102.83,
2016-06-30,102.84,103.33,102.36,103.29,
2016-07-01,103.27,103.41,102.42,102.53,
2016-07-04,102.53,102.81,102.42,102.56,
2016-07-05,102.58,102.61,101.45,101.72,
2016-07-06,101.73,101.78,100.19,101.33,
2016-07-07,101.34,101.44,100.61,100.78,
2016-07-08,100.78,101.25,100.029999,100.55,
2016-07-11,100.44,102.91,100.44,102.81,
2016-07-12,102.8,104.97,102.42,104.69,
2016-07-13,104.69,104.89,103.91,104.5,
2016-07-14,104.5,105.95,104.0,105.34,
2016-07-15,105.34,106.31,104.64,104.84,
2016-07-18,105.13,106.26,105.050003,106.16,
2016-07-19,106.16,106.53,105.64,106.12,
2016-07-20,106.14,107.029999,105.83,106.84,
2016-07-21,106.86,107.48,105.42,105.81,
2016-07-22,105.81,106.39,105.56,106.080002,
2016-07-25,106.22,106.73,105.73,105.78,
2016-07-26,105.81,105.89,104.0,104.66,
2016-07-27,104.65,106.54,104.61,105.4,
2016-07-28,105.41,105.53,104.53,105.27,
2016-07-29,105.25,105.34,101.95,102.059998,
2016-08-01,102.059998,102.69,102.0,102.39,
2016-08-02,102.39,102.83,100.67,100.89,
2016-08-03,100.89,101.58,100.73,101.23,
2016-08-04,101.25,101.67,100.86,101.22,
2016-08-05,101.22,102.059998,100.85,101.81,
2016-08-08,101.72,102.67,101.72,102.44,
2016-08-09,102.44,102.53,101.77,101.89,
2016-08-10,101.89,101.97,100.95,101.28,
2016-08-11,101.28,102.059998,101.0,101.95,
2016-08-12,101.94,102.28,100.83,101.31,
2016-08-15,101.22,101.47,100.86,101.25,
2016-08-16,101.27,101.31,99.56,100.31,
2016-08-17,100.33,101.18,100.050003,100.27,
2016-08-18,100.28,100.5,99.64,99.89,
2016-08-19,99.89,100.46,99.86,100.22,
2016-08-22,100.42,100.94,100.2,100.33,
2016-08-23,100.33,100.41,99.92,100.25,
2016-08-24,100.25,100.62,100.080002,100.44,
2016-08-25,100.44,100.62,100.28,100.53,
2016-08-26,100.53,101.94,100.080002,101.83,
2016-08-29,101.83,102.41,101.83,101.92,
2016-08-30,101.92,103.14,101.75,102.97,
2016-08-31,102.95,103.53,102.84,103.42,
2016-09-01,103.42,104.019997,103.050003,103.25,
2016-09-02,103.24,104.33,102.81,103.99,
2016-09-05,103.95,104.14,103.14,103.44,
2016-09-06,103.44,103.83,101.94,102.019997,
2016-09-07,102.029999,102.14,101.2,101.73,
2016-09-08,101.75,102.61,101.41,102.5,
2016-09-09,102.48,103.059998,101.97,102.69,
2016-09-12,102.69,102.8,101.56,101.86,
2016-09-13,101.88,102.77,101.42,102.56,
2016-09-14,102.56,103.36,102.25,102.42,
2016-09-15,102.42,102.75,101.92,102.089996,
2016-09-16,102.080002,102.47,101.73,102.3,
2016-09-19,102.22,102.42,101.58,101.94,
2016-09-20,101.95,102.080002,101.54,101.71,
2016-09-21,101.72,102.81,100.31,100.31,
2016-09-22,100.33,100.94,100.089996,100.75,
2016-09-23,100.75,101.25,100.67,101.0,
2016-09-26,101.050003,101.11,100.23,100.33,
2016-09-27,100.33,101.0,100.080002,100.44,
2016-09-28,100.42,100.83,100.25,100.67,
2016-09-29,100.69,101.86,100.64,101.029999,
2016-09-30,101.029999,101.77,100.75,101.34,
2016-10-03,101.39,101.69,101.22,101.64,
2016-10-04,101.64,102.97,101.56,102.89,
2016-10-05,102.89,103.67,102.67,103.5,
2016-10-06,103.5,104.17,103.33,103.94,
2016-10-07,103.94,104.050003,102.86,102.92,
2016-10-10,103.089996,103.81,102.81,103.61,
2016-10-11,103.61,104.080002,103.16,103.52,
2016-10-12,103.52,104.5,103.28,104.2,
2016-10-13,104.22,104.64,103.33,103.69,
2016-10-14,103.7,104.48,103.59,104.19,
2016-10-17,104.059998,104.39,103.77,103.89,
2016-10-18,103.89,104.22,103.67,103.86,
2016-10-19,103.84,103.94,103.16,103.44,
2016-10-20,103.44,104.11,103.33,103.95,
2016-10-21,103.95,104.23,103.53,103.83,
2016-10-24,103.86,104.33,103.7,104.19,
2016-10-25,104.18,104.88,104.099998,104.23,
2016-10-26,104.22,104.62,104.0,104.47,
2016-10-27,104.46,105.35,104.28,105.29,
2016-10-28,105.28,105.55,104.47,104.7,
2016-10-31,104.69,105.23,104.25,104.82,
2016-11-01,104.84,105.14,103.81,104.16,
2016-11-02,104.14,104.19,103.0,103.31,
2016-11-03,103.31,103.45,102.56,102.98,
2016-11-04,102.98,103.37,102.83,103.14,
2016-11-07,103.14,104.64,103.089996,104.47,
2016-11-08,104.46,105.22,104.29,105.16,
2016-11-09,105.14,105.91,101.17,105.67,
2016-11-10,105.67,106.95,104.97,106.83,
2016-11-11,106.82,106.94,106.010002,106.68,
2016-11-14,106.54,108.56,106.53,108.42,
2016-11-15,108.42,109.36,107.77,109.17,
2016-11-16,109.19,109.77,108.78,109.080002,
2016-11-17,109.080002,110.2,108.55,110.11,
2016-11-18,110.13,110.98,109.8,110.95,
2016-11-21,110.93,111.4,110.46,110.83,
2016-11-22,110.81,111.36,110.23,111.12,
2016-11-23,111.11,112.98,110.83,112.52,
2016-11-24,112.53,113.58,112.39,113.34,
2016-11-25,113.34,113.91,112.55,113.080002,
2016-11-28,113.050003,113.12,111.33,111.94,
2016-11-29,111.94,113.36,111.61,112.39,
2016-11-30,112.41,114.56,112.050003,114.47,
2016-12-01,114.45,114.83,113.81,114.089996,
2016-12-02,114.099998,114.25,113.33,113.58,
2016-12-05,113.55,114.8,112.86,113.84,
2016-12-06,113.88,114.22,113.5,114.019997,
2016-12-07,114.0,114.41,113.39,113.77,
2016-12-08,113.73,114.39,113.14,114.029999,
2016-12-09,114.040001,115.4,114.0,115.4,
2016-12-12,115.22,116.12,114.83,115.029999,
2016-12-13,115.029999,115.5,114.73,115.19,
2016-12-14,115.17,117.39,114.75,117.050003,
2016-12-15,117.050003,118.67,116.97,118.17,
2016-12-16,118.18,118.43,117.45,117.99,
2016-12-19,117.89,118.029999,116.53,117.080002,
2016-12-20,117.11,118.28,116.99,117.88,
2016-12-21,117.84,118.07,117.080002,117.55,
2016-12-22,117.58,117.9,117.26,117.54,
2016-12-23,117.55,117.67,117.18,117.35,
2016-12-26,117.38,117.4,116.99,117.089996,
2016-12-27,117.089996,117.64,117.080002,117.42,
2016-12-28,117.41,117.83,117.050003,117.25,
2016-12-29,117.25,117.27,116.2,116.55,
2016-12-30,116.56,117.22,116.050003,116.89,
2017-01-02,116.92,117.69,116.72,117.53,
2017-01-03,117.55,118.61,117.2,117.75,
2017-01-04,117.77,118.19,117.050003,117.27,
2017-01-05,117.25,117.44,115.22,115.36,
2017-01-06,115.36,117.19,115.059998,116.92,
2017-01-09,116.91,117.53,115.97,116.029999,
2017-01-10,116.019997,116.35,115.19,115.77,
2017-01-11,115.78,116.86,114.24,115.41,
2017-01-12,115.42,115.53,113.75,114.72,
2017-01-13,114.72,115.46,114.2,114.53,
2017-01-16,114.55,114.55,113.67,114.2,
2017-01-17,114.19,114.3,112.59,112.64,
2017-01-18,112.61,114.77,112.56,114.67,
2017-01-19,114.63,115.62,114.38,114.87,
2017-01-20,114.88,115.41,114.22,114.62,
2017-01-23,114.37,114.45,112.68,112.7,
2017-01-24,112.7,113.91,112.5,113.8,
2017-01-25,113.78,114.0,113.029999,113.28,
2017-01-26,113.28,114.86,113.029999,114.53,
2017-01-27,114.53,115.39,114.39,115.080002,
2017-01-30,115.089996,115.14,113.44,113.78,
2017-01-31,113.75,113.97,112.059998,112.8,
2017-02-01,112.81,113.97,112.62,113.25,
2017-02-02,113.25,113.36,112.029999,112.81,
2017-02-03,112.78,113.45,112.28,112.7,
2017-02-06,112.42,112.81,111.64,111.75,
2017-02-07,111.75,112.58,111.58,112.39,
2017-02-08,112.36,112.55,111.61,111.94,
2017-02-09,111.97,113.38,111.73,113.25,
2017-02-10,113.25,113.88,112.86,113.22,
2017-02-13,113.33,114.17,113.28,113.75,
2017-02-14,113.73,114.5,113.22,114.26,
2017-02-15,114.23,114.97,113.84,114.17,
2017-02-16,114.17,114.36,113.089996,113.23,
2017-02-17,113.25,113.53,112.61,112.88,
2017-02-20,112.86,113.26,112.78,113.099998,
2017-02-21,113.080002,113.78,113.080002,113.69,
2017-02-22,113.72,113.75,112.91,113.3,
2017-02-23,113.31,113.47,112.56,112.59,
2017-02-24,112.61,112.96,111.92,112.19,
2017-02-27,112.11,112.86,111.92,112.7,
2017-02-28,112.72,112.91,111.7,112.78,
2017-03-01,112.78,114.059998,112.73,113.73,
2017-03-02,113.75,114.61,113.69,114.41,
2017-03-03,114.42,114.77,113.83,114.019997,
2017-03-06,114.019997,114.14,113.55,113.89,
2017-03-07,113.89,114.17,113.72,113.98,
2017-03-08,113.99,114.77,113.61,114.35,
2017-03-09,114.38,115.029999,114.33,114.94,
2017-03-10,114.94,115.51,114.63,114.75,
2017-03-13,114.81,114.93,114.47,114.88,
2017-03-14,114.88,115.2,114.5,114.75,
2017-03-15,114.75,114.91,113.18,113.38,
2017-03-16,113.36,113.56,112.91,113.31,
2017-03-17,113.31,113.5,112.55,112.72,
2017-03-20,112.69,112.89,112.44,112.56,
2017-03-21,112.55,112.88,111.55,111.72,
2017-03-22,111.7,111.81,110.72,111.16,
2017-03-23,111.17,111.58,110.61,110.94,
2017-03-24,110.94,111.5,110.61,111.34,
2017-03-27,111.23,111.27,110.099998,110.66,
2017-03-28,110.69,111.22,110.19,111.16,
2017-03-29,111.14,111.33,110.7,111.050003,
2017-03-30,111.059998,111.97,110.94,111.92,
2017-03-31,111.92,112.2,111.22,111.39,
2017-04-03,111.41,111.61,110.84,110.89,
2017-04-04,110.89,110.97,110.27,110.75,
2017-04-05,110.77,111.47,110.53,110.7,
2017-04-06,110.69,111.14,110.28,110.81,
2017-04-07,110.81,111.38,110.13,111.07,
2017-04-10,111.089996,111.58,110.78,110.94,
2017-04-11,110.94,110.97,109.6,109.62,
2017-04-12,109.63,109.89,108.96,109.029999,
2017-04-13,109.019997,109.41,108.72,109.089996,
2017-04-14,109.089996,109.25,108.55,108.64,
2017-04-17,108.67,109.059998,108.12,108.91,
2017-04-18,108.92,109.23,108.31,108.42,
2017-04-19,108.42,109.19,108.36,108.86,
2017-04-20,108.85,109.49,108.7,109.32,
2017-04-21,109.33,109.44,108.86,109.080002,
2017-04-24,110.25,110.64,109.64,109.77,
2017-04-25,109.77,111.19,109.58,111.089996,
2017-04-26,111.11,111.8,110.88,111.059998,
2017-04-27,111.059998,111.61,111.0,111.27,
2017-04-28,111.25,111.72,111.059998,111.55,
2017-05-01,111.3,111.93,111.19,111.84,
2017-05-02,111.86,112.33,111.78,111.98,
2017-05-03,112.0,112.8,111.95,112.75,
2017-05-04,112.74,113.050003,112.3,112.46,
2017-05-05,112.45,112.83,112.080002,112.72,
2017-05-08,112.98,113.31,112.38,113.25,
2017-05-09,113.25,114.33,113.11,113.98,
2017-05-10,113.98,114.36,113.62,114.28,
2017-05-11,114.31,114.39,113.47,113.86,
2017-05-12,113.86,113.97,113.19,113.34,
2017-05-15,113.19,113.86,113.11,113.78,
2017-05-16,113.78,113.8,112.91,113.12,
2017-05-17,113.13,113.14,110.78,110.82,
2017-05-18,110.83,111.73,110.23,111.5,
2017-05-19,111.48,111.7,111.029999,111.28,
2017-05-22,111.33,111.62,110.89,111.3,
2017-05-23,111.31,111.86,110.86,111.78,
2017-05-24,111.76,112.12,111.46,111.5,
2017-05-25,111.48,111.95,111.47,111.83,
2017-05-26,111.86,111.89,110.89,111.34,
2017-05-29,111.32,111.48,111.16,111.26,
2017-05-30,111.27,111.35,110.67,110.85,
2017-05-31,110.86,111.25,110.47,110.78,
2017-06-01,110.77,111.48,110.67,111.36,
2017-06-02,111.34,111.72,110.31,110.42,
2017-06-05,110.36,110.73,110.25,110.47,
2017-06-06,110.44,110.52,109.2,109.41,
2017-06-07,109.44,109.91,109.11,109.81,
2017-06-08,109.83,110.42,109.39,110.0,
2017-06-09,110.0,110.81,109.75,110.34,
2017-06-12,110.36,110.44,109.61,109.94,
2017-06-13,109.95,110.28,109.82,110.07,
2017-06-14,110.059998,110.36,108.83,109.58,
2017-06-15,109.56,111.0,109.28,110.94,
2017-06-16,110.92,111.44,110.64,110.86,
2017-06-19,110.83,111.61,110.75,111.53,
2017-06-20,111.53,111.81,111.31,111.44,
2017-06-21,111.45,111.73,111.050003,111.38,
2017-06-22,111.35,111.45,110.93,111.33,
2017-06-23,111.35,111.45,111.16,111.29,
2017-06-26,111.11,111.94,111.11,111.84,
2017-06-27,111.88,112.47,111.45,112.36,
2017-06-28,112.36,112.43,111.83,112.3,
2017-06-29,112.31,112.94,111.81,112.18,
2017-06-30,112.19,112.62,111.74,112.38,
2017-07-03,112.14,113.48,111.94,113.39,
2017-07-04,113.38,113.48,112.73,113.28,
2017-07-05,113.28,113.69,112.81,113.27,
2017-07-06,113.27,113.48,112.89,113.22,
2017-07-07,113.19,114.19,113.080002,113.89,
2017-07-10,113.97,114.3,113.85,114.040001,
2017-07-11,114.050003,114.51,113.72,113.94,
2017-07-12,113.94,113.98,112.92,113.16,
2017-07-13,113.16,113.53,112.86,113.28,
2017-07-14,113.29,113.6,112.27,112.53,
2017-07-17,112.5,112.88,112.31,112.64,
2017-07-18,112.62,112.72,111.67,112.080002,
2017-07-19,112.080002,112.25,111.56,111.97,
2017-07-20,111.98,112.43,111.48,111.91,
2017-07-21,111.92,112.089996,111.0,111.12,
2017-07-24,111.059998,111.31,110.61,111.11,
2017-07-25,111.080002,111.96,110.81,111.89,
2017-07-26,111.89,112.2,111.059998,111.17,
2017-07-27,111.18,111.73,110.78,111.25,
2017-07-28,111.28,111.34,110.55,110.67,
2017-07-31,110.64,110.78,110.19,110.25,
2017-08-01,110.25,110.59,109.92,110.36,
2017-08-02,110.36,111.0,110.28,110.73,
2017-08-03,110.72,110.84,109.86,110.050003,
2017-08-04,110.029999,111.059998,109.83,110.69,
2017-08-07,110.61,110.92,110.61,110.75,
2017-08-08,110.73,110.83,110.23,110.31,
2017-08-09,110.31,110.39,109.56,110.080002,
2017-08-10,110.080002,110.19,109.14,109.22,
2017-08-11,109.22,109.44,108.77,109.19,
2017-08-14,109.059998,109.81,109.029999,109.64,
2017-08-15,109.64,110.86,109.59,110.67,
2017-08-16,110.67,110.95,110.019997,110.19,
2017-08-17,110.2,110.37,109.43,109.57,
2017-08-18,109.58,109.61,108.61,109.19,
2017-08-21,109.34,109.43,108.62,108.98,
2017-08-22,108.97,109.65,108.87,109.57,
2017-08-23,109.56,109.83,108.92,109.029999,
2017-08-24,109.059998,109.61,108.83,109.56,
2017-08-25,109.56,109.86,109.11,109.36,
2017-08-28,109.26,109.42,109.029999,109.25,
2017-08-29,109.27,109.91,108.27,109.75,
2017-08-30,109.75,110.44,109.53,110.23,
2017-08-31,110.25,110.67,109.89,109.97,
2017-09-01,109.97,110.42,109.56,110.27,
2017-09-04,109.4,109.94,109.31,109.74,
2017-09-05,109.73,109.84,108.64,108.81,
2017-09-06,108.81,109.41,108.45,109.23,
2017-09-07,109.23,109.28,108.059998,108.45,
2017-09-08,108.45,108.5,107.33,107.84,
2017-09-11,108.2,109.52,108.14,109.41,
2017-09-12,109.42,110.27,109.25,110.17,
2017-09-13,110.19,110.7,109.92,110.48,
2017-09-14,110.48,111.029999,110.080002,110.23,
2017-09-15,110.22,111.33,109.55,110.84,
2017-09-18,110.88,111.67,110.88,111.57,
2017-09-19,111.56,111.89,111.19,111.59,
2017-09-20,111.58,112.53,111.11,112.22,
2017-09-21,112.21,112.72,112.13,112.47,
2017-09-22,112.47,112.56,111.66,111.98,
2017-09-25,111.98,112.53,111.47,111.73,
2017-09-26,111.73,112.48,111.5,112.23,
2017-09-27,112.25,113.27,112.21,112.83,
2017-09-28,112.86,113.2,112.25,112.34,
2017-09-29,112.35,112.74,112.21,112.49,
2017-10-02,112.56,113.059998,112.44,112.77,
2017-10-03,112.75,113.2,112.64,112.86,
2017-10-04,112.86,112.94,112.33,112.75,
2017-10-05,112.75,112.92,112.41,112.82,
2017-10-06,112.81,113.44,112.61,112.64,
2017-10-09,112.69,112.75,112.32,112.67,
2017-10-10,112.67,112.83,112.0,112.45,
2017-10-11,112.45,112.59,112.080002,112.5,
2017-10-12,112.5,112.53,112.12,112.28,
2017-10-13,112.28,112.33,111.69,111.86,
2017-10-16,111.85,112.29,111.65,112.19,
2017-10-17,112.19,112.48,112.029999,112.2,
2017-10-18,112.2,113.059998,112.14,112.94,
2017-10-19,112.94,113.16,112.31,112.55,
2017-10-20,112.53,113.58,112.52,113.52,
2017-10-23,113.69,114.11,113.25,113.44,
2017-10-24,113.43,114.010002,113.25,113.9,
2017-10-25,113.92,114.25,113.48,113.75,
2017-10-26,113.75,114.080002,113.34,113.98,
2017-10-27,113.98,114.45,113.64,113.69,
2017-10-30,113.73,113.84,113.029999,113.19,
2017-10-31,113.17,113.73,112.97,113.64,
2017-11-01,113.64,114.3,113.61,114.17,
2017-11-02,114.17,114.22,113.53,114.089996,
2017-11-03,114.080002,114.44,113.66,114.080002,
2017-11-06,114.0,114.74,113.7,113.7,
2017-11-07,113.7,114.34,113.69,114.019997,
2017-11-08,114.0,114.050003,113.39,113.88,
2017-11-09,113.86,114.080002,113.089996,113.47,
2017-11-10,113.47,113.64,113.2,113.53,
2017-11-13,113.52,113.72,113.25,113.62,
2017-11-14,113.62,113.92,113.31,113.45,
2017-11-15,113.47,113.5,112.47,112.88,
2017-11-16,112.88,113.34,112.73,113.059998,
2017-11-17,113.050003,113.16,111.94,112.080002,
2017-11-20,112.080002,112.72,111.88,112.62,
2017-11-21,112.62,112.72,112.17,112.44,
2017-11-22,112.45,112.5,111.14,111.22,
2017-11-23,111.21,111.38,111.059998,111.22,
2017-11-24,111.22,111.64,111.19,111.55,
2017-11-27,111.41,111.69,110.83,111.089996,
2017-11-28,111.089996,111.64,110.94,111.48,
2017-11-29,111.48,112.15,111.37,111.93,
2017-11-30,111.92,112.64,111.72,112.53,
2017-12-01,112.53,112.88,111.42,112.11,
2017-12-04,112.41,113.089996,112.36,112.42,
2017-12-05,112.41,112.88,112.38,112.59,
2017-12-06,112.59,112.67,112.0,112.3,
2017-12-07,112.28,113.16,112.2,113.080002,
2017-12-08,113.080002,113.58,113.059998,113.48,
2017-12-11,113.48,113.69,113.24,113.56,
2017-12-12,113.58,113.75,113.38,113.55,
2017-12-13,113.56,113.58,112.47,112.55,
2017-12-14,112.53,112.88,112.059998,112.39,
2017-12-15,112.39,112.75,112.029999,112.58,
2017-12-18,112.64,112.85,112.32,112.55,
2017-12-19,112.54,113.080002,112.51,112.89,
2017-12-20,112.89,113.47,112.84,113.39,
2017-12-21,113.41,113.64,113.2,113.33,
2017-12-22,113.32,113.45,113.25,113.27,
2017-12-25,113.33,113.38,113.22,113.28,
2017-12-26,113.28,113.36,113.12,113.23,
2017-12-27,113.25,113.39,113.14,113.36,
2017-12-28,113.36,113.36,112.67,112.89,
2017-12-29,112.88,112.98,112.47,112.69,
2018-01-01,112.67,112.69,112.64,112.66,
2018-01-02,112.67,112.8,112.059998,112.3,
2018-01-03,112.3,112.61,112.17,112.5,
2018-01-04,112.5,112.87,112.46,112.75,
2018-01-05,112.75,113.32,112.72,113.080002,
2018-01-08,113.059998,113.39,112.89,113.089996,
2018-01-09,113.11,113.19,112.36,112.66,
2018-01-10,112.66,112.78,111.28,111.44,
2018-01-11,111.44,111.89,111.050003,111.25,
2018-01-12,111.26,111.7,110.91,111.040001,
2018-01-15,111.07,111.2,110.32,110.54,
2018-01-16,110.55,110.98,110.25,110.45,
2018-01-17,110.44,111.34,110.19,111.28,
2018-01-18,111.3,111.5,110.7,111.11,
2018-01-19,111.11,111.14,110.5,110.78,
2018-01-22,110.62,111.23,110.52,110.92,
2018-01-23,110.92,111.19,110.25,110.31,
2018-01-24,110.31,110.34,108.97,109.22,
2018-01-25,109.22,109.7,108.5,109.41,
2018-01-26,109.42,109.78,108.28,108.72,
2018-01-29,108.69,109.2,108.5,108.95,
2018-01-30,108.97,109.22,108.42,108.78,
2018-01-31,108.78,109.45,108.58,109.19,
2018-02-01,109.19,109.75,109.089996,109.41,
2018-02-02,109.41,110.48,109.28,110.11,
2018-02-05,110.11,110.31,108.98,109.11,
2018-02-06,109.080002,109.66,108.44,109.56,
2018-02-07,109.56,109.72,108.92,109.33,
2018-02-08,109.31,109.78,108.58,108.75,
2018-02-09,108.75,109.31,108.050003,108.8,
2018-02-12,108.81,108.95,108.44,108.66,
2018-02-13,108.64,108.78,107.39,107.83,
2018-02-14,107.83,107.91,106.72,107.019997,
2018-02-15,107.0,107.029999,106.029999,106.12,
2018-02-16,106.14,106.41,105.53,106.31,
2018-02-19,106.33,106.73,106.089996,106.6,
2018-02-20,106.61,107.39,106.56,107.33,
2018-02-21,107.33,107.92,107.27,107.78,
2018-02-22,107.78,107.81,106.59,106.75,
2018-02-23,106.75,107.14,106.48,106.89,
2018-02-26,106.84,107.3,106.38,106.94,
2018-02-27,106.94,107.69,106.78,107.33,
2018-02-28,107.33,107.53,106.55,106.67,
2018-03-01,106.67,107.2,106.16,106.24,
2018-03-02,106.23,106.31,105.25,105.75,
2018-03-05,105.69,106.25,105.36,106.2,
2018-03-06,106.2,106.47,105.84,106.12,
2018-03-07,106.12,106.22,105.44,106.080002,
2018-03-08,106.059998,106.31,105.88,106.2,
2018-03-09,106.25,107.059998,106.16,106.8,
2018-03-12,106.81,106.97,106.31,106.42,
2018-03-13,106.42,107.31,106.25,106.58,
2018-03-14,106.56,106.75,106.050003,106.33,
2018-03-15,106.33,106.42,105.78,106.34,
2018-03-16,106.34,106.39,105.61,106.019997,
2018-03-19,105.95,106.31,105.67,106.089996,
2018-03-20,106.080002,106.61,105.92,106.53,
2018-03-21,106.53,106.64,105.88,106.059998,
2018-03-22,106.059998,106.089996,105.25,105.28,
2018-03-23,105.29,105.36,104.64,104.74,
2018-03-26,104.73,105.49,104.56,105.41,
2018-03-27,105.41,105.92,105.33,105.34,
2018-03-28,105.33,107.019997,105.31,106.86,
2018-03-29,106.85,106.93,106.25,106.43,
2018-03-30,106.42,106.55,106.11,106.28,
2018-04-02,106.25,106.45,105.66,105.89,
2018-04-03,105.89,106.67,105.69,106.61,
2018-04-04,106.61,106.85,105.98,106.78,
2018-04-05,106.77,107.5,106.71,107.38,
2018-04-06,107.39,107.47,106.78,106.93,
2018-04-09,106.92,107.22,106.61,106.77,
2018-04-10,106.81,107.41,106.61,107.2,
2018-04-11,107.2,107.25,106.64,106.8,
2018-04-12,106.8,107.44,106.69,107.33,
2018-04-13,107.33,107.78,107.19,107.34,
2018-04-16,107.38,107.62,107.029999,107.11,
2018-04-17,107.12,107.22,106.86,107.0,
2018-04-18,106.98,107.39,106.98,107.23,
2018-04-19,107.23,107.53,107.17,107.38,
2018-04-20,107.38,107.86,107.36,107.67,
2018-04-23,107.63,108.76,107.63,108.71,
2018-04-24,108.7,109.2,108.54,108.82,
2018-04-25,108.81,109.47,108.8,109.42,
2018-04-26,109.42,109.47,109.059998,109.31,
2018-04-27,109.31,109.55,108.97,109.050003,
2018-04-30,109.0,109.45,109.0,109.33,
2018-05-01,109.34,109.89,109.23,109.86,
2018-05-02,109.86,110.029999,109.58,109.84,
2018-05-03,109.83,109.89,108.94,109.19,
2018-05-04,109.19,109.28,108.64,109.12,
2018-05-07,109.12,109.41,108.75,109.089996,
2018-05-08,109.080002,109.36,108.83,109.12,
2018-05-09,109.11,109.83,108.97,109.75,
2018-05-10,109.75,110.029999,109.31,109.39,
2018-05-11,109.41,109.58,109.14,109.39,
2018-05-14,109.39,109.67,109.2,109.66,
2018-05-15,109.66,110.46,109.65,110.35,
2018-05-16,110.34,110.41,110.019997,110.39,
2018-05-17,110.39,110.86,110.059998,110.77,
2018-05-18,110.78,111.080002,110.61,110.75,
2018-05-21,110.72,111.41,110.72,111.059998,
2018-05-22,111.059998,111.19,110.8,110.89,
2018-05-23,110.9,110.93,109.54,110.080002,
2018-05-24,110.080002,110.11,108.95,109.25,
2018-05-25,109.25,109.75,109.11,109.39,
2018-05-28,109.56,109.83,109.23,109.42,
2018-05-29,109.42,109.47,108.11,108.77,
2018-05-30,108.75,109.080002,108.33,108.91,
2018-05-31,108.9,109.010002,108.38,108.82,
2018-06-01,108.81,109.75,108.72,109.55,
2018-06-04,109.5,109.86,109.38,109.81,
2018-06-05,109.83,110.019997,109.47,109.8,
2018-06-06,109.8,110.28,109.78,110.17,
2018-06-07,110.19,110.22,109.48,109.7,
2018-06-08,109.71,109.87,109.19,109.55,
2018-06-11,109.47,110.12,109.22,110.029999,
2018-06-12,110.029999,110.5,109.98,110.38,
2018-06-13,110.38,110.86,110.26,110.34,
2018-06-14,110.33,110.7,109.9,110.63,
2018-06-15,110.62,110.92,110.39,110.67,
2018-06-18,110.67,110.75,110.3,110.55,
2018-06-19,110.56,110.58,109.55,110.059998,
2018-06-20,110.059998,110.45,109.85,110.36,
2018-06-21,110.36,110.77,109.83,110.0,
2018-06-22,109.98,110.22,109.79,109.97,
2018-06-25,109.92,110.029999,109.36,109.78,
2018-06-26,109.75,110.22,109.36,110.059998,
2018-06-27,110.059998,110.49,109.68,110.26,
2018-06-28,110.25,110.66,109.97,110.5,
2018-06-29,110.49,110.95,110.39,110.68,
2018-07-02,110.67,111.059998,110.48,110.89,
2018-07-03,110.91,111.14,110.5,110.59,
2018-07-04,110.61,110.64,110.28,110.47,
2018-07-05,110.47,110.72,110.3,110.62,
2018-07-06,110.62,110.79,110.36,110.46,
2018-07-09,110.5,110.91,110.31,110.85,
2018-07-10,110.86,111.36,110.8,111.0,
2018-07-11,110.98,112.19,110.77,112.019997,
2018-07-12,112.019997,112.64,111.91,112.56,
2018-07-13,112.56,112.81,112.28,112.38,
2018-07-16,112.36,112.56,112.19,112.3,
2018-07-17,112.29,112.94,112.22,112.87,
2018-07-18,112.89,113.16,112.72,112.86,
2018-07-19,112.86,113.17,112.059998,112.47,
2018-07-20,112.46,112.63,111.39,111.41,
2018-07-23,111.5,111.56,110.75,111.34,
2018-07-24,111.35,111.52,110.96,111.2,
2018-07-25,111.2,111.39,110.66,110.97,
2018-07-26,110.97,111.25,110.58,111.22,
2018-07-27,111.22,111.25,110.8,111.050003,
2018-07-30,111.040001,111.17,110.89,111.07,
2018-07-31,111.050003,111.97,110.78,111.88,
2018-08-01,111.88,112.16,111.39,111.72,
2018-08-02,111.7,111.75,111.31,111.66,
2018-08-03,111.66,111.83,111.080002,111.27,
2018-08-06,111.19,111.53,111.14,111.41,
2018-08-07,111.41,111.48,111.0,111.39,
2018-08-08,111.39,111.44,110.83,110.98,
2018-08-09,110.98,111.19,110.69,111.080002,
2018-08-10,111.089996,111.18,110.5,110.94,
2018-08-13,110.94,110.95,110.12,110.73,
2018-08-14,110.69,111.33,110.59,111.16,
2018-08-15,111.14,111.44,110.42,110.75,
2018-08-16,110.75,111.12,110.47,110.89,
2018-08-17,110.89,111.059998,110.31,110.5,
2018-08-20,110.52,110.69,110.019997,110.07,
2018-08-21,110.059998,110.56,109.78,110.31,
2018-08-22,110.3,110.62,110.029999,110.56,
2018-08-23,110.55,111.33,110.52,111.3,
2018-08-24,111.28,111.5,111.11,111.23,
2018-08-27,111.25,111.36,110.92,111.080002,
2018-08-28,111.080002,111.36,110.95,111.19,
2018-08-29,111.2,111.84,111.11,111.67,
2018-08-30,111.69,111.78,110.95,110.98,
2018-08-31,110.99,111.15,110.68,111.040001,
2018-09-03,111.080002,111.19,110.85,111.080002,
2018-09-04,111.059998,111.55,110.91,111.45,
2018-09-05,111.45,111.76,111.37,111.53,
2018-09-06,111.53,111.55,110.53,110.75,
2018-09-07,110.77,111.27,110.39,111.080002,
2018-09-10,110.97,111.25,110.86,111.12,
2018-09-11,111.12,111.66,111.059998,111.64,
2018-09-12,111.64,111.66,111.12,111.27,
2018-09-13,111.25,112.0,111.14,111.92,
2018-09-14,111.92,112.17,111.75,112.059998,
2018-09-17,111.95,112.14,111.75,111.84,
2018-09-18,111.86,112.39,111.67,112.36,
2018-09-19,112.36,112.45,112.17,112.28,
2018-09-20,112.28,112.59,112.029999,112.5,
2018-09-21,112.48,112.89,112.42,112.58,
2018-09-24,112.58,112.84,112.28,112.81,
2018-09-25,112.8,112.97,112.72,112.97,
2018-09-26,112.97,113.14,112.62,112.73,
2018-09-27,112.75,113.47,112.55,113.38,
2018-09-28,113.38,113.72,113.31,113.69,
2018-10-01,113.69,114.080002,113.67,113.92,
2018-10-02,113.92,114.019997,113.51,113.67,
2018-10-03,113.64,114.55,113.52,114.53,
2018-10-04,114.55,114.56,113.64,113.92,
2018-10-05,113.9,114.11,113.55,113.72,
2018-10-08,113.69,113.94,112.81,113.23,
2018-10-09,113.22,113.41,112.88,112.95,
2018-10-10,112.95,113.28,112.23,112.28,
2018-10-11,112.27,112.53,111.83,112.17,
2018-10-12,112.17,112.5,111.89,112.2,
2018-10-15,112.11,112.27,111.62,111.78,
2018-10-16,111.77,112.33,111.72,112.25,
2018-10-17,112.26,112.68,111.99,112.65,
2018-10-18,112.64,112.73,111.97,112.19,
2018-10-19,112.21,112.65,112.12,112.55,
2018-10-22,112.5,112.91,112.36,112.83,
2018-10-23,112.83,112.86,111.94,112.44,
2018-10-24,112.43,112.75,112.089996,112.26,
2018-10-25,112.25,112.69,111.83,112.42,
2018-10-26,112.39,112.45,111.38,111.91,
2018-10-29,111.92,112.56,111.78,112.38,
2018-10-30,112.38,113.11,112.28,113.089996,
2018-10-31,113.13,113.39,112.8,112.94,
2018-11-01,112.94,113.0,112.61,112.72,
2018-11-02,112.72,113.33,112.58,113.2,
2018-11-05,113.19,113.34,113.059998,113.19,
2018-11-06,113.2,113.5,113.11,113.44,
2018-11-07,113.44,113.83,112.94,113.53,
2018-11-08,113.52,114.080002,113.47,114.059998,
2018-11-09,114.059998,114.089996,113.64,113.83,
2018-11-12,113.83,114.2,113.66,113.83,
2018-11-13,113.83,114.15,113.57,113.81,
2018-11-14,113.81,114.019997,113.3,113.62,
2018-11-15,113.62,113.72,113.11,113.64,
2018-11-16,113.64,113.66,112.64,112.83,
2018-11-19,112.83,112.89,112.42,112.56,
2018-11-20,112.56,112.84,112.31,112.77,
2018-11-21,112.77,113.14,112.61,113.059998,
2018-11-22,113.050003,113.14,112.86,112.94,
2018-11-23,112.94,113.019997,112.64,112.95,
2018-11-26,112.94,113.64,112.86,113.59,
2018-11-27,113.58,113.85,113.41,113.78,
2018-11-28,113.78,114.029999,113.44,113.69,
2018-11-29,113.69,113.69,113.19,113.48,
2018-11-30,113.5,113.72,113.33,113.47,
2018-12-03,113.47,113.86,113.38,113.67,
2018-12-04,113.66,113.67,112.58,112.78,
2018-12-05,112.77,113.25,112.64,113.19,
2018-12-06,113.19,113.22,112.22,112.67,
2018-12-07,112.67,112.94,112.55,112.73,
2018-12-10,112.7,113.38,112.25,113.34,
2018-12-11,113.33,113.47,113.0,113.39,
2018-12-12,113.39,113.53,113.14,113.28,
2018-12-13,113.28,113.72,113.2,113.64,
2018-12-14,113.64,113.69,113.22,113.39,
2018-12-17,113.32,113.53,112.68,112.83,
2018-12-18,112.83,112.88,112.25,112.53,
2018-12-19,112.52,112.66,112.089996,112.48,
2018-12-20,112.47,112.61,110.81,111.28,
2018-12-21,111.3,111.47,110.94,111.22,
2018-12-24,110.95,111.21,110.27,110.45,
2018-12-25,110.44,110.47,110.0,110.28,
2018-12-26,110.31,111.42,110.14,111.36,
2018-12-27,111.38,111.39,110.45,111.0,
2018-12-28,110.97,111.059998,110.14,110.28,
2018-12-31,110.44,110.48,109.55,109.58,
2019-01-01,109.57,109.79,109.57,109.72,
2019-01-02,109.67,109.73,108.71,108.88,
2019-01-03,108.89,108.92,104.97,107.67,
2019-01-04,107.67,108.59,107.51,108.53,
2019-01-07,108.55,108.75,108.029999,108.72,
2019-01-08,108.72,109.089996,108.44,108.75,
2019-01-09,108.75,109.0,107.97,108.17,
2019-01-10,108.16,108.52,107.77,108.42,
2019-01-11,108.43,108.6,108.14,108.55,
2019-01-14,108.47,108.56,107.97,108.17,
2019-01-15,108.16,108.77,108.13,108.67,
2019-01-16,108.69,109.2,108.38,109.089996,
2019-01-17,109.089996,109.4,108.68,109.24,
2019-01-18,109.27,109.89,109.059998,109.78,
2019-01-21,109.75,109.77,109.47,109.67,
2019-01-22,109.67,109.7,109.14,109.38,
2019-01-23,109.37,110.0,109.32,109.6,
2019-01-24,109.58,109.81,109.42,109.64,
2019-01-25,109.64,109.97,109.45,109.55,
2019-01-28,109.53,109.61,109.16,109.36,
2019-01-29,109.36,109.55,109.14,109.39,
2019-01-30,109.39,109.75,108.81,109.029999,
2019-01-31,109.040001,109.080002,108.49,108.88,
2019-02-01,108.89,109.58,108.72,109.5,
2019-02-04,109.5,110.16,109.43,109.89,
2019-02-05,109.89,110.029999,109.78,109.97,
2019-02-06,109.97,110.059998,109.55,109.97,
2019-02-07,109.97,110.089996,109.61,109.81,
2019-02-08,109.81,109.91,109.64,109.73,
2019-02-11,109.83,110.47,109.69,110.38,
2019-02-12,110.36,110.64,110.33,110.48,
2019-02-13,110.5,111.059998,110.42,111.0,
2019-02-14,111.010002,111.13,110.45,110.48,
2019-02-15,110.48,110.66,110.25,110.5,
2019-02-18,110.45,110.67,110.39,110.62,
2019-02-19,110.61,110.83,110.45,110.62,
2019-02-20,110.63,110.95,110.52,110.86,
2019-02-21,110.86,110.89,110.58,110.7,
2019-02-22,110.69,110.92,110.56,110.69,
2019-02-25,110.67,111.23,110.56,111.059998,
2019-02-26,111.059998,111.089996,110.42,110.58,
2019-02-27,110.58,111.080002,110.36,111.0,
2019-02-28,111.0,111.5,110.66,111.39,
2019-03-01,111.39,112.080002,111.33,111.92,
2019-03-04,111.77,112.019997,111.64,111.75,
2019-03-05,111.72,112.12,111.7,111.89,
2019-03-06,111.89,111.94,111.61,111.77,
2019-03-07,111.77,111.86,111.48,111.59,
2019-03-08,111.58,111.66,110.78,111.17,
2019-03-11,111.14,111.31,110.88,111.2,
2019-03-12,111.2,111.47,111.11,111.36,
2019-03-13,111.36,111.47,111.0,111.17,
2019-03-14,111.16,111.84,111.14,111.72,
2019-03-15,111.7,111.91,111.39,111.47,
2019-03-18,111.45,111.62,111.28,111.42,
2019-03-19,111.44,111.48,111.16,111.39,
2019-03-20,111.41,111.69,110.53,110.69,
2019-03-21,110.72,110.97,110.3,110.81,
2019-03-22,110.81,110.91,109.75,109.92,
2019-03-25,109.86,110.25,109.72,109.97,
2019-03-26,109.97,110.69,109.94,110.64,
2019-03-27,110.64,110.7,110.22,110.52,
2019-03-28,110.52,110.83,110.029999,110.64,
2019-03-29,110.625,110.955,110.535,110.84,
2019-04-01,110.805,111.45,110.805,111.34,
2019-04-02,111.345,111.465,111.25,111.31,
2019-04-03,111.325,111.585,111.2,111.47,
2019-04-04,111.485,111.69,111.33,111.65,
2019-04-05,111.655,111.83,111.59,111.73,
2019-04-08,111.715,111.795,111.28,111.47,
2019-04-09,111.48,111.585,110.975,111.12,
2019-04-10,111.135,111.285,110.84,111.0,
2019-04-11,111.014999,111.705,110.9,111.65,
2019-04-12,111.665,112.105,111.58,112.019997,
2019-04-15,112.0049973,112.105,111.88,112.029999,
2019-04-16,112.035004,112.065002,111.845,111.99,
2019-04-17,112.014999,112.175,111.92,112.050003,
2019-04-18,112.055,112.084999,111.765,111.96,
2019-04-19,111.975,112.014999,111.885,111.91,
2019-04-22,111.925,112.0,111.85,111.93,
2019-04-23,111.945,112.044998,111.65,111.86,
2019-04-24,111.865,112.41,111.68,112.17,
2019-04-25,112.185,112.245,111.385,111.62,
2019-04-26,111.635,112.025002,111.425,111.58,
2019-04-29,111.595,111.905,111.525,111.63,
2019-04-30,111.655,111.705,111.23,111.41,
2019-05-01,111.435,111.625,111.044998,111.37,
2019-05-02,111.385,111.675,111.35,111.5,
2019-05-03,111.515,111.695,111.059998,111.089996,
2019-05-06,110.615,110.989,110.28,110.76,
2019-05-07,110.765,110.865,110.165,110.24,
2019-05-08,110.255,110.315,109.9,110.099998,
2019-05-09,110.099998,110.135,109.465,109.75,
2019-05-10,109.76,110.055,109.47,109.94,
2019-05-13,109.765,109.86,109.019997,109.3,
2019-05-14,109.295,109.785,109.14,109.59,
2019-05-15,109.615,109.715,109.15,109.58,
2019-05-16,109.605,109.975,109.33,109.84,
2019-05-17,109.855,110.19,109.495,110.07,
2019-05-20,110.125,110.325,109.805,110.050003,
2019-05-21,110.065002,110.685,110.014999,110.49,
2019-05-22,110.49,110.635,110.24,110.34,
2019-05-23,110.355,110.375,109.455,109.59,
2019-05-24,109.61,109.75,109.27,109.29,
2019-05-27,109.315,109.595,109.28,109.5,
2019-05-28,109.505,109.635,109.21,109.36,
2019-05-29,109.375,109.705,109.145,109.58,
2019-05-30,109.595,109.935,109.475,109.6,
2019-05-31,109.625,109.64,108.27,108.26,
2019-06-03,108.375,108.455,107.88,108.059998,
2019-06-04,108.074997,108.365,107.84,108.14,
2019-06-05,108.145,108.495,107.81,108.45,
2019-06-06,108.465,108.575,108.019997,108.4,
2019-06-07,108.415,108.62,107.88,108.18,
2019-06-10,108.555,108.725,108.325,108.43,
2019-06-11,108.445,108.81,108.35,108.5,
2019-06-12,108.52,108.585,108.21,108.49,
2019-06-13,108.505,108.54,108.16,108.37,
2019-06-14,108.375,108.59,108.155,108.55,
2019-06-17,108.435,108.735,108.415,108.55,
2019-06-18,108.545,108.68,108.059998,108.44,
2019-06-19,108.455,108.62,107.9,108.089996,
2019-06-20,108.095001,108.145,107.215,107.29,
2019-06-21,107.315,107.745,107.050003,107.3,
2019-06-24,107.395,107.54,107.245,107.28,
2019-06-25,107.295,107.415,106.78,107.17,
2019-06-26,107.195,107.855,107.095001,107.77,
2019-06-27,107.795,108.165,107.645,107.78,
2019-06-28,107.795,107.945,107.56,107.88,
2019-07-01,108.105,108.545,108.099998,108.43,
2019-07-02,108.435,108.48,107.76,107.88,
2019-07-03,107.895,107.925,107.53,107.82,
2019-07-04,107.795,107.85,107.705,107.79,
2019-07-05,107.81,108.64,107.78,108.45,
2019-07-08,108.445,108.81,108.28,108.71,
2019-07-09,108.725,108.975,108.675,108.84,
2019-07-10,108.855,108.995,108.345,108.46,
2019-07-11,108.465,108.535,107.86,108.48,
2019-07-12,108.485,108.61,107.795,107.89,
2019-07-15,107.875,108.115,107.795,107.9,
2019-07-16,107.915,108.38,107.82,108.22,
2019-07-17,108.245,108.335,107.94,107.94,
2019-07-18,107.945,108.025002,107.21,107.29,
2019-07-19,107.295,107.975,107.215,107.7,
2019-07-22,107.785,108.074997,107.7,107.86,
2019-07-23,107.845,108.29,107.825,108.21,
2019-07-24,108.215,108.28,107.935,108.17,
2019-07-25,108.185,108.76,108.035004,108.62,
2019-07-26,108.635,108.835,108.56,108.66,
2019-07-29,108.695,108.905,108.42,108.77,
2019-07-30,108.785,108.95,108.45,108.59,
2019-07-31,108.615,109.0049973,108.49,108.74,
2019-08-01,108.795,109.32,107.26,107.33,
2019-08-02,107.345,107.57,106.505,106.58,
2019-08-05,106.585,106.685,105.785,105.94,
2019-08-06,105.945,107.084999,105.52,106.47,
2019-08-07,106.485,106.485,105.495,106.26,
2019-08-08,106.275,106.305,105.895,106.059998,
2019-08-09,106.074997,106.115,105.26,105.66,
2019-08-12,105.575,105.705,105.044998,105.29,
2019-08-13,105.305,106.98,105.065002,106.73,
2019-08-14,106.745,106.78,105.655,105.89,
2019-08-15,105.915,106.785,105.7,106.11,
2019-08-16,106.125,106.5,106.025002,106.36,
2019-08-19,106.335,106.705,106.24,106.62,
2019-08-20,106.635,106.695,106.175,106.22,
2019-08-21,106.225,106.65,106.22,106.61,
2019-08-22,106.615,106.655,106.25,106.42,
2019-08-23,106.435,106.745,105.255,105.39,
2019-08-26,105.135,106.405,104.455,106.12,
2019-08-27,106.155,106.175,105.59,105.72,
2019-08-28,105.745,106.23,105.65,106.11,
2019-08-29,106.125,106.685,105.83,106.5,
2019-08-30,106.505,106.55,106.105,106.29,
2019-09-02,106.245,106.415,105.93,106.21,
2019-09-03,106.215,106.39,105.735,105.92,
2019-09-04,105.935,106.445,105.83,106.38,
2019-09-05,106.365,107.23,106.32,106.92,
2019-09-06,106.955,107.105,106.625,106.9,
2019-09-09,106.815,107.275,106.765,107.23,
2019-09-10,107.245,107.59,107.18,107.53,
2019-09-11,107.545,107.865,107.5,107.81,
2019-09-12,107.835,108.19,107.515,108.089996,
2019-09-13,108.095001,108.27,107.915,108.07,
2019-09-16,107.655,108.17,107.475,108.12,
2019-09-17,108.115,108.375,108.019997,108.12,
2019-09-18,108.125,108.48,108.080002,108.44,
2019-09-19,108.455,108.475,107.785,108.0,
2019-09-20,108.014999,108.089996,107.525,107.55,
2019-09-23,107.525,107.775,107.31,107.54,
2019-09-24,107.545,107.795,106.96,107.050003,
2019-09-25,107.065002,107.89,106.995,107.76,
2019-09-26,107.775,107.965,107.425,107.82,
2019-09-27,107.83,108.19,107.655,107.92,
2019-09-30,107.915,108.185,107.74,108.059998,
2019-10-01,108.080002,108.47,107.625,107.74,
2019-10-02,107.735,107.9,107.044998,107.17,
2019-10-03,107.18,107.305,106.48,106.9,
2019-10-04,106.915,107.135,106.585,106.93,
2019-10-07,106.975,107.465,106.565,107.28,
2019-10-08,107.295,107.45,106.805,107.07,
2019-10-09,107.084999,107.63,106.93,107.46,
2019-10-10,107.475,108.019997,107.029999,107.96,
2019-10-11,107.985,108.62,107.845,108.4,
2019-10-14,108.345,108.53,108.035004,108.38,
2019-10-15,108.425,108.9,108.15,108.84,
2019-10-16,108.86,108.875,108.565,108.75,
2019-10-17,108.765,108.945,108.465,108.65,
2019-10-18,108.665,108.735,108.385,108.42,
2019-10-21,108.475,108.67,108.295,108.59,
2019-10-22,108.615,108.735,108.44,108.47,
2019-10-23,108.485,108.71,108.245,108.68,
2019-10-24,108.685,108.76,108.495,108.61,
2019-10-25,108.625,108.78,108.505,108.64,
2019-10-28,108.665,109.044998,108.655,108.94,
2019-10-29,108.955,109.074997,108.765,108.87,
2019-10-30,108.885,109.295,108.715,108.83,
2019-10-31,108.835,108.905,107.925,108.019997,
2019-11-01,108.065002,108.33,107.885,108.17,
2019-11-04,108.185,108.655,108.175,108.56,
2019-11-05,108.575,109.25,108.555,109.15,
2019-11-06,109.155,109.195,108.815,108.96,
2019-11-07,108.975,109.49,108.65,109.27,
2019-11-08,109.285,109.49,109.074997,109.27,
2019-11-11,109.195,109.26,108.895,109.040001,
2019-11-12,109.065002,109.3,108.925,109.0,
2019-11-13,108.995,109.155,108.65,108.81,
2019-11-14,108.835,108.87,108.24,108.39,
2019-11-15,108.405,108.86,108.37,108.73,
2019-11-18,108.825,109.074997,108.51,108.66,
2019-11-19,108.675,108.855,108.45,108.53,
2019-11-20,108.54,108.75,108.345,108.6,
2019-11-21,108.61,108.705,108.28,108.63,
2019-11-22,108.64,108.735,108.47,108.64,
2019-11-25,108.705,108.98,108.635,108.9,
2019-11-26,108.925,109.205,108.87,109.029999,
2019-11-27,109.035004,109.61,109.0049973,109.55,
2019-11-28,109.545,109.58,109.33,109.5,
2019-11-29,109.515,109.675,109.395,109.51,
2019-12-02,109.535,109.735,108.925,108.98,
2019-12-03,108.965,109.21,108.48,108.62,
2019-12-04,108.635,108.97,108.425,108.85,
2019-12-05,108.865,109.0049973,108.65,108.75,
2019-12-06,108.76,108.92,108.52,108.59,
2019-12-09,108.685,108.685,108.425,108.55,
2019-12-10,108.56,108.77,108.515,108.7,
2019-12-11,108.725,108.855,108.465,108.54,
2019-12-12,108.56,109.45,108.455,109.29,
2019-12-13,109.31,109.71,108.916,109.36,
2019-12-16,109.375,109.68,109.245,109.49,
2019-12-17,109.535,109.645,109.44,109.47,
2019-12-18,109.505,109.635,109.395,109.53,
2019-12-19,109.55,109.685,109.18,109.37,
2019-12-20,109.365,109.53,109.255,109.44,
2019-12-23,109.405,109.545,109.335,109.39,
2019-12-24,109.395,109.445,109.325,109.39,
2019-12-25,109.395,109.435,109.28,109.35,
2019-12-26,109.345,109.69,109.315,109.63,
2019-12-27,109.595,109.64,109.39,109.41,
2019-12-30,109.475,109.51,108.75,108.86,
2019-12-31,108.875,108.89,108.47,108.61,
2020-01-01,108.625,108.755,108.605,108.7,
2020-01-02,108.755,108.87,108.21,108.57,
2020-01-03,108.565,108.635,107.83,108.080002,
2020-01-06,108.0049973,108.51,107.765,108.36,
2020-01-07,108.37,108.635,108.26,108.42,
2020-01-08,108.415,109.25,107.645,109.12,
2020-01-09,109.12,109.585,109.010002,109.51,
2020-01-10,109.515,109.7,109.43,109.46,
2020-01-13,109.485,109.95,109.445,109.93,
2020-01-14,109.94,110.215,109.855,109.97,
2020-01-15,109.99,110.019997,109.785,109.88,
2020-01-16,109.895,110.19,109.85,110.14,
2020-01-17,110.135,110.29,110.044998,110.14,
2020-01-20,110.155,110.225,110.035004,110.18,
2020-01-21,110.185,110.225,109.76,109.86,
2020-01-22,109.865,110.099998,109.82,109.83,
2020-01-23,109.84,109.87,109.265,109.48,
2020-01-24,109.495,109.66,109.17,109.27,
2020-01-27,109.050003,109.145,108.73,108.89,
2020-01-28,108.895,109.205,108.755,109.13,
2020-01-29,109.145,109.27,108.975,108.99,
2020-01-30,109.014999,109.07,108.585,108.95,
2020-01-31,108.965,109.14,108.315,108.38,
2020-02-03,108.41,108.81,108.315,108.67,
2020-02-04,108.685,109.55,108.55,109.51,
2020-02-05,109.525,109.855,109.3,109.8,
2020-02-06,109.825,110.0049973,109.72,109.99,
2020-02-07,109.995,110.029999,109.53,109.72,
2020-02-10,109.845,109.88,109.56,109.74,
2020-02-11,109.775,109.97,109.725,109.77,
2020-02-12,109.785,110.145,109.77,110.080002,
2020-02-13,110.105,110.105,109.615,109.81,
2020-02-14,109.815,109.91,109.695,109.74,
2020-02-17,109.775,109.975,109.72,109.88,
2020-02-18,109.88,109.95,109.655,109.86,
2020-02-19,109.87,111.595,109.845,111.35,
2020-02-20,111.37,112.225,111.11,112.11,
2020-02-21,112.115,112.19,111.475,111.57,
2020-02-24,111.595,111.69,110.33,110.71,
2020-02-25,110.725,111.050003,109.885,110.18,
2020-02-26,110.205,110.71,110.13,110.42,
2020-02-27,110.425,110.465,109.57,109.58,
2020-02-28,109.595,109.69,107.505,108.07,
2020-03-02,107.395,108.58,106.985,108.3,
2020-03-03,108.315,108.545,106.94,107.12,
2020-03-04,107.125,107.69,106.85,107.52,
2020-03-05,107.54,107.745,105.975,106.16,
2020-03-06,106.165,106.355,104.99,105.3,
2020-03-09,104.905,104.925,101.185,102.34,
2020-03-10,102.375,105.93,102.0049973,105.63,
2020-03-11,105.655,105.685,104.099998,104.53,
2020-03-12,104.565,106.095001,103.095001,104.63,
2020-03-13,104.635,108.505,104.495,107.91,
2020-03-16,107.935,107.935,105.145,105.85,
2020-03-17,105.865,107.87,105.865,107.67,
2020-03-18,107.685,108.67,106.755,108.059998,
2020-03-19,108.065002,110.965,107.852,110.69,
2020-03-20,110.715,111.52,109.305,110.8,
2020-03-23,111.035004,111.61,109.665,111.2,
2020-03-24,111.215,111.725,110.080002,111.21,
2020-03-25,111.215,111.695,110.75,111.19,
2020-03-26,111.205,111.32,109.205,109.58,
2020-03-27,109.595,109.715,107.755,107.89,
2020-03-30,107.895,108.31,107.115,107.81,
2020-03-31,107.765,108.74,107.455,107.53,
2020-04-01,107.545,107.95,106.91,107.15,
2020-04-02,107.165,108.11,107.014999,107.9,
2020-04-03,107.915,108.69,107.8,108.45,
2020-04-06,108.435,109.39,108.345,109.2,
2020-04-07,109.235,109.285,108.665,108.7,
2020-04-08,108.715,109.105,108.5,108.81,
2020-04-09,108.825,109.07,108.205,108.46,
2020-04-10,108.535,108.605,108.325,108.46,
2020-04-13,108.535,108.535,107.5,107.76,
2020-04-14,107.775,107.805,106.975,107.2,
2020-04-15,107.215,107.865,106.925,107.47,
2020-04-16,107.485,108.099998,107.165,107.94,
2020-04-17,107.955,108.084999,107.3,107.51,
2020-04-20,107.565,107.96,107.485,107.61,
2020-04-21,107.625,107.9,107.275,107.76,
2020-04-22,107.815,107.945,107.51,107.72,
2020-04-23,107.76,108.044998,107.34,107.58,
2020-04-24,107.585,107.765,107.37,107.5,
2020-04-27,107.485,107.635,106.985,107.22,
2020-04-28,107.225,107.35,106.555,106.86,
2020-04-29,106.875,106.9,106.355,106.7,
2020-04-30,106.715,107.51,106.405,107.17,
2020-05-01,107.185,107.41,106.6,106.93,
2020-05-04,106.825,107.080002,106.63,106.73,
2020-05-05,106.775,106.91,106.415,106.58,
2020-05-06,106.605,106.635,105.98,106.14,
2020-05-07,106.105,106.67,105.99,106.27,
2020-05-08,106.285,106.755,106.22,106.65,
2020-05-11,106.635,107.78,106.535,107.66,
2020-05-12,107.685,107.705,107.12,107.13,
2020-05-13,107.105,107.28,106.735,107.019997,
2020-05-14,107.035004,107.38,106.77,107.24,
2020-05-15,107.255,107.445,106.85,107.019997,
2020-05-18,107.084999,107.515,107.035004,107.33,
2020-05-19,107.325,108.089996,107.295,107.68,
2020-05-20,107.705,107.99,107.33,107.51,
2020-05-21,107.495,107.86,107.475,107.61,
2020-05-22,107.605,107.77,107.32,107.61,
2020-05-25,107.585,107.785,107.56,107.69,
2020-05-26,107.705,107.935,107.4,107.52,
2020-05-27,107.535,107.96,107.36,107.71,
2020-05-28,107.725,107.905,107.57,107.63,
2020-05-29,107.665,107.905,107.074997,107.77,
2020-06-01,107.735,107.865,107.375,107.58,
2020-06-02,107.59,108.78,107.505,108.66,
2020-06-03,108.68,108.995,108.415,108.89,
2020-06-04,108.885,109.2,108.615,109.13,
2020-06-05,109.135,109.86,109.040001,109.58,
2020-06-08,109.685,109.7,108.235,108.42,
2020-06-09,108.44,108.55,107.615,107.72,
2020-06-10,107.725,107.885,106.985,107.089996,
2020-06-11,107.13,107.24,106.575,106.85,
2020-06-12,106.875,107.56,106.585,107.34,
2020-06-15,107.335,107.58,106.995,107.31,
2020-06-16,107.335,107.64,107.21,107.32,
2020-06-17,107.345,107.455,106.95,107.0,
2020-06-18,107.0049973,107.14,106.665,106.96,
2020-06-19,106.975,107.07,106.765,106.87,
2020-06-22,106.905,107.019997,106.76,106.87,
2020-06-23,106.91,107.23,106.07,106.51,
2020-06-24,106.52,107.080002,106.375,107.019997,
2020-06-25,107.055,107.465,106.985,107.19,
2020-06-26,107.235,107.37,106.795,107.21,
2020-06-29,107.195,107.895,107.040001,107.56,
2020-06-30,107.565,107.995,107.52,107.92,
2020-07-01,107.935,108.17,107.36,107.46,
2020-07-02,107.47,107.74,107.33,107.48,
2020-07-03,107.5,107.58,107.43,107.5,
2020-07-06,107.505,107.78,107.255,107.35,
2020-07-07,107.345,107.8,107.235,107.51,
2020-07-08,107.52,107.715,107.195,107.25,
2020-07-09,107.305,107.41,107.095001,107.19,
2020-07-10,107.205,107.27,106.635,106.89,
2020-07-13,106.905,107.33,106.78,107.26,
2020-07-14,107.285,107.44,107.115,107.23,
2020-07-15,107.23,107.315,106.66,106.92,
2020-07-16,106.935,107.41,106.83,107.26,
2020-07-17,107.265,107.37,106.935,106.99,
2020-07-20,107.105,107.53,107.010002,107.24,
2020-07-21,107.265,107.38,106.68,106.76,
2020-07-22,106.775,107.295,106.71,107.14,
2020-07-23,107.155,107.24,106.705,106.85,
2020-07-24,106.865,106.915,105.675,106.12,
2020-07-27,105.975,106.205,105.115,105.37,
2020-07-28,105.365,105.7,104.95,105.080002,
2020-07-29,105.055,105.25,104.765,104.91,
2020-07-30,104.92,105.305,104.68,104.72,
2020-07-31,104.705,106.065002,104.18,105.88,
2020-08-03,105.885,106.48,105.575,105.94,
2020-08-04,105.955,106.21,105.635,105.7,
2020-08-05,105.72,105.885,105.315,105.57,
2020-08-06,105.575,105.71,105.295,105.54,
2020-08-07,105.515,106.065002,105.475,105.91,
2020-08-10,105.955,106.21,105.705,105.95,
2020-08-11,105.96,106.7,105.92,106.48,
2020-08-12,106.515,107.025002,106.44,106.89,
2020-08-13,106.885,107.059998,106.56,106.92,
2020-08-14,106.905,107.044998,106.435,106.59,
2020-08-17,106.625,106.665,105.94,105.99,
2020-08-18,106.0049973,106.074997,105.28,105.42,
2020-08-19,105.41,106.155,105.099998,106.099998,
2020-08-20,106.115,106.225,105.74,105.79,
2020-08-21,105.785,106.084999,105.435,105.78,
2020-08-24,105.865,106.010002,105.69,105.97,
2020-08-25,105.98,106.59,105.865,106.36,
2020-08-26,106.395,106.56,105.95,105.98,
2020-08-27,105.99,106.715,105.605,106.55,
2020-08-28,106.565,106.955,105.195,105.34,
2020-08-31,105.355,106.099998,105.295,105.89,
2020-09-01,105.925,106.16,105.59,105.95,
2020-09-02,105.965,106.315,105.845,106.18,
2020-09-03,106.185,106.565,106.0,106.17,
2020-09-04,106.19,106.51,106.055,106.23,
2020-09-07,106.275,106.39,106.125,106.25,
2020-09-08,106.295,106.395,105.86,106.010002,
2020-09-09,106.035004,106.29,105.78,106.17,
2020-09-10,106.205,106.305,105.98,106.13,
2020-09-11,106.125,106.28,106.055,106.14,
2020-09-14,106.165,106.215,105.545,105.72,
2020-09-15,105.725,105.83,105.295,105.43,
2020-09-16,105.44,105.45,104.795,104.94,
2020-09-17,104.95,105.18,104.52,104.73,
2020-09-18,104.745,104.875,104.265,104.55,
2020-09-21,104.445,104.84,104.0,104.64,
2020-09-22,104.65,105.089996,104.4,104.91,
2020-09-23,104.925,105.5,104.895,105.37,
2020-09-24,105.405,105.54,105.2,105.4,
2020-09-25,105.415,105.71,105.235,105.6,
2020-09-28,105.515,105.695,105.26,105.49,
2020-09-29,105.505,105.75,105.34,105.64,
2020-09-30,105.635,105.81,105.4,105.45,
2020-10-01,105.465,105.755,105.4,105.5,
2020-10-02,105.525,105.68,104.935,105.33,
2020-10-05,105.295,105.805,105.285,105.72,
2020-10-06,105.735,105.79,105.465,105.62,
2020-10-07,105.635,106.12,105.595,105.96,
2020-10-08,105.965,106.11,105.915,106.010002,
2020-10-09,106.029999,106.050003,105.575,105.59,
2020-10-12,105.705,105.885,105.235,105.3,
2020-10-13,105.335,105.64,105.275,105.47,
2020-10-14,105.48,105.53,105.035004,105.15,
2020-10-15,105.135,105.505,105.089996,105.44,
2020-10-16,105.455,105.46,105.185,105.4,
2020-10-19,105.395,105.515,105.295,105.42,
2020-10-20,105.435,105.755,105.39,105.49,
2020-10-21,105.495,105.53,104.335,104.56,
2020-10-22,104.59,104.93,104.465,104.82,
2020-10-23,104.845,104.945,104.545,104.69,
2020-10-26,104.745,105.065002,104.645,104.82,
2020-10-27,104.835,104.9,104.385,104.4,
2020-10-28,104.415,104.565,104.11,104.29,
2020-10-29,104.355,104.74,104.025002,104.61,
2020-10-30,104.635,104.75,104.12,104.64,
2020-11-02,104.575,104.96,104.54,104.71,
2020-11-03,104.725,104.815,104.435,104.46,
2020-11-04,104.475,105.35,104.145,104.48,
2020-11-05,104.52,104.565,103.44,103.47,
2020-11-06,103.515,103.77,103.17,103.33,
2020-11-09,103.345,105.66,103.195,105.36,
2020-11-10,105.375,105.5,104.795,105.28,
2020-11-11,105.305,105.69,105.0,105.42,
2020-11-12,105.425,105.485,105.065002,105.12,
2020-11-13,105.135,105.17,104.56,104.62,
2020-11-16,104.885,105.14,104.355,104.56,
2020-11-17,104.58,104.63,104.065002,104.17,
2020-11-18,104.215,104.225,103.645,103.83,
2020-11-19,103.815,104.225,103.715,103.72,
2020-11-20,103.74,103.915,103.7,103.85,
2020-11-23,103.855,104.65,103.68,104.54,
2020-11-24,104.555,104.77,104.145,104.43,
2020-11-25,104.435,104.605,104.255,104.45,
2020-11-26,104.46,104.485,104.21,104.25,
2020-11-27,104.27,104.295,103.905,104.099998,
2020-11-30,104.065002,104.415,103.825,104.27,
2020-12-01,104.315,104.59,104.18,104.3,
2020-12-02,104.325,104.76,104.22,104.4,
2020-12-03,104.395,104.545,103.665,103.83,
2020-12-04,103.845,104.255,103.735,104.14,
2020-12-07,104.135,104.325,103.915,104.059998,
2020-12-08,104.055,104.22,103.95,104.15,
2020-12-09,104.165,104.42,104.050003,104.21,
2020-12-10,104.235,104.59,104.17,104.2,
2020-12-11,104.215,104.285,103.82,104.010002,
2020-12-14,104.0049973,104.115,103.51,104.029999,
2020-12-15,104.044998,104.155,103.6,103.66,
2020-12-16,103.67,103.92,103.26,103.48,
2020-12-17,103.495,103.565,102.875,103.099998,
2020-12-18,103.125,103.6,103.095001,103.31,
2020-12-21,103.385,103.89,103.245,103.3,
2020-12-22,103.325,103.745,103.275,103.63,
2020-12-23,103.645,103.66,103.355,103.55,
2020-12-24,103.575,103.77,103.5,103.63,
2020-12-25,103.645,103.69,103.39,103.48,
2020-12-28,103.535,103.9,103.395,103.78,
2020-12-29,103.795,103.845,103.46,103.56,
2020-12-30,103.585,103.61,102.96,103.17,
2020-12-31,103.185,103.325,102.99,103.24,
2021-01-01,103.255,103.255,103.205,103.2,
2021-01-04,103.175,103.32,102.705,103.099998,
2021-01-05,103.125,103.195,102.6,102.72,
2021-01-06,102.745,103.45,102.585,103.040001,
2021-01-07,103.035004,103.965,102.95,103.8,
2021-01-08,103.785,104.095001,103.605,103.93,
2021-01-11,103.895,104.405,103.835,104.24,
2021-01-12,104.275,104.345,103.72,103.75,
2021-01-13,103.75,104.0049973,103.525,103.85,
2021-01-14,103.895,104.205,103.56,103.79,
2021-01-15,103.805,103.92,103.615,103.87,
2021-01-18,103.765,103.94,103.63,103.69,
2021-01-19,103.685,104.095001,103.65,103.89,
2021-01-20,103.905,103.95,103.44,103.52,
2021-01-21,103.535,103.67,103.32,103.48,
2021-01-22,103.505,103.895,103.475,103.77,
2021-01-25,103.795,103.945,103.665,103.73,
2021-01-26,103.735,103.835,103.55,103.6,
2021-01-27,103.62,104.205,103.58,104.089996,
2021-01-28,104.105,104.47,104.055,104.21,
2021-01-29,104.235,104.95,104.215,104.68,
2021-02-01,104.675,105.040001,104.605,104.91,
2021-02-02,104.925,105.185,104.825,104.97,
2021-02-03,104.975,105.115,104.915,105.010002,
2021-02-04,105.019997,105.575,104.97,105.54,
2021-02-05,105.525,105.775,105.33,105.36,
2021-02-08,105.385,105.68,105.15,105.22,
2021-02-09,105.225,105.275,104.495,104.57,
2021-02-10,104.595,104.85,104.41,104.57,
2021-02-11,104.585,104.81,104.55,104.72,
2021-02-12,104.755,105.19,104.725,104.93,
2021-02-15,104.995,105.425,104.925,105.36,
2021-02-16,105.385,106.074997,105.175,106.040001,
2021-02-17,106.040001,106.225,105.78,105.85,
2021-02-18,105.875,105.935,105.595,105.66,
2021-02-19,105.695,105.755,105.235,105.43,
2021-02-22,105.415,105.85,104.98,105.059998,
2021-02-23,105.074997,105.435,104.92,105.24,
2021-02-24,105.255,106.115,105.185,105.86,
2021-02-25,105.885,106.41,105.83,106.21,
2021-02-26,106.225,106.7,105.85,106.58,
2021-03-01,106.565,106.89,106.36,106.75,
2021-03-02,106.765,106.965,106.67,106.67,
2021-03-03,106.685,107.16,106.675,106.99,
2021-03-04,107.0,107.99,106.965,107.97,
2021-03-05,107.975,108.645,107.815,108.34,
2021-03-08,108.405,108.95,108.305,108.86,
2021-03-09,108.895,109.245,108.41,108.46,
2021-03-10,108.475,108.93,108.335,108.38,
2021-03-11,108.375,108.82,108.355,108.49,
2021-03-12,108.505,109.17,108.49,109.0,
2021-03-15,109.065002,109.37,108.91,109.12,
2021-03-16,109.13,109.295,108.77,108.98,
2021-03-17,109.0,109.33,108.745,108.83,
2021-03-18,108.845,109.305,108.625,108.88,
2021-03-19,108.885,109.13,108.605,108.87,
2021-03-22,108.865,108.96,108.515,108.83,
2021-03-23,108.845,108.885,108.4,108.56,
2021-03-24,108.59,108.96,108.445,108.72,
2021-03-25,108.735,109.24,108.715,109.17,
2021-03-26,109.185,109.855,109.13,109.64,
2021-03-29,109.655,109.855,109.37,109.78,
2021-03-30,109.795,110.43,109.745,110.34,
2021-03-31,110.355,110.97,110.265,110.7,
2021-04-01,110.745,110.855,110.54,110.6,
2021-04-02,110.625,110.755,110.365,110.71,
2021-04-05,110.625,110.755,109.96,110.17,
2021-04-06,110.165,110.565,109.665,109.74,
2021-04-07,109.745,109.955,109.575,109.84,
2021-04-08,109.86,109.91,108.995,109.24,
2021-04-09,109.245,109.96,109.2,109.65,
2021-04-12,109.675,109.775,109.24,109.37,
2021-04-13,109.375,109.765,109.014999,109.050003,
2021-04-14,109.07,109.099998,108.75,108.91,
2021-04-15,108.915,108.99,108.61,108.74,
2021-04-16,108.775,108.97,108.61,108.77,
2021-04-19,108.775,108.84,108.010002,108.15,
2021-04-20,108.155,108.55,107.965,108.080002,
2021-04-21,108.095001,108.29,107.875,108.050003,
2021-04-22,108.074997,108.24,107.81,107.96,
2021-04-23,107.965,108.15,107.475,107.91,
2021-04-26,107.985,108.205,107.64,108.080002,
2021-04-27,108.074997,108.78,108.065002,108.68,
2021-04-28,108.735,109.084999,108.57,108.59,
2021-04-29,108.595,109.23,108.43,108.91,
2021-04-30,108.915,109.375,108.71,109.27,
2021-05-03,109.265,109.705,108.895,109.059998,
2021-05-04,109.074997,109.495,109.025002,109.33,
2021-05-05,109.345,109.48,109.14,109.18,
2021-05-06,109.205,109.435,109.0,109.080002,
2021-05-07,109.095001,109.295,108.335,108.6,
2021-05-10,108.665,109.065002,108.46,108.78,
2021-05-11,108.795,108.99,108.35,108.61,
2021-05-12,108.615,109.715,108.59,109.65,
2021-05-13,109.665,109.79,109.4,109.45,
2021-05-14,109.465,109.66,109.195,109.34,
2021-05-17,109.275,109.505,109.07,109.19,
2021-05-18,109.205,109.29,108.835,108.88,
2021-05-19,108.895,109.345,108.57,109.21,
2021-05-20,109.235,109.31,108.75,108.75,
2021-05-21,108.785,109.010002,108.605,108.94,
2021-05-24,108.945,109.0,108.69,108.74,
2021-05-25,108.735,109.074997,108.565,108.76,
2021-05-26,108.775,109.18,108.715,109.14,
2021-05-27,109.15,109.93,109.029999,109.8,
2021-05-28,109.815,110.21,109.74,109.81,
2021-05-31,109.835,109.945,109.35,109.54,
2021-06-01,109.575,109.715,109.325,109.45,
2021-06-02,109.475,109.895,109.42,109.54,
2021-06-03,109.555,110.33,109.535,110.28,
2021-06-04,110.295,110.34,109.36,109.49,
2021-06-07,109.515,109.645,109.185,109.24,
2021-06-08,109.255,109.56,109.195,109.49,
2021-06-09,109.5,109.66,109.22,109.61,
2021-06-10,109.625,109.805,109.3,109.31,
2021-06-11,109.325,109.85,109.31,109.65,
2021-06-14,109.645,110.099998,109.595,110.059998,
2021-06-15,110.065002,110.175,109.98,110.07,
2021-06-16,110.074997,110.725,109.8,110.69,
2021-06-17,110.7,110.83,110.165,110.2,
2021-06-18,110.215,110.49,109.94,110.19,
2021-06-21,110.265,110.35,109.715,110.3,
2021-06-22,110.32,110.8,110.21,110.64,
2021-06-23,110.645,111.11,110.62,110.94,
2021-06-24,110.955,111.12,110.69,110.86,
2021-06-25,110.875,110.99,110.48,110.77,
2021-06-28,110.745,110.98,110.495,110.62,
2021-06-29,110.635,110.765,110.43,110.5,
2021-06-30,110.525,111.12,110.42,111.099998,
2021-07-01,111.105,111.645,111.025002,111.5,
2021-07-02,111.535,111.665,110.95,111.040001,
2021-07-05,111.055,111.195,110.795,110.96,
2021-07-06,110.965,110.99,110.52,110.6,
2021-07-07,110.635,110.825,110.395,110.65,
2021-07-08,110.645,110.71,109.53,109.79,
2021-07-09,109.805,110.265,109.73,110.14,
2021-07-12,110.165,110.41,109.98,110.35,
2021-07-13,110.385,110.65,110.195,110.61,
2021-07-14,110.635,110.705,109.93,109.99,
2021-07-15,109.975,110.095001,109.71,109.86,
2021-07-16,109.875,110.355,109.73,110.080002,
2021-07-19,109.915,110.105,109.065002,109.44,
2021-07-20,109.435,109.96,109.33,109.84,
2021-07-21,109.855,110.39,109.795,110.27,
2021-07-22,110.325,110.365,110.010002,110.14,
2021-07-23,110.155,110.595,110.084999,110.54,
2021-07-26,110.565,110.59,110.115,110.34,
2021-07-27,110.355,110.41,109.58,109.76,
2021-07-28,109.755,110.29,109.74,109.9,
2021-07-29,109.91,109.96,109.42,109.46,
2021-07-30,109.485,109.83,109.36,109.7,
2021-08-02,109.695,109.785,109.185,109.28,
2021-08-03,109.315,109.355,108.875,109.040001,
2021-08-04,109.065002,109.685,108.72,109.47,
2021-08-05,109.485,109.795,109.405,109.74,
2021-08-06,109.77,110.36,109.695,110.25,
2021-08-09,110.265,110.36,110.019997,110.28,
2021-08-10,110.285,110.6,110.275,110.56,
2021-08-11,110.58,110.805,110.31,110.4,
2021-08-12,110.415,110.55,110.31,110.38,
2021-08-13,110.395,110.465,109.54,109.57,
2021-08-16,109.705,109.76,109.11,109.23,
2021-08-17,109.225,109.66,109.12,109.57,
2021-08-18,109.575,110.07,109.475,109.74,
2021-08-19,109.765,110.23,109.485,109.72,
2021-08-20,109.745,109.89,109.565,109.8,
2021-08-23,109.805,110.155,109.65,109.68,
2021-08-24,109.695,109.895,109.41,109.62,
2021-08-25,109.635,110.13,109.615,109.99,
2021-08-26,109.995,110.235,109.915,110.07,
2021-08-27,110.095001,110.275,109.78,109.82,
2021-08-30,109.855,109.97,109.7,109.92,
2021-08-31,109.935,110.084999,109.585,110.019997,
2021-09-01,110.025002,110.425,109.875,109.99,
2021-09-02,110.0049973,110.12,109.915,109.92,
2021-09-03,109.955,110.080002,109.59,109.73,
2021-09-06,109.745,109.955,109.7,109.83,
2021-09-07,109.855,110.32,109.685,110.27,
2021-09-08,110.29,110.455,110.135,110.23,
2021-09-09,110.235,110.295,109.62,109.7,
2021-09-10,109.72,109.995,109.69,109.93,
2021-09-13,109.89,110.165,109.845,109.98,
2021-09-14,109.995,110.165,109.525,109.67,
2021-09-15,109.675,109.75,109.105,109.36,
2021-09-16,109.375,109.835,109.205,109.7,
2021-09-17,109.775,110.080002,109.665,109.96,
2021-09-20,109.975,110.040001,109.32,109.39,
2021-09-21,109.405,109.715,109.18,109.21,
2021-09-22,109.235,109.905,109.12,109.78,
2021-09-23,109.785,110.355,109.75,110.3,
2021-09-24,110.325,110.8,110.25,110.72,
2021-09-27,110.69,111.074997,110.53,111.0,
2021-09-28,111.0049973,111.645,110.925,111.5,
2021-09-29,111.495,112.050003,111.205,111.96,
2021-09-30,111.975,112.084999,111.235,111.27,
2021-10-01,111.275,111.495,110.9,111.050003,
2021-10-04,111.035004,111.315,110.825,110.87,
2021-10-05,110.885,111.565,110.865,111.45,
2021-10-06,111.475,111.795,111.2,111.41,
2021-10-07,111.415,111.66,111.23,111.59,
2021-10-08,111.625,112.265,111.51,112.22,
2021-10-11,112.175,113.425,112.145,113.3,
2021-10-12,113.305,113.8,113.0,113.6,
2021-10-13,113.61,113.815,113.225,113.23,
2021-10-14,113.275,113.73,113.21,113.66,
2021-10-15,113.68,114.475,113.64,114.2,
2021-10-18,114.215,114.46,114.010002,114.31,
2021-10-19,114.325,114.405,113.88,114.36,
2021-10-20,114.375,114.705,114.074997,114.26,
2021-10-21,114.275,114.42,113.645,113.97,
2021-10-22,113.975,114.21,113.405,113.46,
2021-10-25,113.595,113.93,113.46,113.7,
2021-10-26,113.71,114.32,113.68,114.14,
2021-10-27,114.155,114.225,113.385,113.81,
2021-10-28,113.825,113.875,113.25,113.56,
2021-10-29,113.585,114.099998,113.385,114.0,
2021-11-01,113.975,114.46,113.935,113.98,
2021-11-02,113.995,114.145,113.46,113.95,
2021-11-03,113.955,114.23,113.715,113.98,
2021-11-04,114.0049973,114.29,113.505,113.75,
2021-11-05,113.745,114.044998,113.295,113.4,
2021-11-08,113.435,113.675,113.074997,113.22,
2021-11-09,113.23,113.295,112.715,112.85,
2021-11-10,112.875,114.025002,112.77,113.9,
2021-11-11,113.925,114.16,113.805,114.050003,
2021-11-12,114.065002,114.31,113.755,113.85,
2021-11-15,113.905,114.225,113.755,114.12,
2021-11-16,114.13,114.855,114.099998,114.82,
2021-11-17,114.83,114.98,113.93,114.07,
2021-11-18,114.065002,114.49,113.875,114.24,
2021-11-19,114.245,114.55,113.58,113.98,
2021-11-22,113.965,114.97,113.905,114.86,
2021-11-23,114.915,115.19,114.485,115.12,
2021-11-24,115.105,115.53,114.82,115.41,
2021-11-25,115.415,115.465,115.235,115.35,
2021-11-26,115.365,115.385,113.044998,113.31,
2021-11-29,113.355,113.97,112.985,113.52,
2021-11-30,113.53,113.905,112.53,113.13,
2021-12-01,113.175,113.64,112.665,112.75,
2021-12-02,112.765,113.345,112.705,113.15,
2021-12-03,113.165,113.625,112.555,112.8,
2021-12-06,112.775,113.565,112.77,113.46,
2021-12-07,113.465,113.79,113.395,113.57,
2021-12-08,113.585,113.965,113.305,113.66,
2021-12-09,113.68,113.82,113.27,113.44,
2021-12-10,113.52,113.805,113.22,113.38,
2021-12-13,113.275,113.74,113.27,113.56,
2021-12-14,113.575,113.77,113.425,113.71,
2021-12-15,113.725,114.275,113.62,114.019997,
2021-12-16,114.025002,114.255,113.555,113.7,
2021-12-17,113.655,113.865,113.135,113.67,
2021-12-20,113.625,113.74,113.325,113.58,
2021-12-21,113.595,114.23,113.55,114.080002,
2021-12-22,114.115,114.38,113.945,114.11,
2021-12-23,114.095001,114.48,114.065002,114.37,
2021-12-24,114.375,114.52,114.29,114.41,
2021-12-27,114.385,114.925,114.3,114.83,
2021-12-28,114.87,114.955,114.705,114.81,
2021-12-29,114.825,115.040001,114.67,114.94,
2021-12-30,114.955,115.21,114.935,115.059998,
2021-12-31,115.074997,115.2,115.0,115.080002,
2022-01-03,115.095001,115.375,114.955,115.32,
2022-01-04,115.335,116.355,115.285,116.14,
2022-01-05,116.155,116.255,115.615,116.099998,
2022-01-06,116.125,116.195,115.625,115.82,
2022-01-07,115.835,116.050003,115.51,115.55,
2022-01-10,115.635,115.855,115.044998,115.2,
2022-01-11,115.205,115.69,115.12,115.28,
2022-01-12,115.295,115.48,114.375,114.63,
2022-01-13,114.65,114.71,113.995,114.17,
2022-01-14,114.195,114.27,113.48,114.2,
2022-01-17,114.205,114.66,114.125,114.6,
2022-01-18,114.635,115.065002,114.445,114.61,
2022-01-19,114.615,114.79,114.205,114.32,
2022-01-20,114.325,114.56,113.955,114.089996,
2022-01-21,114.105,114.165,113.595,113.68,
2022-01-24,113.66,114.010002,113.47,113.92,
2022-01-25,113.975,114.17,113.665,113.86,
2022-01-26,113.895,114.705,113.77,114.63,
2022-01-27,114.645,115.5,114.465,115.34,
2022-01-28,115.365,115.695,115.115,115.24,
2022-01-31,115.23,115.605,114.92,115.099998,
2022-02-01,115.125,115.205,114.565,114.71,
2022-02-02,114.725,114.81,114.155,114.44,
2022-02-03,114.465,114.995,114.325,114.95,
2022-02-04,114.975,115.44,114.77,115.2,
2022-02-07,115.225,115.385,114.91,115.12,
2022-02-08,115.095001,115.64,115.050003,115.54,
2022-02-09,115.55,115.685,115.315,115.49,
2022-02-10,115.505,116.35,115.475,116.0,
2022-02-11,116.014999,116.18,115.010002,115.41,
2022-02-14,115.275,115.76,115.0049973,115.53,
2022-02-15,115.545,115.885,115.255,115.62,
2022-02-16,115.635,115.8,115.35,115.46,
2022-02-17,115.495,115.545,114.845,114.93,
2022-02-18,114.935,115.31,114.79,115.0,
2022-02-21,114.925,115.13,114.71,114.74,
2022-02-22,114.735,115.25,114.495,115.080002,
2022-02-23,115.084999,115.21,114.915,114.97,
2022-02-24,114.985,115.71,114.405,115.52,
2022-02-25,115.535,115.775,115.145,115.56,
2022-02-28,114.98,115.785,114.86,114.99,
2022-03-01,115.0049973,115.3,114.695,114.89,
2022-03-02,114.905,115.7,114.785,115.5,
2022-03-03,115.525,115.82,115.38,115.46,
2022-03-04,115.465,115.56,114.645,114.78,
2022-03-07,114.815,115.485,114.785,115.29,
2022-03-08,115.315,115.8,115.265,115.66,
2022-03-09,115.675,115.96,115.555,115.82,
2022-03-10,115.835,116.21,115.81,116.13,
2022-03-11,116.145,117.37,116.099998,117.28,
2022-03-14,117.34,118.23,117.3,118.18,
2022-03-15,118.175,118.46,117.705,118.28,
2022-03-16,118.305,119.135,118.17,118.72,
2022-03-17,118.725,119.029999,118.365,118.59,
2022-03-18,118.595,119.41,118.465,119.17,
2022-03-21,119.17,119.51,119.07,119.47,
2022-03-22,119.475,121.040001,119.435,120.8,
2022-03-23,120.785,121.415,120.59,121.15,
2022-03-24,121.155,122.42,120.95,122.33,
2022-03-25,122.355,122.44,121.18,122.059998,
2022-03-28,121.97,125.11,121.96,123.91,
2022-03-29,123.715,124.31,121.98,122.84,
2022-03-30,122.855,123.21,121.31,121.8,
2022-03-31,121.875,122.46,121.275,121.66,
2022-04-01,121.665,123.044998,121.665,122.49,
2022-04-04,122.635,122.96,122.26,122.78,
2022-04-05,122.805,123.68,122.375,123.6,
2022-04-06,123.615,124.065002,123.47,123.79,
2022-04-07,123.795,124.014999,123.47,123.92,
2022-04-08,123.925,124.69,123.67,124.32,
2022-04-11,124.055,125.785,123.995,125.35,
2022-04-12,125.365,125.77,124.78,125.35,
2022-04-13,125.355,126.325,125.345,125.66,
2022-04-14,125.665,126.029999,125.084999,125.86,
2022-04-15,125.87,126.695,125.865,126.35,
2022-04-18,126.425,127.010002,126.245,126.97,
2022-04-19,126.995,128.99001,126.965,128.89999,
2022-04-20,128.91499,129.41,127.455,127.88,
2022-04-21,127.89,128.715,127.8,128.39,
2022-04-22,128.38499,129.12,127.735,128.56,
2022-04-25,128.605,128.845,127.525,127.775,
2022-04-26,128.145,128.23,127.025002,127.22,
2022-04-27,127.225,128.605,126.945,128.42,
2022-04-28,128.455,131.25,128.36,130.785,
2022-04-29,130.86501,130.96001,129.31,129.83,
2022-05-02,129.77499,130.485,129.61,130.14,
2022-05-03,130.13499,130.30499,129.7,130.10001,
2022-05-04,130.105,130.39,128.625,129.070007,
2022-05-05,129.074997,130.57001,128.75,130.13,
2022-05-06,130.185,130.815,130.089996,130.56,
2022-05-09,130.515,131.36,130.11501,130.25,
2022-05-10,130.265,130.58,129.8,130.42999,
2022-05-11,130.45,130.825,129.44501,129.96001,
2022-05-12,129.895,130.059998,127.515,128.32001,
2022-05-13,128.345,129.465,128.25,129.19,
2022-05-16,129.27,129.64,128.69501,129.16,
2022-05-17,129.175,129.78999,128.825,129.39,
2022-05-18,129.38499,129.545,128.0099945,128.22,
2022-05-19,128.22501,128.96001,127.025002,127.8,
2022-05-20,127.815,128.31,127.53,127.85,
2022-05-23,127.925,128.070007,127.145,127.87,
2022-05-24,127.895,128.085007,126.36,126.8,
2022-05-25,126.825,127.51,126.645,127.31,
2022-05-26,127.335,127.59,126.55,127.14,
2022-05-27,127.135,127.27,126.67,127.11,
2022-05-30,127.065002,127.83,126.86,127.55,
2022-05-31,127.565,128.89999,127.53,128.67999,
2022-06-01,128.655,130.19501,128.63499,130.11,
2022-06-02,130.11501,130.24001,129.50999,129.83,
2022-06-03,129.855,130.99001,129.675,130.86,
2022-06-06,130.855,132.024994,130.425,131.87,
2022-06-07,131.875,133.0099945,131.86,132.58,
2022-06-08,132.575,134.485,132.57001,134.24001,
2022-06-09,134.27499,134.56,133.17999,134.33,
2022-06-10,134.345,134.49001,133.36,134.42,
2022-06-13,134.38499,135.19,133.59,134.39999,
2022-06-14,134.425,135.485,133.86501,135.47,
2022-06-15,135.48,135.60001,133.5,133.83,
2022-06-16,133.83501,134.685,131.49001,132.2,
2022-06-17,132.215,135.44,132.16,134.96001,
2022-06-20,134.895,135.45,134.535,135.080002,
2022-06-21,135.10001,136.71001,134.92,136.61,
2022-06-22,136.655,136.72,135.685,136.25999,
2022-06-23,136.265,136.265,134.25999,134.92999,
2022-06-24,134.94501,135.41,134.355,135.185,
2022-06-27,135.11501,135.56,134.515,135.42999,
2022-06-28,135.46001,136.39999,135.11,136.12,
2022-06-29,136.125,137.014999,135.785,136.58,
2022-06-30,136.59,136.82001,135.55,135.73,
2022-07-01,135.72501,135.99001,134.745,135.19,
2022-07-04,135.325,135.78999,134.78,135.69,
2022-07-05,135.71001,136.375,135.52,135.87,
2022-07-06,135.88499,136.014999,134.95,135.92999,
2022-07-07,135.955,136.235,135.53999,135.98,
2022-07-08,136.024994,136.58,135.33,136.080002,
2022-07-11,136.024994,137.765,135.995,137.42,
2022-07-12,137.44,137.535,136.47501,136.86,
2022-07-13,136.875,137.88,136.67999,137.42,
2022-07-14,137.42999,139.405,137.33,138.89999,
2022-07-15,138.965,139.13,138.39,138.53,
2022-07-18,138.545,138.58501,137.89,138.12,
2022-07-19,138.13499,138.405,137.38,138.17999,
2022-07-20,138.185,138.38499,137.89999,138.2,
2022-07-21,138.235,138.89,137.295,137.37,
2022-07-22,137.38499,137.97,135.57001,136.065002,
2022-07-25,136.074997,136.8,135.89,136.66,
2022-07-26,136.69501,136.98,136.27,136.91,
2022-07-27,136.925,137.47501,136.32001,136.55,
2022-07-28,136.565,136.595,134.19501,134.28,
2022-07-29,134.27499,134.67999,132.505,133.19,
2022-08-01,133.22501,133.57001,131.595,131.61,
2022-08-02,131.61501,133.19,130.405,133.16,
2022-08-03,133.17,134.55,132.28,133.86,
2022-08-04,133.855,134.435,132.75999,132.85001,
2022-08-05,132.86501,135.505,132.515,134.97,
2022-08-08,135.014999,135.58501,134.355,135.0,
2022-08-09,135.014999,135.22,134.66499,135.13,
2022-08-10,135.155,135.31,132.024994,132.87,
2022-08-11,132.905,133.32001,131.73,133.0,
2022-08-12,133.035004,133.905,132.88,133.48,
2022-08-15,133.44501,133.60001,132.55,133.32001,
2022-08-16,133.30499,134.69,132.94,134.21001,
2022-08-17,134.235,135.50999,133.89999,135.0099945,
2022-08-18,135.024994,135.91499,134.645,135.88,
2022-08-19,135.895,137.245,135.71001,136.92999,
2022-08-22,136.875,137.66,136.7,137.47,
2022-08-23,137.485,137.72,135.81,136.78,
2022-08-24,136.78999,137.25999,136.17,137.11,
2022-08-25,137.11501,137.205,136.32001,136.5,
2022-08-26,136.505,137.565,136.295,137.52,
2022-08-29,137.655,139.0050049,137.55499,138.69,
2022-08-30,138.705,139.080002,138.044998,138.78999,
2022-08-31,138.80499,139.0050049,138.265,138.96001,
2022-09-01,138.97,140.24001,138.92,140.2,
2022-09-02,140.205,140.81,139.86501,140.2,
2022-09-05,140.175,140.67999,140.080002,140.59,
2022-09-06,140.61501,143.089996,140.245,142.78999,
2022-09-07,142.8,145.0,142.72,143.7,
2022-09-08,143.72501,144.565,143.315,144.089996,
2022-09-09,144.12,144.13499,141.5,142.52,
2022-09-12,142.25,143.505,142.155,142.83,
2022-09-13,142.845,144.69501,141.84,144.55,
2022-09-14,144.58501,144.965,142.55,143.14999,
2022-09-15,143.16499,143.815,142.785,143.52,
2022-09-16,143.515,143.7,142.83,142.91,
2022-09-19,142.965,143.64999,142.645,143.2,
2022-09-20,143.205,143.92999,142.94,143.72,
2022-09-21,143.745,144.715,143.34,144.039993,
2022-09-22,144.050003,145.91,140.35001,142.35001,
2022-09-23,142.375,143.47501,141.75999,143.32001,
2022-09-26,143.395,144.8,143.27,144.75,
2022-09-27,144.765,144.92,144.059998,144.75999,
2022-09-28,144.77499,144.87,143.905,144.16,
2022-09-29,144.13499,144.81,144.050003,144.45,
2022-09-30,144.455,144.83501,144.2,144.75,
2022-10-03,144.61,145.22,144.14999,144.53,
2022-10-04,144.53999,144.95,143.89,144.089996,
2022-10-05,144.13499,144.86,143.52,144.63,
2022-10-06,144.655,145.155,144.37,145.12,
2022-10-07,145.13,145.46001,144.715,145.33,
2022-10-10,145.355,145.875,145.23,145.67999,
2022-10-11,145.685,145.91499,145.42,145.86,
2022-10-12,145.86,147.0050049,145.72501,146.91,
2022-10-13,146.91499,147.685,146.5,147.22,
2022-10-14,147.19501,148.88499,147.089996,148.74001,
2022-10-17,148.44501,149.089996,148.42,149.029999,
2022-10-18,149.024994,149.355,148.67,149.25999,
2022-10-19,149.27499,149.91499,149.10001,149.89,
2022-10-20,149.875,150.3,149.55,150.14,
2022-10-21,150.155,151.96001,146.21001,147.64,
2022-10-24,147.565,149.7,145.625,148.96001,
2022-10-25,148.98,149.10001,147.52,147.91,
2022-10-26,147.92999,148.42,146.22,146.35001,
2022-10-27,146.36501,146.94501,145.11,146.27,
2022-10-28,146.28999,147.895,145.985,147.45,
2022-10-31,147.765,148.86,147.55,148.71001,
2022-11-01,148.715,148.83,146.99001,148.28,
2022-11-02,148.295,148.38,145.675,147.89999,
2022-11-03,147.895,148.465,147.11,148.27,
2022-11-04,148.265,148.41,146.55,146.59,
2022-11-07,147.145,147.58501,146.089996,146.62,
2022-11-08,146.63499,146.955,145.31,145.66,
2022-11-09,145.69,146.815,145.17,146.44,
2022-11-10,146.455,146.61,140.2,140.95,
2022-11-11,141.0050049,142.485,138.46001,138.78999,
2022-11-14,138.545,140.80499,138.47,139.88,
2022-11-15,139.89999,140.63,137.67999,139.28999,
2022-11-16,139.28999,140.3,138.73,139.55,
2022-11-17,139.55499,140.755,138.875,140.17999,
2022-11-18,140.2,140.50999,139.63,140.35001,
2022-11-21,140.265,142.255,140.19501,142.095001,
2022-11-22,142.095001,142.245,141.085007,141.16499,
2022-11-23,141.16499,141.61501,139.175,139.25,
2022-11-24,139.245,139.495,138.070007,138.605,
2022-11-25,138.605,139.595,138.38499,139.11501,
2022-11-28,139.355,139.37,137.505,138.735,
2022-11-29,138.72501,139.345,137.875,138.755,
2022-11-30,138.645,139.895,137.955,137.955,
2022-12-01,137.99001,138.155,135.265,135.265,
2022-12-02,135.27499,135.97501,133.645,134.425,
2022-12-05,134.36501,136.86501,134.13499,136.66499,
2022-12-06,136.675,137.465,135.97501,136.935,
2022-12-07,136.955,137.84,136.22,136.295,
2022-12-08,136.315,137.235,136.245,136.675,
2022-12-09,136.685,136.905,135.605,136.47501,
2022-12-12,136.66499,137.855,136.515,137.765,
2022-12-13,137.77499,137.965,134.675,135.485,
2022-12-14,135.495,135.99001,134.595,135.395,
2022-12-15,135.36501,138.175,134.815,137.77499,
2022-12-16,137.755,137.875,136.295,136.545,
2022-12-19,135.87,137.175,135.755,136.97501,
2022-12-20,136.98,137.47501,130.605,131.505,
2022-12-21,131.52499,132.52499,131.50999,132.175,
2022-12-22,132.16499,132.71001,131.645,132.425,
2022-12-23,132.41499,133.145,132.16,132.855,
2022-12-26,132.785,133.21001,132.325,132.925,
2022-12-27,132.92999,133.595,132.64,133.47501,
2022-12-28,133.47501,134.405,133.375,134.375,
2022-12-29,134.375,134.5,132.88499,132.895,
2022-12-30,132.905,133.095001,130.785,130.97501,
2023-01-02,130.995,131.050003,130.825,130.965,
2023-01-03,130.745,131.405,129.515,130.77499,
2023-01-04,130.77499,132.72501,129.925,132.61501,
2023-01-05,132.625,134.044998,131.71001,133.205,
2023-01-06,133.205,134.765,132.0050049,132.024994,
2023-01-09,131.925,132.655,131.315,131.57001,
2023-01-10,131.595,132.47501,131.39999,132.245,
2023-01-11,132.235,132.875,132.065002,132.42,
2023-01-12,132.41499,132.55499,128.875,129.30499,
2023-01-13,129.31,129.42999,127.465,127.925,
2023-01-16,127.835,128.855,127.235,128.565,
2023-01-17,128.565,129.145,128.0050049,128.345,
2023-01-18,128.33501,131.575,127.585,128.705,
2023-01-19,128.715,128.955,127.765,128.455,
2023-01-20,128.44501,130.605,128.30499,129.565,
2023-01-23,129.505,130.895,129.054993,130.675,
2023-01-24,130.675,131.11501,129.735,130.054993,
2023-01-25,130.044998,130.58501,129.27499,129.535,
2023-01-26,129.535,130.62,129.035004,130.215,
2023-01-27,130.22501,130.295,129.505,129.905,
2023-01-30,129.715,130.595,129.205,130.55,
2023-01-31,130.55499,130.55499,129.755,130.175,
2023-02-01,130.16499,130.425,128.57001,128.80499,
2023-02-02,128.765,129.155,128.085007,128.63499,
2023-02-03,128.63499,131.205,128.33501,131.065002,
2023-02-06,132.44501,132.905,131.515,132.52499,
2023-02-07,132.52,132.715,130.495,131.085007,
2023-02-08,131.095001,131.535,130.595,131.36501,
2023-02-09,131.36501,131.825,130.355,131.58501,
2023-02-10,131.575,131.845,129.82001,131.515,
2023-02-13,131.41499,132.925,131.30499,132.465,
2023-02-14,132.465,133.315,131.515,133.074997,
2023-02-15,133.065002,134.36,132.55,134.16499,
2023-02-16,134.16499,134.485,133.605,133.845,
2023-02-17,133.825,135.11501,133.74001,134.145,
2023-02-20,134.27499,134.53999,133.925,134.23,
2023-02-21,134.235,135.22501,134.155,134.97501,
2023-02-22,134.965,135.054993,134.375,134.94501,
2023-02-23,134.935,135.36501,134.505,134.645,
2023-02-24,134.63499,136.515,134.074997,136.435,
2023-02-27,136.355,136.55499,135.925,136.22501,
2023-02-28,136.245,136.935,135.755,136.11501,
2023-03-01,136.105,136.465,135.255,136.175,
2023-03-02,136.175,137.095001,136.024994,136.755,
2023-03-03,136.755,136.825,135.80499,135.845,
2023-03-06,135.955,136.185,135.375,136.065002,
2023-03-07,136.065002,137.155,135.55499,137.11501,
2023-03-08,137.105,137.905,136.47501,137.235,
2023-03-09,137.22501,137.435,135.955,136.16499,
2023-03-10,136.16499,136.995,134.125,134.785,
2023-03-13,134.735,134.995,132.295,133.325,
2023-03-14,133.345,134.895,133.044998,134.19501,
2023-03-15,134.205,135.105,132.22,133.215,
2023-03-16,133.19501,133.825,131.735,133.505,
2023-03-17,133.505,133.825,131.565,131.995,
2023-03-20,131.85001,132.645,130.55499,131.425,
2023-03-21,131.425,132.625,131.035004,132.44501,
2023-03-22,132.44501,133.0050049,131.035004,131.19501,
2023-03-23,131.205,131.655,130.325,130.575,
2023-03-24,130.565,130.935,129.645,130.735,
2023-03-27,130.545,131.77499,130.505,131.58501,
2023-03-28,131.58501,131.61501,130.41499,130.80499,
2023-03-29,130.80499,132.86501,130.765,132.815,
2023-03-30,132.825,132.97,132.215,132.605,
2023-03-31,132.61501,133.58501,132.58501,132.765,
2023-04-03,133.41499,133.745,132.205,132.41,
2023-04-04,132.41499,133.155,131.52499,131.72501,
2023-04-05,131.71001,131.845,130.645,131.315,
2023-04-06,131.315,131.88499,130.785,131.785,
2023-04-07,131.765,132.36501,131.52499,132.19501,
2023-04-10,132.125,133.86501,131.83501,133.61501,
2023-04-11,133.61,133.80499,132.985,133.715,
2023-04-12,133.66499,134.044998,132.745,133.14,
2023-04-13,133.13499,133.405,132.024994,132.565,
2023-04-14,132.58501,133.855,132.16499,133.785,
2023-04-17,133.825,134.575,133.715,134.49001,
2023-04-18,134.48,134.705,133.86501,134.11501,
2023-04-19,134.11501,135.11501,133.955,134.715,
2023-04-20,134.715,134.965,134.014999,134.24001,
2023-04-21,134.25,134.505,133.55499,134.11,
2023-04-24,134.095001,134.745,133.895,134.235,
2023-04-25,134.245,134.455,133.375,133.745,
2023-04-26,133.72,133.94,133.014999,133.66499,
2023-04-27,133.67,134.19501,133.295,133.965,
2023-04-28,133.965,136.565,133.41499,136.295,
2023-05-01,136.245,137.535,136.19501,137.49001,
2023-05-02,137.505,137.77,136.325,136.55,
2023-05-03,136.55499,136.61501,134.69,134.69,
2023-05-04,134.69,134.875,133.505,134.28999,
2023-05-05,134.285,135.11501,133.88499,134.845,
2023-05-08,134.845,135.285,134.645,135.13499,
2023-05-09,135.095001,135.35001,134.72501,135.245,
2023-05-10,135.23,135.47501,134.11501,134.355,
2023-05-11,134.325,134.845,133.755,134.565,
2023-05-12,134.55499,135.77499,134.405,135.715,
2023-05-15,135.655,136.3145,135.655,136.117,
2023-05-16,136.11099,136.69,135.69,136.38,
2023-05-17,136.379,137.72,136.30499,137.69,
2023-05-18,137.67,138.75,137.28999,138.7,
2023-05-19,138.713,138.73,137.3985,137.922,
2023-05-22,137.9855,138.69,137.49899,138.60001,
2023-05-23,138.59599,138.91,138.25,138.58549,
2023-05-24,138.58501,139.48199,138.23,139.48199,
2023-05-25,139.38,140.23,138.84,140.059998,
2023-05-26,140.057007,140.72,139.5,140.60001,
2023-05-29,140.6335,140.92,140.12,140.44,
2023-05-30,140.42999,140.94,139.57001,139.8,
2023-05-31,139.795,140.42,139.24001,139.34,
2023-06-01,139.3445,139.95,138.44,138.79601,
2023-06-02,138.81,140.070007,138.61,139.9735,
2023-06-05,139.99049,140.45,139.25,139.58299,
2023-06-06,139.57401,140.0,139.089996,139.6335,
2023-06-07,139.69,140.25,139.029999,140.13,
2023-06-08,140.145,140.23,138.80949,138.922,
2023-06-09,138.922,139.72,138.75999,139.39,
2023-06-12,139.3145,139.7625,139.059998,139.61501,
2023-06-13,139.623,140.28,139.0099945,140.2305,
2023-06-14,140.21899,140.28,139.31,140.089996,
2023-06-15,140.103,141.44,139.94,140.2795,
2023-06-16,140.269,141.8985,139.86,141.855,
2023-06-19,141.74451,142.054993,141.44,141.99001,
2023-06-20,141.987,142.25,141.22,141.45,
2023-06-21,141.47,142.37,141.28,141.88,
2023-06-22,141.881,143.22501,141.62,143.12,
2023-06-23,143.105,143.88,142.7,143.72701,
2023-06-26,143.5345,143.72,142.94,143.505,
2023-06-27,143.505,144.205,143.28,144.074997,
2023-06-28,144.070007,144.625,143.735,144.495,
2023-06-29,144.485,144.91,144.13,144.795,
2023-06-30,144.755,145.070007,144.2,144.30499,
2023-07-03,144.41,144.955,143.985,144.685,
2023-07-04,144.705,144.715,144.2,144.47501,
2023-07-05,144.465,144.755,144.085007,144.66499,
2023-07-06,144.66,144.66499,143.56,144.074997,
2023-07-07,144.085007,144.2,142.070007,142.085007,
2023-07-10,142.19,143.0050049,141.27499,141.325,
2023-07-11,141.355,141.47,140.16,140.38499,
2023-07-12,140.395,140.39999,138.16,138.505,
2023-07-13,138.505,138.95,137.925,138.044998,
2023-07-14,138.014999,139.16499,137.25,138.815,
2023-07-17,138.755,139.41,138.0050049,138.71001,
2023-07-18,138.73,139.13499,137.7,138.83501,
2023-07-19,138.825,140.0,138.75999,139.685,
2023-07-20,139.685,140.505,139.11501,140.074997,
2023-07-21,140.080002,141.955,139.75,141.815,
2023-07-24,141.69,141.81,140.75,141.485,
2023-07-25,141.47,141.73,140.855,140.91499,
2023-07-26,140.895,141.19,139.94,140.245,
2023-07-27,140.22501,141.315,138.75999,139.485,
2023-07-28,139.455,141.17999,138.070007,141.16499,
2023-07-31,140.995,142.67999,140.69,142.27,
2023-08-01,142.295,143.55,142.215,143.34,
2023-08-02,143.33501,143.47501,142.24001,143.325,
2023-08-03,143.33,143.88,142.059998,142.55499,
2023-08-04,142.575,142.91,141.55499,141.765,
2023-08-07,141.69501,142.605,141.52499,142.47501,
2023-08-08,142.505,143.5,142.405,143.39,
2023-08-09,143.38,143.77499,143.0,143.72501,
2023-08-10,143.72501,144.815,143.3,144.755,
2023-08-11,144.745,145.054993,144.42999,144.96001,
2023-08-14,144.955,145.58501,144.66,145.55499,
2023-08-15,145.56,145.87,145.105,145.58,
2023-08-16,145.595,146.41499,145.31,146.345,
2023-08-17,146.355,146.56,145.62,145.83501,
2023-08-18,145.84,145.88,144.92999,145.395,
2023-08-21,145.33501,146.41,145.155,146.215,
2023-08-22,146.22,146.41,145.495,145.89,
2023-08-23,145.89,145.89999,144.545,144.845,
2023-08-24,144.825,145.965,144.595,145.83501,
2023-08-25,145.88499,146.63499,145.72,146.455,
2023-08-28,146.44501,146.75,146.27499,146.53999,
2023-08-29,146.545,147.38,145.67,145.87,
2023-08-30,145.895,146.565,145.56,146.24001,
2023-08-31,146.22501,146.255,145.355,145.545,
2023-09-01,145.53999,146.30499,144.44,146.22501,
2023-09-04,146.2,146.535,146.024994,146.49001,
2023-09-05,146.485,147.80499,146.405,147.715,
2023-09-06,147.72,147.815,147.029999,147.655,
2023-09-07,147.69501,147.88,147.044998,147.295,
2023-09-08,147.295,147.88,146.59,147.825,
2023-09-11,147.0099945,147.28,145.91,146.595,
2023-09-12,146.59,147.245,146.44,147.085007,
2023-09-13,147.095001,147.74001,147.014999,147.47,
2023-09-14,147.465,147.565,147.0099945,147.48,
2023-09-15,147.47501,147.965,147.34,147.85001,
2023-09-18,147.75,147.88,147.56,147.605,
2023-09-19,147.61,147.965,147.5,147.86501,
2023-09-20,147.845,148.36501,147.47,148.345,
2023-09-21,148.325,148.455,147.32001,147.58,
2023-09-22,147.595,148.455,147.5,148.38499,
2023-09-25,148.3,148.985,148.25,148.88499,
2023-09-26,148.88499,149.19,148.7,149.074997,
2023-09-27,149.070007,149.72501,148.86501,149.63499,
2023-09-28,149.64,149.64,149.14,149.3,
2023-09-29,149.27499,149.515,148.53,149.375,
2023-10-02,149.61,149.91499,149.42999,149.825,
2023-10-03,149.81,150.16499,147.33,148.755,
2023-10-04,148.78,149.325,148.735,149.054993,
2023-10-05,149.050003,149.13,148.27499,148.45,
2023-10-06,148.47,149.535,148.36501,149.33501,
2023-10-09,149.074997,149.25,148.435,148.44501,
2023-10-10,148.44501,149.125,148.16,148.69501,
2023-10-11,148.685,149.36501,148.425,149.22501,
2023-10-12,149.205,149.88499,148.95,149.81,
2023-10-13,149.81,149.83,149.45,149.515,
2023-10-16,149.46001,149.77499,149.355,149.52,
2023-10-17,149.52499,149.875,148.75,149.78,
2023-10-18,149.77499,149.97501,149.5,149.925,
2023-10-19,149.875,149.97501,149.66,149.795,
2023-10-20,149.81,150.035004,149.66,149.895,
2023-10-23,149.86,150.0,149.55499,149.645,
2023-10-24,149.66,149.92999,149.32001,149.895,
2023-10-25,149.88,150.065002,149.795,150.050003,
2023-10-26,150.059998,150.785,149.895,150.39,
2023-10-27,150.41,150.44,149.465,149.575,
2023-10-30,149.515,149.905,148.81,149.065002,
2023-10-31,149.065002,151.72501,149.029999,151.58501,
2023-11-01,151.57001,151.735,150.66,150.86501,
2023-11-02,150.88,151.024994,149.84,150.465,
2023-11-03,150.465,150.55499,149.19,149.465,
2023-11-06,149.27499,149.99001,149.25,149.97,
2023-11-07,149.97501,150.69501,149.935,150.44501,
2023-11-08,150.44501,151.059998,150.34,151.035004,
2023-11-09,151.035004,151.395,150.77499,151.325,
2023-11-10,151.31,151.61501,151.22,151.595,
2023-11-13,151.495,151.94501,151.22,151.595,
2023-11-14,151.605,151.80499,150.34,150.36501,
2023-11-15,150.36,151.44501,150.059998,151.395,
2023-11-16,151.38,151.48,150.28,150.62,
2023-11-17,150.61,150.785,149.2,149.66,
2023-11-20,149.69,150.0,148.105,148.32001,
2023-11-21,148.315,148.595,147.155,148.325,
2023-11-22,148.32001,149.755,148.020004,149.58501,
2023-11-23,149.58501,149.69,148.89,149.565,
2023-11-24,149.565,149.72,149.19,149.485,
2023-11-27,149.44501,149.67999,148.55,148.605,
2023-11-28,148.605,148.84,147.32001,147.425,
2023-11-29,147.425,147.91,146.675,147.245,
2023-11-30,147.245,148.50999,146.84,148.215,
2023-12-01,148.215,148.345,146.66,146.84,
2023-12-04,146.73,147.495,146.23,147.295,
2023-12-05,147.295,147.38499,146.56,147.255,
2023-12-06,147.255,147.52499,146.905,147.345,
2023-12-07,147.36,147.485,141.69,143.44501,
2023-12-08,143.45,145.205,142.5,144.965,
2023-12-11,144.855,146.59,144.81,146.155,
2023-12-12,146.155,146.25,144.74001,145.595,
2023-12-13,145.595,146.0050049,142.88,143.14,
2023-12-14,143.14,143.28,140.97,141.925,
2023-12-15,141.925,142.47,141.44,142.17999,
2023-12-18,142.145,143.16,142.070007,142.88499,
2023-12-19,142.89,144.96001,142.25,143.91499,
2023-12-20,143.91,144.095001,143.25999,143.81,
2023-12-21,143.81,143.88499,142.050003,142.255,
2023-12-22,142.24001,142.66,141.87,142.505,
2023-12-25,142.36501,142.44,142.36501,142.395,
2023-12-26,142.39999,142.63499,142.089996,142.485,
2023-12-27,142.47,142.845,141.55499,141.88,
2023-12-28,141.88499,141.91,140.25,141.465,
2023-12-29,141.45,141.91499,140.8,141.024994,
2024-01-02,140.83501,142.22,140.82001,141.95,
2024-01-03,141.95,143.74001,141.81,143.245,
2024-01-04,143.245,144.86,142.86,144.57001,
2024-01-05,144.56,145.97,143.815,144.66499,
2024-01-08,144.59,144.925,143.66,144.105,
2024-01-09,144.105,144.62,143.425,144.545,
2024-01-10,144.55,145.825,144.31,145.69,
2024-01-11,145.69,146.41499,145.0099945,145.47501,
2024-01-12,145.485,145.56,144.36501,144.86501,
2024-01-15,144.91499,145.955,144.86501,145.795,
2024-01-16,145.795,147.325,145.59,147.265,
2024-01-17,147.25,148.53,147.080002,148.27,
2024-01-18,148.27499,148.31,147.66,148.22,
2024-01-19,148.22501,148.81,147.84,148.185,
2024-01-22,148.27499,148.31,147.62,148.035004,
2024-01-23,148.035004,148.69501,146.99001,148.36501,
2024-01-24,148.38,148.435,146.66,147.565,
2024-01-25,147.565,147.925,147.089996,147.84,
2024-01-26,147.84,148.205,147.41,148.11,
2024-01-29,148.11501,148.34,147.58501,147.655,
2024-01-30,147.64,147.94501,147.089996,147.60001,
2024-01-31,147.605,147.905,146.0099945,146.38,
2024-02-01,146.37,147.44501,145.89999,146.27499,
2024-02-02,146.27499,148.59,146.25,148.325,
2024-02-05,148.355,148.895,148.27,148.69501,
2024-02-06,148.7,148.825,147.82001,147.965,
2024-02-07,147.965,148.265,147.64,148.13499,
2024-02-08,148.13499,149.495,147.935,149.395,
2024-02-09,149.38,149.575,149.0099945,149.355,
2024-02-10,149.355,149.375,149.25,149.285,
2024-02-12,149.22501,149.485,148.92999,149.41499,
2024-02-13,149.41499,150.88,149.27499,150.88,
2024-02-14,150.875,150.875,150.355,150.55,
2024-02-15,150.575,150.625,149.53999,149.95,
2024-02-16,149.96001,150.645,149.83,150.235,
2024-02-17,150.23,150.285,150.16,150.17999,
2024-02-19,150.095001,150.235,149.88,150.14,
2024-02-20,150.14,150.44,149.69,150.024994,
2024-02-21,150.020004,150.395,149.855,150.2,
2024-02-22,150.205,150.69,150.014999,150.55,
2024-02-23,150.55,150.785,150.3,150.455,
2024-02-24,150.45,150.55499,150.44,150.52499,
2024-02-26,150.505,150.84,150.295,150.765,
2024-02-27,150.765,150.765,150.080002,150.535,
2024-02-28,150.53,150.845,150.375,150.7,
2024-02-29,150.69501,150.72501,149.21001,149.965,
2024-03-01,149.965,150.72,149.905,150.11501,
2024-03-02,150.11501,150.16499,150.089996,150.13,
2024-03-04,150.024994,150.645,149.84,150.53999,
2024-03-05,150.56,150.63499,149.71001,149.935,
2024-03-06,149.94,150.089996,149.089996,149.38499,
2024-03-07,149.36,149.485,147.59,148.0050049,
2024-03-08,148.0050049,148.175,146.49001,147.050003,
2024-03-09,147.054993,147.125,147.029999,147.074997,
2024-03-11,147.039993,147.16499,146.49001,146.965,
2024-03-12,146.97,148.14999,146.62,147.67999,
2024-03-13,147.69,148.050003,147.24001,147.845,
2024-03-14,147.84,148.36,147.44,148.24001,
2024-03-15,148.24001,149.185,148.029999,149.085007,
2024-03-16,149.070007,149.11501,149.029999,149.074997,
2024-03-18,149.059998,149.33,148.905,149.185,
2024-03-19,149.19,150.97,149.0099945,150.895,
2024-03-20,150.89999,151.86501,150.75,151.205,
2024-03-21,151.22,151.77499,150.27,151.685,
2024-03-22,151.69,151.87,151.0,151.42,
2024-03-23,151.42999,151.465,151.34,151.45,
2024-03-25,151.41,151.55,151.059998,151.44,
2024-03-26,151.44501,151.61501,151.205,151.58,
2024-03-27,151.58,151.97,151.029999,151.325,
2024-03-28,151.325,151.55,151.14999,151.39,
2024-03-29,151.39,151.5,151.17999,151.35001,
2024-03-30,151.35001,151.41499,151.32001,151.375,
2024-04-01,151.3,151.78,151.22,151.645,
2024-04-02,151.64,151.8,151.465,151.57001,
2024-04-03,151.56,151.955,151.44,151.685,
2024-04-04,151.685,151.785,151.12,151.22501,
2024-04-05,151.24001,151.765,150.81,151.655,
2024-04-06,151.645,151.655,151.605,151.62,
2024-04-08,151.7,151.955,151.64,151.845,
2024-04-09,151.795,151.94501,151.57001,151.785,
2024-04-10,151.785,153.24001,151.685,153.19501,
2024-04-11,153.185,153.32001,152.75,153.27,
2024-04-12,153.27499,153.395,152.59,153.30499,
2024-04-15,153.28,154.455,153.235,154.27499,
2024-04-16,154.285,154.785,153.92999,154.715,
2024-04-17,154.715,154.755,154.16,154.38499,
2024-04-18,154.38499,154.715,153.96001,154.645,
2024-04-19,154.64999,154.67999,153.59,154.64,
2024-04-22,154.62,154.88499,154.545,154.845,
2024-04-23,154.83501,154.88,154.56,154.83501,
2024-04-24,154.83,155.38,154.735,155.345,
2024-04-25,155.315,155.755,155.2,155.655,
2024-04-26,155.61501,158.44,155.0,158.345,
2024-04-29,158.24001,160.2,154.52499,156.345,
2024-04-30,156.33501,157.855,156.070007,157.81,
2024-05-01,157.81,158.035004,153.029999,154.485,
2024-05-02,154.75,156.285,153.059998,153.645,
2024-05-03,153.655,153.8,151.86501,152.995,
2024-05-06,153.24001,154.0050049,153.12,153.91499,
2024-05-07,153.895,154.765,153.86501,154.705,
2024-05-08,154.69501,155.67,154.565,155.495,
2024-05-09,155.495,155.965,155.16,155.47501,
2024-05-10,155.52499,155.91,155.25999,155.78,
2024-05-13,155.8,156.295,155.52,156.235,
2024-05-14,156.21001,156.75999,156.145,156.425,
2024-05-15,156.425,156.56,154.69,154.88,
2024-05-16,154.88,155.535,153.60001,155.38499,
2024-05-17,155.395,155.995,155.25,155.655,
2024-05-20,155.7,156.31,155.5,156.255,
2024-05-21,156.25,156.55,155.84,156.185,
2024-05-22,156.16499,156.845,156.12,156.825,
2024-05-23,156.785,157.19501,156.53,156.91499,
2024-05-24,156.935,157.155,156.82001,157.0050049,
2024-05-27,156.86,156.965,156.66,156.875,
2024-05-28,156.875,157.2,156.59,157.19501,
2024-05-29,157.16499,157.785,156.94,157.655,
2024-05-30,157.61501,157.67999,156.38,156.825,
2024-05-31,156.825,157.375,156.56,157.285,
2024-06-03,157.28,157.47501,155.95,156.059998,
2024-06-04,156.11501,156.49001,154.545,154.89999,
2024-06-05,154.855,156.47501,154.75,156.11,
2024-06-06,156.11501,156.44,155.38,155.61,
2024-06-07,155.575,157.074997,155.12,156.735,
2024-06-10,156.89999,157.19501,156.72,157.024994,
2024-06-11,157.044998,157.455,156.80499,157.125,
2024-06-12,157.085007,157.435,155.72,156.72501,
2024-06-13,156.72,157.355,156.59,157.035004,
2024-06-14,157.035004,158.27499,156.87,157.38499,
2024-06-17,157.5,157.96001,157.17,157.735,
2024-06-18,157.73,158.235,157.50999,157.87,
2024-06-19,157.875,158.11,157.61,158.089996,
2024-06-20,158.095001,158.94,157.925,158.935,
2024-06-21,158.935,159.855,158.67,159.825,
2024-06-24,159.71001,159.92999,158.81,159.63499,
2024-06-25,159.605,159.795,159.19501,159.705,
2024-06-26,159.715,160.88,159.61501,160.82001,
2024-06-27,160.795,160.845,160.3,160.77,
2024-06-28,160.785,161.28,160.25999,160.855,
2024-07-01,160.81,161.745,160.75,161.465,
2024-07-02,161.505,161.77499,161.27,161.46001,
2024-07-03,161.46001,161.995,160.78,161.705,
2024-07-04,161.675,161.69501,160.95,161.265,
2024-07-05,161.255,161.395,160.34,160.745,
2024-07-08,160.75999,161.12,160.25999,160.825,
2024-07-09,160.785,161.515,160.735,161.325,
2024-07-10,161.325,161.845,161.25999,161.685,
2024-07-11,161.655,161.765,157.44,158.80499,
2024-07-12,158.815,159.45,157.38,157.895,
2024-07-15,158.32001,158.42999,157.17999,158.024994,
2024-07-16,158.054993,158.86,157.995,158.355,
2024-07-17,158.355,158.62,156.059998,156.205,
2024-07-18,156.175,157.405,155.38,157.37,
2024-07-19,157.375,157.875,156.95,157.495,
2024-07-22,157.25999,157.62,156.28,157.035004,
2024-07-23,157.020004,157.11,155.56,155.59,
2024-07-24,155.595,156.0,153.11,153.875,
2024-07-25,153.89999,154.315,151.94,153.94,
2024-07-26,153.94501,154.74001,153.14,153.77499,
2024-07-29,154.029999,154.36,153.029999,154.035004,
2024-07-30,154.0099945,155.22,152.64999,152.785,
2024-07-31,152.80499,153.89,149.62,149.98,
2024-08-01,149.99001,150.88,148.50999,149.355,
2024-08-02,149.395,149.77,146.42,146.545,
2024-08-05,146.32001,146.33,141.69,144.19501,
2024-08-06,144.17,146.37,143.62,144.325,
2024-08-07,144.325,147.895,144.3,146.69501,
2024-08-08,146.67,147.53,145.42999,147.28999,
2024-08-09,147.285,147.815,146.27499,146.63,
2024-08-12,146.99001,148.22501,146.7,147.19501,
2024-08-13,147.205,147.94501,146.59,146.84,
2024-08-14,146.795,147.57001,146.080002,147.33501,
2024-08-15,147.33501,149.38499,147.054993,149.3,
2024-08-16,149.28,149.35001,147.57001,147.60001,
2024-08-19,147.86,148.054993,145.19,146.595,
2024-08-20,146.595,147.345,145.2,145.25999,
2024-08-21,145.255,146.82001,144.46001,145.285,
2024-08-22,145.285,146.53,144.85001,146.295,
2024-08-23,146.27499,146.495,144.059998,144.38499,
2024-08-26,143.87,144.66,143.45,144.535,
2024-08-27,144.53999,145.17999,143.92,143.96001,
2024-08-28,143.97501,145.035004,143.69,144.58501,
2024-08-29,144.565,145.56,144.22,144.98,
2024-08-30,144.985,146.25,144.66,146.17999,
2024-09-02,146.44,147.17999,145.78,146.925,
2024-09-03,146.905,147.21001,145.16,145.47,
2024-09-04,145.47501,145.56,143.715,143.73,
2024-09-05,143.745,144.245,142.86,143.44501,
2024-09-06,143.455,143.95,141.78,142.285,
2024-09-09,142.14,143.80499,142.089996,143.185,
2024-09-10,143.185,143.71001,142.2,142.46001,
2024-09-11,142.47,142.55,140.72,142.37,
2024-09-12,142.33,143.044998,141.72501,141.83,
2024-09-13,141.815,141.88,140.28,140.855,
2024-09-16,140.69,140.91,139.58,140.61,
2024-09-17,140.61501,142.47501,140.32001,142.41499,
2024-09-18,142.41,142.72,140.45,142.28,
2024-09-19,142.27,143.94501,141.88,142.63,
2024-09-20,142.63,144.5,141.74001,143.92,
2024-09-23,143.94,144.45,143.16,143.60001,
2024-09-24,143.61,144.67999,143.11501,143.24001,
2024-09-25,143.23,144.845,142.91,144.75999,
2024-09-26,144.75999,145.2,144.11,144.8,
2024-09-27,144.80499,146.49001,142.059998,142.19501,
2024-09-30,142.67999,143.91499,141.655,143.64,
2024-10-01,143.63,144.535,142.98,143.565,
2024-10-02,143.565,146.515,143.425,146.46001,
2024-10-03,146.485,147.24001,146.28,146.92999,
2024-10-04,146.94,149.0050049,145.92,148.72501,
2024-10-07,148.8,149.14,147.86,148.080002,
2024-10-08,148.070007,148.38499,147.34,148.285,
2024-10-09,148.285,149.37,148.0099945,149.32001,
2024-10-10,149.325,149.57001,148.31,148.565,
2024-10-11,148.57001,149.285,148.405,149.145,
2024-10-12,149.14,149.175,149.11501,149.155,
2024-10-14,149.16,150.0050049,149.14,149.78,
2024-10-15,149.77,149.84,148.85001,149.245,
2024-10-16,149.24001,149.83501,148.89,149.72,
2024-10-17,149.72,150.325,149.235,150.22,
2024-10-18,150.22,150.285,149.37,149.53,
2024-10-19,149.53,149.55,149.45,149.53999,
2024-10-21,149.56,150.845,149.089996,150.77499,
2024-10-22,150.78,151.205,150.5,151.11501,
2024-10-23,151.12,153.19,151.024994,152.595,
2024-10-24,152.59,152.83,151.55499,151.84,
2024-10-25,151.84,152.38499,151.46001,152.25,
2024-10-26,152.25,152.36,152.185,152.30499,
2024-10-28,152.95,153.88,152.41,153.235,
2024-10-29,153.24001,153.87,152.75,153.42999,
2024-10-30,153.44,153.5,152.78,153.30499,
2024-10-31,153.3,153.59,151.84,151.94,
2024-11-01,151.94,153.065002,151.78999,152.97501,
2024-11-02,152.97,153.105,152.94,153.0,
2024-11-04,152.27499,152.58,151.53,152.14999,
2024-11-05,152.16,152.545,151.33501,151.455,
2024-11-06,151.45,154.705,151.28999,154.45,
2024-11-07,154.45,154.72,152.855,153.080002,
2024-11-08,153.089996,153.37,152.14,152.675,
2024-11-09,152.69,152.75,152.44,152.63,
2024-11-11,152.69,153.955,152.655,153.77,
2024-11-12,153.77,154.925,153.41,154.74001,
2024-11-13,154.75,155.625,154.34,155.55,
2024-11-14,155.535,156.245,155.34,155.925,
2024-11-15,155.925,156.75,153.86501,154.215,
2024-11-16,154.22,154.485,154.175,154.345,
2024-11-18,154.47,155.36,153.84,154.74001,
2024-11-19,154.75,154.8,153.28,154.69501,
2024-11-20,154.69501,155.88499,154.53,155.37,
2024-11-21,155.37,155.53999,153.91,154.50999,
2024-11-22,154.5,155.020004,153.97,154.80499,
2024-11-23,154.80499,154.88499,154.75,154.755,
2024-11-25,154.28,154.72501,153.55,154.13,
2024-11-26,154.14,154.495,152.99001,153.11,
2024-11-27,153.11,153.24001,150.45,151.029999,
2024-11-28,151.024994,151.995,150.92999,151.535,
2024-11-29,151.5,151.595,149.47,149.61,
2024-11-30,149.61,149.765,149.53999,149.765,
2024-12-02,149.66,150.75,149.080002,149.53,
2024-12-03,149.52499,150.24001,148.64,149.50999,
2024-12-04,149.50999,151.22501,149.405,150.44,
2024-12-05,150.44,150.78,149.655,150.020004,
2024-12-06,150.020004,150.7,149.37,149.97501,
2024-12-07,149.97,150.059998,149.95,150.035004,
2024-12-09,150.0,151.35001,149.69,151.25,
2024-12-10,151.24001,152.19,150.89999,151.935,
2024-12-11,151.92999,152.86,151.0099945,152.64999,
2024-12-12,152.64,152.785,151.81,152.53999,
2024-12-13,152.545,153.8,152.455,153.69,
2024-12-14,153.69,153.73,153.60001,153.69501,
2024-12-16,153.645,154.48,153.32001,154.12,
2024-12-17,154.12,154.345,153.16,153.345,
2024-12-18,153.345,154.66499,153.33,154.655,
2024-12-19,154.64,157.825,154.33,157.42999,
2024-12-20,157.41,157.92999,155.95,156.014999,
2024-12-21,156.0,156.47,156.0,156.41499,
2024-12-23,156.38,157.30499,156.34,157.10001,
2024-12-24,157.095001,157.39,156.89,157.155,
2024-12-25,157.22501,157.425,157.22501,157.425,
2024-12-26,157.2,158.095001,157.070007,157.985,
2024-12-27,157.985,158.039993,157.355,157.955,
2024-12-28,157.94501,158.014999,157.81,157.83501,
2024-12-30,157.74001,158.074997,156.67999,157.089996,
2024-12-31,157.089996,157.155,156.024994,156.89,
2025-01-01,156.88,156.91,156.88,156.91,
2025-01-02,157.28999,157.85001,156.44,157.62,
2025-01-03,157.62,157.66,156.88,157.21001,
2025-01-04,157.2,157.38,157.14,157.3,
2025-01-06,157.22,157.97,156.24001,157.55,
2025-01-07,157.53999,158.42999,157.38,157.77,
2025-01-08,157.78,158.55,157.74001,158.47,
2025-01-09,158.46001,158.46001,157.58,158.12,
2025-01-10,158.11,158.88,157.23,157.88,
2025-01-11,157.87,157.94,157.69,157.73,
2025-01-13,157.75999,157.97,156.92,157.81,
2025-01-14,157.81,158.2,157.12,157.94,
2025-01-15,157.94,158.080002,155.94,156.47,
2025-01-16,156.46001,156.56,155.11,155.28999,
2025-01-17,155.28999,156.37,154.98,156.14999,
2025-01-18,156.14999,156.32001,156.11,156.28999,
2025-01-20,156.25999,156.58,155.42,155.64,
2025-01-21,155.64,156.24001,154.77,155.56,
2025-01-22,155.56,156.71001,155.36,156.52,
2025-01-23,156.52,156.75,155.74001,155.8,
2025-01-24,155.81,156.58,154.85001,155.81,
2025-01-25,155.82001,156.020004,155.82001,155.98,
2025-01-27,155.74001,156.25,153.72,154.55,
2025-01-28,154.53999,155.98,154.46001,155.53999,
2025-01-29,155.53999,155.78999,154.94,155.24001,
2025-01-30,155.25,155.39,153.78999,154.11,
2025-01-31,154.11,155.22,153.92,155.14999,
2025-02-01,155.14,155.22,155.020004,155.2,
2025-02-03,154.78,155.89,154.0099945,154.89999,
2025-02-04,154.89,155.52,154.17999,154.3,
2025-02-05,154.28999,154.46001,152.12,152.53,
2025-02-06,152.52,152.89,151.24001,151.39,
2025-02-07,151.39,152.42,150.92999,151.38,
2025-02-08,151.37,151.46001,151.25999,151.42,
2025-02-10,151.24001,152.53999,151.23,151.98,
2025-02-11,151.98,152.60001,151.64999,152.49001,
2025-02-12,152.49001,154.8,152.39,154.42999,
2025-02-13,154.42999,154.66,152.77,152.92999,
2025-02-14,152.94,153.14999,152.029999,152.21001,
2025-02-15,152.22,152.35001,152.22,152.31,
2025-02-17,152.25999,152.38,151.34,151.39999,
2025-02-18,151.39999,152.22,151.24001,151.92999,
2025-02-19,151.92999,152.32001,151.25,151.53,
2025-02-20,151.53,151.57001,149.39999,149.78,
2025-02-21,149.78,150.74001,148.92999,149.070007,
2025-02-22,149.070007,149.35001,149.0,149.3,
2025-02-24,149.24001,149.88,148.84,149.67999,
2025-02-25,149.67999,150.3,148.57001,149.080002,
2025-02-26,149.080002,149.89,148.62,148.84,
2025-02-27,148.85001,150.16,148.75,149.86,
2025-02-28,149.86,150.99001,149.10001,150.53999,
2025-03-01,150.55,150.62,150.44,150.62,
2025-03-03,150.72,151.3,149.95,150.25999,
2025-03-04,150.25,150.25,148.10001,149.32001,
2025-03-05,149.31,150.17999,148.39999,148.78999,
2025-03-06,148.78,149.33,147.32001,147.69,
2025-03-07,147.69,148.2,146.95,148.020004,
2025-03-08,148.039993,148.12,147.84,148.039993,
2025-03-10,147.64999,147.87,146.63,147.28999,
2025-03-11,147.3,148.12,146.53999,147.75999,
2025-03-12,147.75999,149.19,147.67999,148.35001,
2025-03-13,148.34,148.37,147.42,147.7,
2025-03-14,147.7,149.020004,147.7,148.64999,
2025-03-15,148.64999,148.67,148.57001,148.64,
2025-03-17,148.75999,149.28,148.31,149.16,
2025-03-18,149.16,149.92999,149.050003,149.28,
2025-03-19,149.28,150.14999,148.67,148.85001,
2025-03-20,148.85001,148.96001,148.17999,148.78999,
2025-03-21,148.78999,149.66,148.59,149.34,
2025-03-22,149.34,149.37,149.28999,149.3,
2025-03-24,149.39,150.75999,149.38,150.64999,
2025-03-25,150.64,150.94,149.55,149.86,
2025-03-26,149.86,150.75,149.84,150.58,
2025-03-27,150.57001,151.14999,150.059998,151.039993,
2025-03-28,151.039993,151.21001,149.75,149.75,
2025-03-29,149.75,149.89,149.69,149.81,
2025-03-31,149.64999,150.27,148.71001,149.96001,
2025-04-01,149.96001,150.14,148.98,149.62,
2025-04-02,149.62,150.25,149.10001,150.029999,
2025-04-03,150.020004,150.49001,145.19,146.25,
2025-04-04,146.25,147.44,144.56,146.85001,
2025-04-05,146.85001,147.10001,146.77,147.050003,
2025-04-07,145.17,148.14999,144.82001,147.82001,
2025-04-08,147.82001,148.12,145.96001,146.25,
2025-04-09,146.25999,148.28,144.0,147.75,
2025-04-10,147.72,147.82001,144.020004,144.44,
2025-04-11,144.44,144.64999,142.070007,143.49001,
2025-04-14,143.64999,144.080002,142.226,142.99001,
2025-04-15,143.0059967,143.59399,142.593,143.246,
2025-04-16,143.186,143.282,141.638,141.83701,
2025-04-17,141.81599,143.087006,141.60899,142.388,
2025-04-18,142.377,142.47,142.098007,142.14999,
2025-04-21,141.73399,141.76601,140.467,140.825,
2025-04-22,140.82401,141.67,139.882,141.509,
2025-04-23,141.564,143.57401,141.44,143.48801,
2025-04-24,143.439,143.446,142.274,142.64301,
2025-04-25,142.60001,144.029999,142.532,143.623,
2025-04-28,143.767,143.894,141.95399,141.95599,
2025-04-29,141.968,142.757,141.957,142.263,
2025-04-30,142.265,143.19,142.14799,143.063004,
2025-05-01,143.035004,145.741,142.875,145.34399,
2025-05-02,145.42,145.924,143.72501,144.89999,
2025-05-03,144.918,144.918,144.918,144.918,
2025-05-05,144.752,144.86099,143.535,143.689,
2025-05-06,143.683,144.27499,142.347,142.414,
2025-05-07,142.43401,143.99899,142.38699,143.811,
2025-05-08,143.78799,146.177,143.44,145.909,
2025-05-09,145.89101,146.187,144.82001,145.323,
2025-05-12,145.838,148.651,145.694,148.444,
2025-05-13,148.44901,148.45599,147.369,147.46899,
2025-05-14,147.465,147.67,145.601,146.741,
2025-05-15,146.739,146.752,145.409,145.653,
2025-05-16,145.659,146.103,144.916,145.58099,
2025-05-19,145.15601,145.446,144.65601,144.85001,
2025-05-20,144.839,145.51401,144.087997,144.493,
2025-05-21,144.468,144.58299,143.278,143.662,
2025-05-22,143.661,144.39799,142.798,144.003006,
2025-05-23,143.976,144.11,142.418,142.53799,
2025-05-24,142.55,142.55,142.55,142.55,
2025-05-26,142.785,143.033997,142.222,142.828,
2025-05-27,142.83099,144.46001,142.11,144.313,
2025-05-28,144.321,145.076996,143.847,144.825,
2025-05-29,144.825,146.276,143.95599,144.231,
2025-05-30,144.228,144.44299,143.42999,144.020996,
2025-06-02,143.83701,143.86501,142.535,142.683,
2025-06-03,142.672,144.10899,142.37199,143.96001,
2025-06-04,143.95799,144.395,142.60001,142.72099,
2025-06-05,142.71899,143.97701,142.52,143.494,
2025-06-06,143.52699,145.089005,143.345,144.81599,
2025-06-07,144.78799,144.78799,144.78799,144.78799,
2025-06-09,144.69099,144.948,143.97,144.53999,
2025-06-10,144.51801,145.28999,144.394,144.85001,
2025-06-11,144.82899,145.466,144.321,144.541,
2025-06-12,144.52499,144.552,143.17999,143.44501,
2025-06-13,143.43201,144.48399,142.78999,144.067001,
2025-06-16,144.47099,144.87601,143.649,144.72501,
2025-06-17,144.705,145.383,144.36301,145.25301,
2025-06-18,145.252,145.44,144.32001,145.095001,
2025-06-19,145.11,145.77,144.73199,145.444,
2025-06-20,145.381,146.216,145.119,146.054001,
2025-06-23,146.362,148.029007,146.0050049,146.153,
2025-06-24,146.106,146.177,144.509,144.884,
2025-06-25,144.886,145.951,144.604,145.239,
2025-06-26,145.186,145.263,143.74699,144.35201,
2025-06-27,144.368,144.94501,144.172,144.614,
2025-06-28,144.61501,144.61501,144.61501,144.61501,
2025-06-30,144.474,144.76199,143.778,144.029007,
2025-07-01,143.998,144.050995,142.67599,143.38699,
2025-07-02,143.429,144.244,143.317,143.61,
2025-07-03,143.659,145.23399,143.442,144.905,
2025-07-04,144.91499,144.97099,144.17999,144.44299,
2025-07-07,144.483,146.241,144.22,146.0079956,
2025-07-08,146.011993,146.976,145.828,146.595,
2025-07-09,146.59599,147.18201,146.246,146.295,
2025-07-10,146.323,146.787,145.75,146.239,
2025-07-11,146.24001,147.52299,146.12601,147.382,
2025-07-14,147.49699,147.78,146.847,147.68401,
2025-07-15,147.675,149.022995,147.548,148.87801,
2025-07-16,148.85899,149.186,146.90401,147.82401,
2025-07-17,147.832,149.087006,147.717,148.564,
2025-07-18,148.567,148.884,148.17999,148.74899,
2025-07-21,148.58701,148.66499,147.078003,147.326,
2025-07-22,147.313,147.94701,146.302,146.62199,
2025-07-23,146.62,147.215,146.104,146.49899,
2025-07-24,146.513,147.026001,145.85001,147.0,
2025-07-25,146.993,147.94,146.808,147.62199,
2025-07-28,147.81,148.57899,147.51401,148.49699,
2025-07-29,148.42101,148.808,148.153,148.418,
2025-07-30,148.431,149.554,147.798,149.47701,
2025-07-31,149.491,150.842,148.582,150.729,
2025-08-01,150.72099,150.91901,147.28799,147.375,
2025-08-04,147.242,148.087997,146.86,147.067993,
2025-08-05,147.074005,147.83501,146.616,147.601,
2025-08-06,147.601,147.886,146.972,147.353,
2025-08-07,147.36,147.711,146.688,147.095001,
2025-08-08,147.098007,147.90401,146.716,147.69299,
2025-08-11,147.726,148.252,147.347,148.13901,
2025-08-12,148.14101,148.519,147.57401,147.83501,
2025-08-13,147.819,148.16901,147.087006,147.355,
2025-08-14,147.36099,147.96201,146.21001,147.75301,
2025-08-15,147.739,147.868,146.73399,147.177,
2025-08-18,147.17,147.985,147.11301,147.869,
2025-08-19,147.87,148.11301,147.439,147.655,
2025-08-20,147.662,147.817,146.866,147.30901,
2025-08-21,147.311,148.407,147.248,148.35201,
2025-08-22,148.36301,148.778,146.56799,146.903,
2025-08-25,147.063004,147.937,147.039001,147.763,
2025-08-26,147.76401,147.908,146.981,147.358,
2025-08-27,147.35899,148.183,147.22701,147.379,
2025-08-28,147.408,147.489,146.65401,146.918,
2025-08-29,146.895,147.411,146.754,146.998,
2025-08-30,146.993,146.993,146.993,146.993,
2025-09-01,147.12,147.382,146.78,147.16,
2025-09-02,147.16299,148.94501,147.039993,148.355,
2025-09-03,148.35201,149.13699,147.875,148.072006,
2025-09-04,148.046005,148.778,147.784,148.466,
2025-09-05,148.479,148.54201,146.812,147.394,
2025-09-08,148.42799,148.577,147.33099,147.448,
2025-09-09,147.48,147.575,146.304,147.395,
2025-09-10,147.40401,147.647,147.084,147.44901,
2025-09-11,147.46001,148.17999,146.98,147.19299,
2025-09-12,147.201,148.072006,147.11,147.645,
2025-09-15,147.70399,147.726,147.226,147.37801,
2025-09-16,147.37399,147.53799,146.274,146.47701,
2025-09-17,146.47301,147.048004,145.476,146.939,
2025-09-18,146.94099,148.267,146.76199,147.976,
2025-09-19,147.991,148.283,147.192,147.912,
2025-09-22,147.98599,148.37601,147.651,147.702,
2025-09-23,147.702,147.927,147.45599,147.605,
2025-09-24,147.61501,148.91499,147.511,148.89,
2025-09-25,148.892,149.92799,148.554,149.784,
2025-09-26,149.782,149.95599,149.39999,149.45399,
2025-09-29,149.464,149.474,148.467,148.578,
2025-09-30,148.58299,148.845,147.645,147.89301,
2025-10-01,147.884,148.226,146.58,147.046005,
2025-10-02,147.044006,147.51401,146.59399,147.248,
2025-10-03,147.24699,147.815,147.018005,147.399,
2025-10-06,149.32401,150.476,149.22,150.317,
2025-10-07,150.317,151.953,150.189,151.89999,
2025-10-08,151.903,152.998,151.729,152.70599,
2025-10-09,152.70799,153.23199,152.095993,153.061996,
2025-10-10,153.061996,153.27499,151.5,151.593,
2025-10-11,151.591,151.728,151.119,151.119,
2025-10-13,151.92599,152.448,151.71201,152.321,
2025-10-14,152.32201,152.61301,151.59801,151.686,
2025-10-15,151.683,151.87,150.894,151.248,
2025-10-16,151.255,151.397,150.20399,150.399,
2025-10-17,150.397,150.592,149.37,150.481,
2025-10-18,150.468,150.64,150.457,150.584,
2025-10-20,150.823,151.2,150.26601,150.69299,
2025-10-21,150.69099,152.174,150.463,151.91299,
2025-10-22,151.908,152.044998,151.48399,151.976,
2025-10-23,151.976,152.797,151.813,152.55299,
2025-10-24,152.55901,153.061996,152.217,152.825,
2025-10-25,152.821,152.89,152.744,152.81,
2025-10-27,153.061005,153.255,152.55901,152.907,
2025-10-28,152.899,152.911,151.75301,152.048996,
2025-10-29,152.048004,153.059998,151.53,152.814,
2025-10-30,152.81599,154.444,152.155,154.070007,
2025-10-31,154.076996,154.41299,153.645,154.108,
2025-11-01,154.11,154.12,153.92799,153.94,
2025-11-03,154.19901,154.29601,153.884,154.185,
2025-11-04,154.19,154.48199,153.311,153.627,
2025-11-05,153.627,154.356,152.955,154.10899,
2025-11-06,154.103,154.142,152.826,153.14301,
2025-11-07,153.14,153.58299,152.814,153.55701,
2025-11-08,153.552,153.595,153.355,153.37801,
2025-11-10,153.82401,154.24899,153.401,154.052002,
2025-11-11,154.048996,154.495,153.66,154.11501,
2025-11-12,154.11501,155.046005,154.013,154.71201,
2025-11-13,154.714,155.014999,154.12199,154.465,
2025-11-14,154.468,154.763,153.61099,154.554,
2025-11-15,154.55701,154.59801,154.459,154.493,
2025-11-17,154.592,155.304,154.41,155.241,
2025-11-18,155.242,155.73399,154.80901,155.52,
2025-11-19,155.521,157.039993,155.20599,157.024994,
2025-11-20,157.020996,157.892,156.873,157.534,
2025-11-21,157.535,157.649,156.192,156.32401,
2025-11-22,156.325,156.504,156.295,156.37801,
2025-11-24,156.67799,157.19299,156.495,156.75587,
2025-11-25,156.7542,156.98488,155.81025,155.82374,
2025-11-26,155.82547,156.73214,155.67833,156.45151,
2025-11-27,156.452,156.49483,155.73537,156.34408,
2025-11-28,156.34432,156.6029,155.9871,156.11235,
2025-11-29,156.11377,156.18998,156.07682,156.16955,
2025-12-01,156.11176,156.17624,154.69117,155.48377,
2025-12-02,155.48497,156.17523,155.43211,155.86852,
2025-12-03,155.87025,155.90621,155.02307,155.13038,
2025-12-04,155.12966,155.54206,154.50351,155.02564,
2025-12-05,155.02289,155.47955,154.3671,155.30717,
2025-12-06,155.30481,155.38447,155.27977,155.36587,
2025-12-08,155.22528,155.98375,154.8925,155.90669,
2025-12-09,155.90523,156.95985,155.75571,156.84183,
2025-12-10,156.8415,156.94827,156.16527,156.25682,
2025-12-11,156.25949,156.30549,154.95782,155.59638,
2025-12-12,155.59359,156.14052,155.44961,155.90318,
2025-12-13,155.90086,155.90399,155.78024,155.82964,
2025-12-15,155.84916,155.97852,154.85451,155.23734,
2025-12-16,155.23162,155.26671,154.42618,154.66518,
2025-12-17,154.66233,155.68876,154.52906,155.63823,
2025-12-18,155.63453,155.97481,155.30554,155.52618,
2025-12-19,155.52292,157.63955,155.46966,157.54291,
2025-12-20,157.53318,157.77465,157.48412,157.72328,
2025-12-22,157.65967,157.74909,156.72086,156.90322,
2025-12-23,156.90293,157.06389,155.67555,156.19895,
2025-12-24,156.19616,156.30722,155.5605,156.03377,
2025-12-25,155.99333,156.18547,155.69663,155.71947,
2025-12-26,155.71139,156.72571,155.60584,156.533,
2025-12-27,156.53244,156.61028,156.45137,156.58008,
2025-12-29,156.59477,156.59635,155.92836,156.03768,
2025-12-30,156.03409,156.58008,155.75008,156.5232,
2025-12-31,156.52306,156.68781,156.32659,156.60804,
2026-01-01,156.70491,156.83476,156.18253,156.70872,
2026-01-02,156.70622,157.0025,156.52473,156.86247,
2026-01-03,156.85919,156.92312,156.81656,156.85516,
2026-01-05,156.74082,157.30132,156.10383,156.23574,
2026-01-06,156.23099,156.79132,156.16767,156.62819,
2026-01-07,156.62681,156.80544,156.30147,156.75179,
2026-01-08,156.74799,157.07172,156.47348,156.9841,
2026-01-09,156.98323,158.18768,156.79389,157.90021,
2026-01-10,157.89752,157.96363,157.70075,157.90649,
2026-01-11,157.90358,158.15973,156.98754,157.9771,
2026-01-12,157.9758,158.20074,157.53492,158.14518,
2026-01-13,158.14231,159.1918,157.95511,159.1224,
2026-01-14,159.12164,159.4555,158.12168,158.5122,
2026-01-15,158.50987,158.8751,158.18606,158.53982,
2026-01-16,158.53727,158.6992,157.82087,158.12511,
2026-01-17,158.1222,158.25775,158.05465,158.15224,
2026-01-18,158.14891,158.54218,157.74893,157.79748,
2026-01-19,157.79304,158.1466,157.44079,158.09673,
2026-01-20,158.09406,158.61463,157.57264,157.874,
