date,open,high,low,close,volume
2007-03-01,24.93,25.0,24.93,24.97,4600
2007-03-02,25.02,25.26,24.95,24.96,2400
2007-03-05,25.11,25.13,25.1,25.12,1100
2007-03-06,25.1,25.1,25.1,25.1,400
2007-03-07,25.08,25.08,24.99,25.0,2800
2007-03-08,25.15,25.15,25.12,25.12,42200
2007-03-09,25.2,25.2,25.16,25.16,700
2007-03-12,25.08,25.08,25.08,25.08,200
2007-03-13,25.0,25.02,25.0,25.02,1100
2007-03-14,25.040001,25.040001,24.96,24.96,2000
2007-03-15,24.96,24.96,24.96,24.96,0
2007-03-16,24.86,24.89,24.86,24.87,4000
2007-03-19,24.87,25.0,24.87,25.0,2200
2007-03-20,24.88,24.88,24.85,24.85,1400
2007-03-21,24.78,24.78,24.78,24.78,200
2007-03-22,24.8,24.8,24.6,24.78,17500
2007-03-23,24.87,24.93,24.87,24.93,4100
2007-03-26,24.91,24.91,24.85,24.85,3100
2007-03-27,24.87,24.87,24.84,24.84,200
2007-03-28,24.8,24.85,24.8,24.84,3400
2007-03-29,24.87,24.87,24.87,24.87,100
2007-03-30,24.8,24.8,24.79,24.79,200
2007-04-02,24.83,24.85,24.76,24.85,4100
2007-04-03,24.89,24.89,24.88,24.88,5200
2007-04-04,24.85,24.85,24.85,24.85,500
2007-04-05,24.77,24.77,24.77,24.77,1100
2007-04-09,24.93,24.96,24.92,24.93,22700
2007-04-10,24.84,24.87,24.83,24.85,30500
2007-04-11,24.85,25.26,24.82,24.85,172000
2007-04-12,24.78,24.78,24.7,24.7,8900
2007-04-13,24.66,24.71,24.64,24.69,8300
2007-04-16,24.69,24.69,24.59,24.59,22600
2007-04-17,24.6,24.6,24.55,24.58,23600
2007-04-18,24.52,24.56,24.46,24.55,18300
2007-04-19,24.54,24.56,24.51,24.55,26800
2007-04-20,24.55,24.55,24.43,24.46,24200
2007-04-23,24.63,24.63,24.55,24.59,29300
2007-04-24,24.59,24.63,24.5,24.56,42300
2007-04-25,24.54,24.55,24.5,24.52,7600
2007-04-26,24.63,24.64,24.6,24.62,40800
2007-04-27,24.5,24.6,24.44,24.54,55800
2007-04-30,24.51,24.53,24.47,24.49,6300
2007-05-01,24.5,24.65,24.5,24.64,2500
2007-05-02,24.65,24.67,24.58,24.66,21300
2007-05-03,24.66,24.75,24.66,24.69,13100
2007-05-04,24.64,24.66,24.56,24.6,90800
2007-05-07,24.6,24.75,24.6,24.66,52500
2007-05-08,24.66,24.74,24.66,24.73,147000
2007-05-09,24.68,24.76,24.68,24.76,9700
2007-05-10,24.79,24.86,24.76,24.79,15000
2007-05-11,24.82,24.83,24.77,24.81,24100
2007-05-14,24.74,24.8,24.39,24.79,15400
2007-05-15,24.81,24.81,24.64,24.71,31100
2007-05-16,24.78,24.83,24.68,24.82,13000
2007-05-17,24.88,24.89,24.86,24.88,8100
2007-05-18,24.87,24.88,24.82,24.83,10400
2007-05-21,24.92,24.94,24.89,24.9,16400
2007-05-22,24.91,24.92,24.88,24.91,7800
2007-05-23,24.85,24.9,24.6,24.89,9900
2007-05-24,24.88,24.93,24.88,24.93,6100
2007-05-25,24.92,24.92,24.87,24.91,10700
2007-05-29,24.83,24.92,24.81,24.92,9600
2007-05-30,24.92,24.97,24.89,24.96,22600
2007-05-31,24.88,24.92,24.88,24.92,2400
2007-06-01,24.96,24.98,24.9,24.93,12500
2007-06-04,24.83,24.83,24.82,24.83,8000
2007-06-05,24.75,24.8,24.6,24.76,95700
2007-06-06,24.84,24.88,24.47,24.8,54500
2007-06-07,24.88,24.96,24.86,24.96,16300
2007-06-08,25.09,25.09,24.56,25.040001,8400
2007-06-11,25.09,25.12,25.059999,25.1,9700
2007-06-12,25.12,25.15,25.07,25.15,156700
2007-06-13,25.21,25.22,25.17,25.2,10200
2007-06-14,25.21,25.23,25.17,25.23,12100
2007-06-15,25.15,25.17,25.09,25.09,52500
2007-06-18,25.07,25.15,25.059999,25.059999,54900
2007-06-19,25.11,25.11,25.07,25.07,2500
2007-06-20,25.049999,28.97,24.08,24.12,4300
2007-06-21,25.1,25.22,25.040001,25.1,3300
2007-06-22,25.0,25.049999,24.95,24.95,46800
2007-06-25,25.01,25.049999,25.0,25.030001,9400
2007-06-26,24.98,25.02,24.93,24.99,17800
2007-06-27,25.01,25.030001,25.01,25.030001,2400
2007-06-28,24.97,25.030001,24.97,25.030001,5900
2007-06-29,24.92,24.99,24.88,24.88,3600
2007-07-02,24.84,24.85,24.62,24.75,15800
2007-07-03,24.71,24.81,24.71,24.71,6500
2007-07-05,24.81,24.83,24.81,24.83,12100
2007-07-06,24.81,24.81,24.78,24.78,500
2007-07-09,24.79,24.82,24.78,24.79,8800
2007-07-10,24.7,24.7,24.62,24.62,4900
2007-07-11,24.58,24.62,24.58,24.59,4900
2007-07-12,24.56,24.58,24.54,24.55,73000
2007-07-13,24.55,24.57,24.55,24.57,600
2007-07-16,24.56,24.58,24.53,24.56,3800
2007-07-17,24.56,24.57,24.56,24.56,700
2007-07-18,24.5,24.54,24.5,24.54,1100
2007-07-19,24.5,24.53,24.49,24.53,11200
2007-07-20,24.48,24.49,24.46,24.49,600
2007-07-23,24.5,24.54,24.49,24.54,16800
2007-07-24,24.48,24.5,24.35,24.35,18100
2007-07-25,24.54,24.59,24.54,24.56,6100
2007-07-26,24.56,24.56,24.44,24.45,3000
2007-07-27,24.64,26.5,24.64,24.65,26500
2007-07-30,24.67,24.69,24.67,24.69,5200
2007-07-31,24.67,24.67,24.3,24.65,6600
2007-08-01,24.71,24.71,24.61,24.66,11200
2007-08-02,24.67,24.7,24.64,24.7,900
2007-08-03,24.59,24.59,24.47,24.47,20100
2007-08-06,24.48,24.52,24.48,24.52,3300
2007-08-07,24.53,24.61,24.53,24.59,13700
2007-08-08,24.49,24.53,24.49,24.52,4300
2007-08-09,24.71,24.71,24.68,24.71,6200
2007-08-10,24.74,24.75,24.71,24.73,40500
2007-08-13,24.75,24.83,24.72,24.8,25400
2007-08-14,24.88,24.96,24.88,24.96,39600
2007-08-15,25.059999,25.1,25.02,25.07,26800
2007-08-16,25.02,25.049999,24.99,25.0,30800
2007-08-17,24.65,25.0,24.65,24.93,16300
2007-08-20,24.98,25.0,24.95,24.99,13300
2007-08-21,24.98,25.0,24.98,25.0,6800
2007-08-22,24.94,24.97,24.93,24.93,21200
2007-08-23,24.92,24.92,24.88,24.89,1200
2007-08-24,24.82,24.82,24.73,24.78,52000
2007-08-27,24.74,24.76,24.74,24.76,2500
2007-08-28,24.75,24.76,24.73,24.76,17200
2007-08-29,24.76,24.78,24.73,24.74,3900
2007-08-30,24.83,24.85,24.76,24.85,27500
2007-08-31,24.73,24.83,24.73,24.79,5700
2007-09-04,24.89,24.9,24.83,24.83,4700
2007-09-05,24.73,24.74,24.71,24.74,900
2007-09-06,24.76,24.76,24.66,24.67,40600
2007-09-07,24.54,24.56,24.52,24.53,3000
2007-09-10,24.52,24.53,24.48,24.5,49600
2007-09-11,24.54,24.54,24.47,24.53,3500
2007-09-12,24.46,24.49,24.39,24.41,8200
2007-09-13,24.49,24.51,24.48,24.48,2500
2007-09-14,24.48,24.54,24.48,24.54,2400
2007-09-17,24.5,24.55,24.5,24.52,2500
2007-09-18,24.56,24.57,24.38,24.44,10700
2007-09-19,24.44,24.49,24.42,24.43,28000
2007-09-20,24.29,24.3,24.17,24.25,53900
2007-09-21,24.28,24.29,24.25,24.26,7500
2007-09-24,24.22,24.26,24.21,24.25,33800
2007-09-25,24.16,24.2,24.13,24.19,27800
2007-09-26,24.22,25.09,24.2,24.27,17700
2007-09-27,24.16,24.23,24.14,24.23,128700
2007-09-28,24.12,24.14,24.0,24.049999,44800
2007-10-01,24.1,24.11,23.55,24.08,44600
2007-10-02,24.2,24.24,24.18,24.23,99700
2007-10-03,24.18,24.31,24.15,24.3,48800
2007-10-04,24.32,24.32,24.25,24.27,16600
2007-10-05,24.25,24.25,24.15,24.23,29000
2007-10-08,24.28,24.4,24.27,24.38,48600
2007-10-09,24.37,24.38,24.25,24.29,92800
2007-10-10,24.19,24.24,24.15,24.22,49800
2007-10-11,24.18,24.24,24.08,24.24,90600
2007-10-12,24.19,24.21,24.15,24.2,14100
2007-10-15,24.15,24.17,24.1,24.17,18400
2007-10-16,24.18,24.22,24.17,24.2,295500
2007-10-17,24.14,24.2,24.12,24.19,44200
2007-10-18,24.01,24.040001,23.98,24.040001,22600
2007-10-19,23.99,24.07,23.97,23.99,51100
2007-10-22,24.14,24.26,24.13,24.19,96800
2007-10-23,24.030001,24.049999,23.99,24.040001,39600
2007-10-24,24.049999,24.07,23.99,24.0,37100
2007-10-25,23.96,23.99,23.92,23.95,19500
2007-10-26,23.86,23.88,23.81,23.85,67100
2007-10-29,23.85,23.85,23.75,23.81,26400
2007-10-30,23.84,23.9,23.75,23.86,245300
2007-10-31,23.86,23.97,23.72,23.75,72500
2007-11-01,23.84,23.86,23.76,23.83,92600
2007-11-02,23.76,23.76,23.53,23.6,65000
2007-11-05,23.73,23.76,23.69,23.72,83300
2007-11-06,23.61,23.65,23.6,23.64,28100
2007-11-07,23.6,23.6,23.4,23.52,134400
2007-11-08,23.5,23.51,23.41,23.5,150000
2007-11-09,24.41,24.41,23.42,23.5,130500
2007-11-12,25.0,25.0,23.52,23.72,186300
2007-11-13,24.0,24.0,23.49,23.63,154800
2007-11-14,25.78,25.78,23.5,23.64,123100
2007-11-15,23.63,23.72,23.59,23.7,117100
2007-11-16,23.75,23.75,23.61,23.67,79400
2007-11-19,23.61,23.68,23.5,23.6,597100
2007-11-20,23.86,23.86,21.85,23.38,216600
2007-11-21,23.34,23.38,23.26,23.26,97900
2007-11-23,23.38,23.44,23.35,23.43,25300
2007-11-26,23.69,23.69,23.29,23.31,110600
2007-11-27,23.25,23.5,23.25,23.44,140600
2007-11-28,23.83,23.83,23.48,23.51,231200
2007-11-29,24.21,24.21,23.58,23.64,75900
2007-11-30,25.0,25.0,23.61,23.82,105100
2007-12-03,24.23,24.23,23.71,23.77,120200
2007-12-04,23.6,23.63,23.57,23.6,103200
2007-12-05,23.6,23.9,23.6,23.89,108500
2007-12-06,24.31,24.31,23.83,23.88,1259400
2007-12-07,24.24,24.24,23.82,23.92,278000
2007-12-10,23.51,23.85,23.51,23.75,482100
2007-12-11,23.54,23.88,23.54,23.7,213600
2007-12-12,24.059999,24.059999,23.75,23.79,83600
2007-12-13,23.83,23.91,23.8,23.87,181700
2007-12-14,24.42,24.42,24.059999,24.17,312600
2007-12-17,24.37,24.37,24.02,24.17,188800
2007-12-18,23.99,24.02,23.93,23.94,174300
2007-12-19,24.0,24.059999,23.97,24.01,76900
2007-12-20,24.049999,24.09,24.01,24.049999,117800
2007-12-21,23.97,24.33,23.97,24.11,255400
2007-12-24,24.0,24.14,23.95,23.95,32700
2007-12-26,23.9,24.1,23.83,23.86,117500
2007-12-27,23.84,23.84,23.68,23.71,224700
2007-12-28,23.63,23.66,22.8,23.55,194700
2007-12-31,23.53,23.75,23.52,23.7,112600
2008-01-02,23.84,23.84,23.43,23.49,97700
2008-01-03,23.47,23.57,23.44,23.54,70000
2008-01-04,23.17,23.5,23.16,23.29,1094600
2008-01-07,23.6,23.62,23.51,23.52,313200
2008-01-08,23.56,23.57,23.4,23.49,86000
2008-01-09,23.46,23.83,23.46,23.67,98800
2008-01-10,23.82,23.82,23.41,23.44,131900
2008-01-11,23.41,23.55,23.41,23.55,34400
2008-01-14,23.45,23.45,23.35,23.43,128300
2008-01-15,23.15,23.48,23.13,23.41,153900
2008-01-16,23.48,23.71,23.44,23.7,322200
2008-01-17,23.76,23.76,23.56,23.66,86900
2008-01-18,23.69,23.74,23.67,23.73,102200
2008-01-22,23.67,23.88,23.61,23.77,169000
2008-01-23,24.0,24.0,23.6,23.7,158100
2008-01-24,23.55,23.61,23.45,23.5,135500
2008-01-25,23.58,23.66,23.52,23.56,161200
2008-01-28,23.56,23.57,23.38,23.41,378900
2008-01-29,23.19,23.5,23.19,23.4,240900
2008-01-30,23.6,23.65,23.26,23.26,47000
2008-01-31,23.25,23.48,23.25,23.44,443700
2008-02-01,23.6,23.6,23.39,23.53,209300
2008-02-04,23.28,23.51,23.28,23.49,225600
2008-02-05,23.65,23.76,23.44,23.74,298000
2008-02-06,23.7,23.74,23.66,23.74,180000
2008-02-07,24.02,24.02,23.85,23.97,231800
2008-02-08,23.97,23.97,23.83,23.9,187600
2008-02-11,23.99,23.99,23.8,23.85,155800
2008-02-12,23.66,23.78,23.66,23.77,72800
2008-02-13,23.77,23.87,23.77,23.81,118800
2008-02-14,23.9,23.9,23.66,23.73,166500
2008-02-15,23.65,23.73,23.59,23.73,141900
2008-02-19,23.75,23.75,23.59,23.69,108900
2008-02-20,23.92,23.92,23.53,23.7,144300
2008-02-21,23.79,23.79,23.46,23.53,109400
2008-02-22,23.46,23.49,23.26,23.26,224900
2008-02-25,23.41,23.5,23.35,23.38,55500
2008-02-26,23.27,23.38,23.2,23.22,176500
2008-02-27,23.2,23.2,23.01,23.07,176700
2008-02-28,23.049999,23.09,22.81,22.94,196600
2008-02-29,22.92,23.01,22.9,22.95,195300
2008-03-03,23.0,23.0,22.8,22.9,96300
2008-03-04,22.87,22.97,22.86,22.96,52300
2008-03-05,22.92,22.97,22.82,22.85,74200
2008-03-06,22.8,22.8,22.71,22.73,76300
2008-03-07,22.68,22.86,21.92,22.8,181600
2008-03-10,22.89,22.89,22.69,22.73,83700
2008-03-11,22.93,22.93,22.54,22.88,140500
2008-03-12,23.22,23.7,22.48,22.48,114300
2008-03-13,22.34,22.5,22.3,22.42,113600
2008-03-14,22.72,22.76,22.27,22.46,203500
2008-03-17,22.02,22.46,22.0,22.27,155700
2008-03-18,22.46,22.53,22.3,22.53,360700
2008-03-19,22.63,22.63,22.4,22.55,332100
2008-03-20,22.92,22.94,22.71,22.79,793700
2008-03-24,22.89,23.13,22.89,23.13,491100
2008-03-25,23.07,23.07,22.53,22.62,164400
2008-03-26,22.31,22.46,22.26,22.3,216300
2008-03-27,22.3,22.49,22.3,22.34,77400
2008-03-28,22.55,22.56,22.32,22.36,121400
2008-03-31,22.3,22.86,22.27,22.4,255500
2008-04-01,22.75,22.78,22.56,22.75,1428500
2008-04-02,22.81,22.81,22.5,22.53,306200
2008-04-03,22.36,22.65,22.36,22.61,504600
2008-04-04,22.61,22.61,22.31,22.39,1336500
2008-04-07,22.65,22.65,22.44,22.55,309100
2008-04-08,22.6,22.6,22.44,22.55,144200
2008-04-09,22.65,22.65,22.34,22.4,152500
2008-04-10,22.51,22.51,22.3,22.5,190300
2008-04-11,22.57,22.57,22.34,22.42,325700
2008-04-14,22.16,22.44,22.15,22.42,298700
2008-04-15,22.53,22.53,22.43,22.45,162000
2008-04-16,22.44,22.44,22.15,22.23,300400
2008-04-17,22.26,22.38,22.23,22.35,117300
2008-04-18,22.68,22.68,22.47,22.5,751500
2008-04-21,22.63,22.63,22.25,22.33,186600
2008-04-22,22.29,22.49,22.17,22.25,225900
2008-04-23,22.42,22.46,22.37,22.4,316900
2008-04-24,22.78,22.78,22.55,22.65,1365700
2008-04-25,22.83,22.83,22.57,22.71,924800
2008-04-28,22.81,22.81,22.61,22.68,1325200
2008-04-29,22.79,22.87,22.65,22.77,2241800
2008-04-30,22.85,22.85,22.55,22.61,3543000
2008-05-01,22.88,22.88,22.73,22.8,2696800
2008-05-02,22.95,22.95,22.86,22.92,2295700
2008-05-05,22.93,22.93,22.77,22.81,797000
2008-05-06,22.8,22.88,22.6,22.73,1646800
2008-05-07,22.89,22.94,22.87,22.88,1196300
2008-05-08,22.93,22.93,22.79,22.88,808000
2008-05-09,22.88,22.88,22.7,22.73,586000
2008-05-12,22.91,22.92,22.66,22.7,655500
2008-05-13,22.7,22.83,22.7,22.8,511200
2008-05-14,22.85,22.86,22.77,22.83,837400
2008-05-15,22.82,22.87,22.71,22.81,538200
2008-05-16,22.7,22.78,22.5,22.59,886700
2008-05-19,22.52,22.72,22.52,22.71,750200
2008-05-20,22.57,22.57,22.45,22.48,770400
2008-05-21,22.41,22.45,22.29,22.32,571700
2008-05-22,22.28,22.46,22.28,22.46,339100
2008-05-23,22.34,22.38,22.3,22.33,255500
2008-05-27,22.41,22.5,22.41,22.46,476300
2008-05-28,22.66,22.66,22.48,22.56,331400
2008-05-29,22.66,22.75,22.61,22.74,835300
2008-05-30,22.79,22.79,22.64,22.71,571300
2008-06-02,22.75,22.75,22.62,22.68,238200
2008-06-03,22.75,22.84,22.74,22.8,725600
2008-06-04,22.84,22.87,22.76,22.86,606500
2008-06-05,22.88,22.88,22.68,22.75,1365200
2008-06-06,22.62,22.65,22.46,22.49,664300
2008-06-09,22.43,22.68,22.43,22.68,338500
2008-06-10,22.81,22.92,22.78,22.92,760700
2008-06-11,22.9,22.9,22.7,22.77,589800
2008-06-12,22.93,23.0,22.88,22.96,854800
2008-06-13,23.049999,23.07,22.99,22.99,1118800
2008-06-16,22.97,22.97,22.81,22.89,570800
2008-06-17,22.88,22.88,22.81,22.84,278500
2008-06-18,22.78,22.89,22.78,22.82,387100
2008-06-19,22.85,22.89,22.8,22.84,299500
2008-06-20,22.81,22.81,22.63,22.69,350700
2008-06-23,22.85,22.86,22.77,22.82,379200
2008-06-24,22.75,22.8,22.66,22.76,770400
2008-06-25,22.78,22.8,22.6,22.65,490800
2008-06-26,22.54,22.57,22.37,22.51,755400
2008-06-27,22.46,22.52,22.39,22.44,445300
2008-06-30,22.48,22.51,22.39,22.49,359900
2008-07-01,22.55,22.55,22.36,22.47,331700
2008-07-02,22.39,22.4,22.32,22.36,198000
2008-07-03,22.63,22.63,22.46,22.58,256900
2008-07-07,22.62,22.71,22.5,22.56,445400
2008-07-08,22.52,22.67,22.52,22.66,267900
2008-07-09,22.74,22.74,22.49,22.5,227600
2008-07-10,22.44,22.56,22.44,22.48,295300
2008-07-11,22.36,22.4,22.23,22.33,883400
2008-07-14,22.56,22.56,22.1,22.29,665700
2008-07-15,22.11,22.29,22.1,22.27,1314400
2008-07-16,22.25,22.39,22.15,22.38,357000
2008-07-17,22.45,22.48,22.27,22.42,415100
2008-07-18,22.4,22.46,22.36,22.42,319600
2008-07-21,22.4,22.42,22.31,22.34,117400
2008-07-22,22.2,22.5,22.2,22.5,272100
2008-07-23,22.52,22.61,22.5,22.59,291500
2008-07-24,22.58,22.64,22.54,22.57,216100
2008-07-25,22.55,22.62,22.55,22.6,144200
2008-07-28,22.6,22.6,22.49,22.55,159300
2008-07-29,22.56,22.77,22.56,22.74,465600
2008-07-30,22.87,22.87,22.69,22.72,457000
2008-07-31,22.6,22.86,22.52,22.72,201500
2008-08-01,22.85,22.85,22.69,22.79,412300
2008-08-04,22.82,22.82,22.7,22.8,170100
2008-08-05,22.88,23.040001,22.87,22.97,922400
2008-08-06,23.02,23.07,22.98,23.040001,957900
2008-08-07,23.0,23.16,23.0,23.16,1697100
2008-08-08,23.59,23.9,23.45,23.53,2911000
2008-08-11,23.7,23.8,23.48,23.66,2393100
2008-08-12,23.64,23.68,23.56,23.61,1078400
2008-08-13,23.6,23.69,23.41,23.61,1106600
2008-08-14,23.67,23.79,23.59,23.75,969500
2008-08-15,23.88,23.94,23.82,23.93,1891900
2008-08-18,23.9,23.9,23.79,23.86,1111500
2008-08-19,23.9,23.9,23.72,23.75,899500
2008-08-20,23.82,23.9,23.76,23.82,570300
2008-08-21,23.6,23.64,23.52,23.55,985000
2008-08-22,23.67,23.79,23.67,23.79,703400
2008-08-25,23.73,23.78,23.68,23.78,492500
2008-08-26,23.9,23.94,23.86,23.92,1442900
2008-08-27,23.8,23.92,23.78,23.85,1064500
2008-08-28,23.73,23.93,23.72,23.93,977500
2008-08-29,23.83,23.96,23.82,23.94,557400
2008-09-02,24.2,24.22,24.08,24.17,4217400
2008-09-03,24.19,24.24,24.13,24.15,2612800
2008-09-04,24.14,24.35,24.14,24.34,2249100
2008-09-05,24.3,24.43,24.26,24.43,2403800
2008-09-08,24.47,24.75,24.43,24.56,3389300
2008-09-09,24.63,24.65,24.39,24.57,2818700
2008-09-10,24.55,24.73,24.52,24.73,1179600
2008-09-11,24.83,24.83,24.75,24.8,1997400
2008-09-12,24.5,24.55,24.33,24.33,2134700
2008-09-15,24.31,24.36,23.79,24.11,3414700
2008-09-16,24.13,24.51,23.96,24.46,1613200
2008-09-17,24.4,24.4,23.9,23.93,1605500
2008-09-18,23.74,24.09,23.7,24.030001,2039600
2008-09-19,23.86,24.08,23.65,23.84,2924700
2008-09-22,23.46,23.97,22.79,23.3,6980400
2008-09-23,23.23,23.62,23.23,23.45,1320600
2008-09-24,23.28,23.7,23.28,23.68,646400
2008-09-25,23.4,23.76,23.35,23.64,1124400
2008-09-26,23.49,23.67,23.49,23.64,725700
2008-09-29,23.71,23.94,23.52,23.82,840500
2008-09-30,24.01,24.48,24.0,24.44,679900
2008-10-01,24.8,24.8,24.35,24.54,679100
2008-10-02,24.97,25.47,24.7,24.88,1859100
2008-10-03,25.02,25.02,24.6,24.78,797800
2008-10-06,25.01,25.23,24.96,25.08,1779800
2008-10-07,24.81,25.040001,24.74,24.9,1067200
2008-10-08,24.77,25.059999,24.68,24.82,1246700
2008-10-09,24.77,24.99,24.76,24.95,650200
2008-10-10,24.95,25.52,24.84,24.99,1533300
2008-10-13,24.95,25.1,24.66,24.97,1838900
2008-10-14,24.94,25.01,24.74,24.96,1099500
2008-10-15,25.08,25.27,25.0,25.25,557100
2008-10-16,25.79,25.79,25.28,25.38,497600
2008-10-17,25.35,25.46,25.3,25.42,535100
2008-10-20,25.51,25.64,25.46,25.62,489500
2008-10-21,25.74,26.040001,25.71,26.040001,751700
2008-10-22,26.36,26.49,26.27,26.35,1315200
2008-10-23,26.45,26.48,26.15,26.2,1329300
2008-10-24,26.6,26.88,26.38,26.88,911700
2008-10-27,27.19,27.19,26.7,26.88,949300
2008-10-28,26.98,27.030001,26.57,26.57,1148000
2008-10-29,26.41,26.42,26.01,26.14,1968800
2008-10-30,26.02,26.31,25.92,26.11,1491800
2008-10-31,26.48,26.62,26.4,26.5,723300
2008-11-03,26.47,26.69,26.4,26.63,697100
2008-11-04,26.33,26.34,26.040001,26.07,1084300
2008-11-05,26.12,26.19,25.86,26.16,601400
2008-11-06,26.38,26.55,26.22,26.53,845100
2008-11-07,26.4,26.51,26.31,26.47,279700
2008-11-10,26.31,26.52,26.29,26.49,408100
2008-11-11,26.54,26.9,26.52,26.9,732700
2008-11-12,26.9,27.0,26.82,26.96,727200
2008-11-13,26.97,27.07,26.52,26.53,858400
2008-11-14,26.72,26.77,26.56,26.75,425400
2008-11-17,26.77,26.78,26.6,26.73,321500
2008-11-18,26.75,26.88,26.67,26.81,559000
2008-11-19,26.57,26.94,26.45,26.9,672600
2008-11-20,26.86,27.09,26.84,27.08,1364100
2008-11-21,26.87,27.15,26.85,26.95,811800
2008-11-24,26.53,26.55,26.28,26.29,1552400
2008-11-25,26.049999,26.23,25.96,25.98,1348600
2008-11-26,26.2,26.4,26.13,26.27,590800
2008-11-28,26.52,26.62,26.45,26.55,293600
2008-12-01,26.66,26.76,26.56,26.7,723500
2008-12-02,26.53,26.62,26.44,26.55,338500
2008-12-03,26.72,26.72,26.58,26.59,694900
2008-12-04,26.65,26.7,26.37,26.52,707600
2008-12-05,26.66,26.8,26.6,26.63,389000
2008-12-08,26.28,26.33,26.17,26.18,699000
2008-12-09,26.39,26.43,26.12,26.25,652300
2008-12-10,26.16,26.2,26.049999,26.1,492800
2008-12-11,25.21,25.73,24.07,25.52,2303800
2008-12-12,25.36,25.62,25.36,25.46,854300
2008-12-15,25.059999,25.09,24.81,24.85,1893300
2008-12-16,24.25,24.88,24.18,24.25,2074300
2008-12-17,24.22,24.28,23.89,23.96,1866600
2008-12-18,23.98,24.43,23.97,24.37,1063300
2008-12-19,24.67,24.89,24.66,24.74,606100
2008-12-22,24.64,24.79,24.62,24.73,712200
2008-12-23,24.67,24.79,24.65,24.71,693500
2008-12-24,24.65,24.73,24.63,24.7,133700
2008-12-26,24.62,24.64,24.54,24.57,165000
2008-12-29,24.29,24.71,24.28,24.69,592200
2008-12-30,24.52,24.61,24.48,24.58,221000
2008-12-31,24.71,24.85,24.66,24.69,365700
2009-01-02,24.82,24.93,24.66,24.92,318200
2009-01-05,25.19,25.23,25.11,25.19,737100
2009-01-06,25.4,25.46,25.13,25.15,994500
2009-01-07,24.93,25.040001,24.82,24.99,613400
2009-01-08,24.71,24.83,24.7,24.74,518200
2009-01-09,24.98,25.14,24.94,25.12,712800
2009-01-12,25.18,25.31,25.14,25.24,915100
2009-01-13,25.54,25.61,25.46,25.53,1041600
2009-01-14,25.68,25.68,25.54,25.63,1083200
2009-01-15,25.63,25.81,25.55,25.62,570600
2009-01-16,25.31,25.52,25.29,25.4,358200
2009-01-20,26.09,26.15,26.0,26.13,671800
2009-01-21,26.040001,26.17,25.85,25.9,917100
2009-01-22,26.01,26.040001,25.85,25.88,492100
2009-01-23,26.1,26.22,25.81,25.87,611800
2009-01-26,25.65,25.68,25.48,25.53,585600
2009-01-27,25.49,25.62,25.46,25.5,312200
2009-01-28,25.32,25.67,25.31,25.59,540000
2009-01-29,25.53,25.8,25.53,25.79,368000
2009-01-30,25.83,26.0,25.83,25.95,671200
2009-02-02,26.07,26.08,25.86,25.93,681600
2009-02-03,25.79,25.82,25.58,25.61,730100
2009-02-04,25.82,25.91,25.71,25.85,360400
2009-02-05,25.86,25.95,25.8,25.93,306000
2009-02-06,25.88,25.89,25.63,25.71,558700
2009-02-09,25.47,25.57,25.42,25.54,715500
2009-02-10,25.63,25.91,25.52,25.84,616200
2009-02-11,25.8,25.98,25.73,25.88,280000
2009-02-12,26.059999,26.15,25.95,25.98,453000
2009-02-13,25.95,25.99,25.86,25.9,371100
2009-02-17,26.38,26.48,26.33,26.41,473600
2009-02-18,26.48,26.58,26.44,26.53,575900
2009-02-19,26.19,26.4,26.18,26.38,345900
2009-02-20,26.54,26.54,25.94,26.01,722500
2009-02-23,26.13,26.26,26.07,26.25,432200
2009-02-24,26.29,26.36,26.09,26.11,1189400
2009-02-25,26.24,26.45,26.23,26.43,522800
2009-02-26,26.31,26.41,26.29,26.41,432300
2009-02-27,26.55,26.59,26.4,26.48,418400
2009-03-02,26.66,26.75,26.63,26.75,770000
2009-03-03,26.67,26.83,26.63,26.74,677500
2009-03-04,26.75,26.78,26.55,26.59,366600
2009-03-05,26.81,26.83,26.68,26.73,337100
2009-03-06,26.44,26.67,26.38,26.6,818500
2009-03-09,26.83,26.83,26.66,26.75,423200
2009-03-10,26.45,26.72,26.37,26.6,540800
2009-03-11,26.38,26.47,26.24,26.31,808400
2009-03-12,26.39,26.57,26.17,26.18,471500
2009-03-13,26.19,26.28,26.16,26.21,1653800
2009-03-16,25.99,26.14,25.99,26.13,668300
2009-03-17,26.17,26.21,26.040001,26.09,246700
2009-03-18,25.87,25.94,25.23,25.25,1188400
2009-03-19,24.9,25.040001,24.8,24.95,1708400
2009-03-20,25.09,25.24,25.030001,25.16,575500
2009-03-23,25.18,25.28,25.0,25.030001,559000
2009-03-24,25.22,25.31,25.11,25.31,411200
2009-03-25,25.26,25.3,24.98,25.11,516900
2009-03-26,25.12,25.3,25.12,25.27,228300
2009-03-27,25.55,25.63,25.51,25.57,386600
2009-03-30,25.79,25.84,25.7,25.73,738100
2009-03-31,25.6,25.73,25.58,25.64,341400
2009-04-01,25.65,25.75,25.63,25.66,291400
2009-04-02,25.38,25.39,25.21,25.32,633400
2009-04-03,25.36,25.38,25.24,25.24,543600
2009-04-06,25.26,25.45,25.26,25.36,357300
2009-04-07,25.52,25.6,25.5,25.55,674800
2009-04-08,25.56,25.63,25.47,25.56,274200
2009-04-09,25.51,25.73,25.49,25.66,339400
2009-04-13,25.51,25.52,25.28,25.32,400200
2009-04-14,25.41,25.45,25.33,25.38,209300
2009-04-15,25.54,25.56,25.41,25.42,120000
2009-04-16,25.43,25.6,25.43,25.51,127000
2009-04-17,25.69,25.77,25.68,25.77,577800
2009-04-20,25.89,26.02,25.87,25.97,377800
2009-04-21,25.95,25.96,25.83,25.91,129800
2009-04-22,25.87,25.87,25.77,25.84,150000
2009-04-23,25.82,25.82,25.53,25.55,214100
2009-04-24,25.32,25.37,25.27,25.35,344200
2009-04-27,25.52,25.69,25.44,25.65,287100
2009-04-28,25.6,25.62,25.44,25.49,229900
2009-04-29,25.33,25.35,25.17,25.31,534100
2009-04-30,25.36,25.41,25.28,25.34,114600
2009-05-01,25.31,25.34,25.27,25.28,193300
2009-05-04,25.26,25.29,25.030001,25.049999,383600
2009-05-05,24.98,25.2,24.98,25.13,521100
2009-05-06,25.07,25.21,25.049999,25.08,177800
2009-05-07,25.0,25.14,24.93,25.08,274400
2009-05-08,24.9,24.95,24.56,24.63,779900
2009-05-11,24.75,24.76,24.66,24.76,225200
2009-05-12,24.57,24.69,24.56,24.63,479000
2009-05-13,24.68,24.74,24.62,24.72,224100
2009-05-14,24.72,24.73,24.58,24.64,374700
2009-05-15,24.66,24.85,24.59,24.81,337900
2009-05-18,24.72,24.79,24.66,24.68,273700
2009-05-19,24.6,24.63,24.47,24.55,272200
2009-05-20,24.42,24.42,24.19,24.25,775800
2009-05-21,24.28,24.32,24.030001,24.09,612600
2009-05-22,23.94,23.99,23.87,23.92,901900
2009-05-26,24.09,24.11,23.93,23.97,387800
2009-05-27,23.93,24.1,23.93,24.049999,434000
2009-05-28,24.1,24.14,24.0,24.07,427500
2009-05-29,23.79,23.84,23.7,23.73,717300
2009-06-01,23.61,23.71,23.55,23.67,1017800
2009-06-02,23.58,23.62,23.43,23.45,861600
2009-06-03,23.66,23.83,23.64,23.8,1080100
2009-06-04,23.81,23.84,23.68,23.75,780000
2009-06-05,23.96,24.18,23.96,24.16,1046600
2009-06-08,24.22,24.31,24.12,24.17,1448000
2009-06-09,23.97,24.0,23.82,23.86,537000
2009-06-10,23.87,24.12,23.86,24.0,586800
2009-06-11,23.92,23.92,23.68,23.76,511100
2009-06-12,23.98,24.059999,23.9,23.99,451200
2009-06-15,24.12,24.43,24.12,24.43,1460600
2009-06-16,24.11,24.14,24.01,24.11,837700
2009-06-17,24.09,24.15,23.91,23.97,595400
2009-06-18,23.98,24.13,23.93,24.08,257800
2009-06-19,24.049999,24.059999,23.88,23.97,516000
2009-06-22,24.15,24.17,24.059999,24.13,559400
2009-06-23,23.96,23.99,23.78,23.85,640000
2009-06-24,23.81,24.11,23.81,23.99,835300
2009-06-25,24.1,24.15,23.94,23.97,470000
2009-06-26,23.8,23.86,23.74,23.83,439700
2009-06-29,23.82,23.86,23.79,23.81,313100
2009-06-30,23.83,23.96,23.83,23.9,215300
2009-07-01,23.7,23.78,23.64,23.78,918700
2009-07-02,23.87,23.94,23.87,23.91,346800
2009-07-06,24.08,24.08,23.94,23.95,358800
2009-07-07,23.95,24.059999,23.92,24.049999,446900
2009-07-08,24.040001,24.1,24.0,24.02,332200
2009-07-09,23.84,23.9,23.74,23.82,768700
2009-07-10,23.96,23.96,23.86,23.88,294200
2009-07-13,23.89,23.96,23.82,23.84,264000
2009-07-14,23.79,23.9,23.78,23.86,286600
2009-07-15,23.65,23.69,23.59,23.63,996500
2009-07-16,23.59,23.64,23.57,23.61,520800
2009-07-17,23.64,23.69,23.61,23.66,197100
2009-07-20,23.48,23.55,23.45,23.5,481600
2009-07-21,23.42,23.56,23.39,23.51,1464100
2009-07-22,23.52,23.54,23.4,23.47,257500
2009-07-23,23.51,23.52,23.35,23.47,337900
2009-07-24,23.44,23.49,23.41,23.44,131600
2009-07-27,23.4,23.47,23.38,23.42,284800
2009-07-28,23.48,23.56,23.45,23.49,852200
2009-07-29,23.56,23.73,23.55,23.66,754400
2009-07-30,23.61,23.68,23.58,23.63,557300
2009-07-31,23.54,23.54,23.28,23.32,1076700
2009-08-03,23.2,23.23,23.07,23.13,916500
2009-08-04,23.12,23.17,23.08,23.13,516700
2009-08-05,23.12,23.18,23.040001,23.1,800900
2009-08-06,23.15,23.27,23.15,23.21,1258900
2009-08-07,23.34,23.55,23.3,23.48,1820500
2009-08-10,23.54,23.63,23.5,23.56,2331900
2009-08-11,23.6,23.62,23.52,23.58,1350900
2009-08-12,23.54,23.59,23.4,23.47,1706000
2009-08-13,23.34,23.37,23.29,23.36,867400
2009-08-14,23.3,23.5,23.3,23.45,775200
2009-08-17,23.63,23.68,23.58,23.59,2538400
2009-08-18,23.62,23.62,23.48,23.53,1729900
2009-08-19,23.54,23.55,23.3,23.38,1064400
2009-08-20,23.4,23.41,23.29,23.31,652700
2009-08-21,23.19,23.3,23.13,23.23,880600
2009-08-24,23.23,23.3,23.21,23.28,1089500
2009-08-25,23.21,23.29,23.18,23.28,685100
2009-08-26,23.38,23.45,23.37,23.37,1010000
2009-08-27,23.38,23.42,23.14,23.24,879300
2009-08-28,23.18,23.32,23.16,23.28,1452400
2009-08-31,23.34,23.35,23.19,23.26,944800
2009-09-01,23.31,23.49,23.24,23.41,2118400
2009-09-02,23.41,23.44,23.27,23.32,2107300
2009-09-03,23.27,23.36,23.27,23.34,821000
2009-09-04,23.37,23.39,23.2,23.25,1273800
2009-09-08,22.98,22.99,22.9,22.99,2140600
2009-09-09,22.88,22.94,22.83,22.91,1904000
2009-09-10,22.89,22.97,22.8,22.86,1325900
2009-09-11,22.77,22.85,22.73,22.81,1558500
2009-09-14,22.86,22.86,22.75,22.79,1119700
2009-09-15,22.85,22.88,22.71,22.71,1399900
2009-09-16,22.71,22.76,22.64,22.64,1243000
2009-09-17,22.69,22.72,22.61,22.68,1339800
2009-09-18,22.71,22.79,22.68,22.76,3574400
2009-09-21,22.91,23.17,22.78,22.84,2285600
2009-09-22,22.62,22.67,22.59,22.6,3452500
2009-09-23,22.64,22.72,22.54,22.7,2267600
2009-09-24,22.69,22.9,22.66,22.87,4276300
2009-09-25,22.85,22.86,22.73,22.81,1945500
2009-09-28,22.86,22.9,22.77,22.88,1531300
2009-09-29,22.94,23.0,22.91,22.92,1740900
2009-09-30,22.81,22.88,22.74,22.79,1564000
2009-10-01,22.86,22.96,22.84,22.95,1340700
2009-10-02,22.92,22.92,22.78,22.9,2019600
2009-10-05,22.85,22.87,22.76,22.77,795600
2009-10-06,22.7,22.7,22.6,22.67,2633500
2009-10-07,22.7,22.75,22.67,22.69,1319200
2009-10-08,22.6,22.66,22.49,22.54,4580500
2009-10-09,22.63,22.74,22.62,22.72,2509300
2009-10-12,22.62,22.64,22.57,22.62,1555900
2009-10-13,22.56,22.61,22.51,22.57,3072700
2009-10-14,22.44,22.48,22.37,22.4,4504800
2009-10-15,22.44,22.46,22.37,22.41,1935200
2009-10-16,22.49,22.52,22.44,22.47,1991300
2009-10-19,22.46,22.47,22.35,22.36,1616700
2009-10-20,22.35,22.52,22.34,22.46,3970700
2009-10-21,22.4,22.4,22.26,22.32,3670600
2009-10-22,22.39,22.43,22.29,22.31,2454600
2009-10-23,22.38,22.44,22.34,22.43,3610500
2009-10-26,22.41,22.61,22.36,22.58,6861400
2009-10-27,22.58,22.67,22.55,22.64,5984700
2009-10-28,22.63,22.75,22.59,22.73,6781100
2009-10-29,22.62,22.63,22.52,22.57,4342500
2009-10-30,22.61,22.7,22.59,22.7,5804400
2009-11-02,22.63,22.7,22.54,22.62,4952000
2009-11-03,22.81,22.81,22.64,22.68,5590000
2009-11-04,22.58,22.59,22.45,22.51,10913500
2009-11-05,22.5,23.15,22.45,22.94,13281500
2009-11-06,22.99,22.99,22.74,22.83,6841400
2009-11-09,22.67,22.67,22.49,22.54,3541300
2009-11-10,22.58,22.58,22.25,22.44,5252000
2009-11-11,22.36,22.58,22.32,22.48,4285400
2009-11-12,22.61,22.94,22.54,22.8,7572000
2009-11-13,22.41,22.45,22.3,22.32,8880100
2009-11-16,22.26,22.35,22.15,22.22,6236600
2009-11-17,22.35,22.44,22.33,22.36,5152400
2009-11-18,22.25,22.32,22.22,22.28,3051000
2009-11-19,22.37,22.42,22.33,22.35,3793100
2009-11-20,22.49,22.49,22.41,22.44,4063500
2009-11-23,22.25,22.3,22.22,22.27,3869700
2009-11-24,22.27,22.34,22.25,22.29,3221600
2009-11-25,22.13,22.16,22.02,22.030001,6839000
2009-11-27,22.4,22.41,22.22,22.26,5706700
2009-11-30,22.22,22.23,22.14,22.17,3144300
2009-12-01,22.049999,22.09,22.02,22.07,4075000
2009-12-02,22.08,22.16,22.059999,22.14,3581100
2009-12-03,22.17,22.17,22.11,22.15,2810700
2009-12-04,22.3,22.52,22.27,22.48,12900300
2009-12-07,22.54,22.54,22.36,22.48,6668900
2009-12-08,22.51,22.62,22.5,22.59,6778700
2009-12-09,22.56,22.6,22.47,22.5,4979000
2009-12-10,22.49,22.56,22.46,22.5,2473500
2009-12-11,22.63,22.74,22.62,22.68,15164200
2009-12-14,22.65,22.67,22.6,22.63,4768100
2009-12-15,22.76,22.84,22.75,22.79,14616400
2009-12-16,22.76,22.81,22.67,22.77,5668900
2009-12-17,22.97,23.049999,22.96,23.01,11718000
2009-12-18,23.01,23.2,23.01,23.01,13168800
2009-12-21,22.97,23.11,22.97,23.08,6847200
2009-12-22,23.08,23.19,23.059999,23.16,7170900
2009-12-23,23.09,23.12,22.98,23.030001,4524400
2009-12-24,22.99,23.040001,22.99,23.030001,1335200
2009-12-28,22.96,22.99,22.94,22.97,2958200
2009-12-29,22.91,23.049999,22.89,23.040001,3863900
2009-12-30,23.1,23.13,23.01,23.040001,3216900
2009-12-31,22.98,23.09,22.96,23.08,2822600
2010-01-04,22.87,22.93,22.84,22.92,5083600
2010-01-05,22.89,22.96,22.84,22.91,6185000
2010-01-06,22.95,22.97,22.83,22.85,5693300
2010-01-07,22.96,23.030001,22.96,23.0,5844100
2010-01-08,22.89,23.030001,22.83,22.84,7371900
2010-01-11,22.74,22.75,22.65,22.72,8037200
2010-01-12,22.72,22.73,22.63,22.72,10486900
2010-01-13,22.63,22.72,22.62,22.7,4659400
2010-01-14,22.68,22.71,22.6,22.64,7799800
2010-01-15,22.75,22.83,22.75,22.77,3053400
2010-01-19,22.86,22.91,22.83,22.84,3527200
2010-01-20,23.07,23.15,23.059999,23.12,8332600
2010-01-21,23.16,23.21,23.040001,23.12,7817500
2010-01-22,23.12,23.16,23.02,23.08,3961500
2010-01-25,23.1,23.1,23.030001,23.049999,4221400
2010-01-26,23.18,23.19,23.1,23.15,7508800
2010-01-27,23.17,23.26,23.13,23.23,7955000
2010-01-28,23.23,23.29,23.22,23.27,5930300
2010-01-29,23.35,23.45,23.33,23.45,8886700
2010-02-01,23.36,23.41,23.34,23.35,5346900
2010-02-02,23.32,23.34,23.27,23.27,4624700
2010-02-03,23.33,23.43,23.31,23.4,7748900
2010-02-04,23.5,23.56,23.48,23.55,9522800
2010-02-05,23.62,23.77,23.61,23.65,17374200
2010-02-08,23.64,23.67,23.58,23.64,10965400
2010-02-09,23.55,23.63,23.41,23.49,11684600
2010-02-10,23.55,23.64,23.52,23.56,6164200
2010-02-11,23.6,23.69,23.52,23.55,6182500
2010-02-12,23.7,23.74,23.61,23.63,4336300
2010-02-16,23.59,23.6,23.41,23.43,5956700
2010-02-17,23.53,23.68,23.51,23.65,4796600
2010-02-18,23.65,23.73,23.57,23.65,3961800
2010-02-19,23.83,23.88,23.69,23.72,5482400
2010-02-22,23.66,23.72,23.64,23.68,3619000
2010-02-23,23.73,23.81,23.68,23.81,3647400
2010-02-24,23.74,23.78,23.62,23.76,5542600
2010-02-25,23.85,23.85,23.7,23.71,4687800
2010-02-26,23.71,23.74,23.56,23.64,4837100
2010-03-01,23.79,23.89,23.7,23.72,6130600
2010-03-02,23.71,23.78,23.62,23.65,4698800
2010-03-03,23.6,23.62,23.45,23.51,6455000
2010-03-04,23.57,23.7,23.56,23.64,4037300
2010-03-05,23.7,23.72,23.62,23.63,3555100
2010-03-08,23.54,23.66,23.53,23.62,4168100
2010-03-09,23.7,23.71,23.63,23.66,2696900
2010-03-10,23.67,23.69,23.58,23.62,2315800
2010-03-11,23.62,23.66,23.56,23.57,3525800
2010-03-12,23.47,23.5,23.41,23.42,5689400
2010-03-15,23.51,23.6,23.5,23.55,3116600
2010-03-16,23.47,23.49,23.38,23.38,5086700
2010-03-17,23.4,23.44,23.34,23.39,4740400
2010-03-18,23.47,23.61,23.45,23.55,5246900
2010-03-19,23.71,23.75,23.63,23.71,6911200
2010-03-22,23.78,23.79,23.64,23.65,4476300
2010-03-23,23.73,23.75,23.64,23.73,3182100
2010-03-24,24.0,24.049999,23.94,24.049999,6944000
2010-03-25,24.01,24.14,23.96,24.13,7722800
2010-03-26,24.049999,24.07,23.94,23.96,3919600
2010-03-29,23.9,23.92,23.84,23.84,3267200
2010-03-30,23.84,23.94,23.83,23.93,6498400
2010-03-31,23.79,23.81,23.73,23.8,3890100
2010-04-01,23.78,23.8,23.66,23.66,3173700
2010-04-05,23.75,23.8,23.72,23.78,1792100
2010-04-06,23.89,23.91,23.84,23.85,3353700
2010-04-07,23.92,23.93,23.85,23.9,6376200
2010-04-08,23.95,23.97,23.87,23.88,4863200
2010-04-09,23.86,23.87,23.7,23.7,6529400
2010-04-12,23.61,23.63,23.57,23.6,5244300
2010-04-13,23.55,23.65,23.54,23.6,3626800
2010-04-14,23.53,23.57,23.44,23.48,11851800
2010-04-15,23.59,23.62,23.55,23.57,1795100
2010-04-16,23.64,23.7,23.6,23.65,3078000
2010-04-19,23.77,23.79,23.69,23.69,1276100
2010-04-20,23.7,23.75,23.69,23.73,1551600
2010-04-21,23.75,23.82,23.75,23.78,3057400
2010-04-22,23.85,23.95,23.85,23.89,2696600
2010-04-23,23.99,23.99,23.81,23.84,2684800
2010-04-26,23.89,23.92,23.83,23.83,1501400
2010-04-27,23.95,24.12,23.88,24.12,5873800
2010-04-28,24.08,24.22,24.07,24.11,3993200
2010-04-29,24.059999,24.08,23.98,24.0,1994200
2010-04-30,23.92,24.030001,23.91,23.96,1674000
2010-05-03,24.059999,24.16,24.049999,24.11,1618200
2010-05-04,24.29,24.39,24.29,24.38,5771400
2010-05-05,24.66,24.66,24.5,24.61,22279700
2010-05-06,24.75,24.95,24.66,24.81,10922000
2010-05-07,24.81,24.91,24.66,24.7,7668700
2010-05-10,24.47,24.69,24.43,24.64,7777100
2010-05-11,24.72,24.77,24.64,24.75,3656300
2010-05-12,24.75,24.83,24.69,24.82,3318500
2010-05-13,24.91,24.97,24.85,24.96,3893000
2010-05-14,25.02,25.23,25.01,25.19,5043500
2010-05-17,25.23,25.37,25.16,25.19,3893700
2010-05-18,25.12,25.54,25.11,25.46,6966500
2010-05-19,25.38,25.41,25.2,25.22,7345400
2010-05-20,25.31,25.37,24.96,25.09,9121600
2010-05-21,25.049999,25.08,24.94,24.98,6179500
2010-05-24,25.22,25.28,25.17,25.23,2736000
2010-05-25,25.48,25.5,25.29,25.3,6295400
2010-05-26,25.38,25.49,25.34,25.47,3516700
2010-05-27,25.38,25.45,25.15,25.2,3287800
2010-05-28,25.21,25.34,25.18,25.34,2520300
2010-06-01,25.42,25.43,25.16,25.35,2820800
2010-06-02,25.38,25.45,25.31,25.34,3214000
2010-06-03,25.33,25.49,25.32,25.47,4739300
2010-06-04,25.62,25.78,25.58,25.77,3850400
2010-06-07,25.8,25.84,25.74,25.83,2386800
2010-06-08,25.79,25.82,25.67,25.75,3156000
2010-06-09,25.58,25.66,25.5,25.65,3190700
2010-06-10,25.44,25.47,25.36,25.38,3290400
2010-06-11,25.48,25.56,25.41,25.46,2557600
2010-06-14,25.17,25.24,25.1,25.23,4114000
2010-06-15,25.1,25.15,25.01,25.02,3993800
2010-06-16,25.09,25.11,25.02,25.1,2259100
2010-06-17,24.94,25.02,24.9,24.95,2443900
2010-06-18,24.95,24.98,24.92,24.94,2724000
2010-06-21,24.92,25.059999,24.89,25.030001,3589200
2010-06-22,25.030001,25.09,24.98,25.07,2555800
2010-06-23,25.09,25.16,24.93,24.97,1969000
2010-06-24,24.97,25.0,24.87,24.97,1669700
2010-06-25,24.98,25.0,24.82,24.83,2246300
2010-06-28,24.88,24.97,24.85,24.96,2390300
2010-06-29,25.07,25.13,25.030001,25.08,2982500
2010-06-30,25.040001,25.059999,24.95,25.059999,1887000
2010-07-01,24.8,24.8,24.56,24.6,5147100
2010-07-02,24.52,24.61,24.5,24.57,3738500
2010-07-06,24.5,24.55,24.39,24.49,5670200
2010-07-07,24.48,24.49,24.37,24.41,2385100
2010-07-08,24.38,24.44,24.36,24.38,2430200
2010-07-09,24.44,24.45,24.4,24.44,1964800
2010-07-12,24.53,24.55,24.49,24.51,1727600
2010-07-13,24.41,24.41,24.25,24.3,4354600
2010-07-14,24.31,24.32,24.19,24.25,2252600
2010-07-15,24.07,24.08,23.95,23.97,5089100
2010-07-16,23.93,24.030001,23.92,24.01,3920400
2010-07-19,24.01,24.040001,23.97,24.030001,1528600
2010-07-20,24.14,24.14,24.040001,24.07,4164000
2010-07-21,24.13,24.28,24.13,24.23,2954800
2010-07-22,24.09,24.11,23.99,24.030001,1705400
2010-07-23,24.12,24.15,23.97,23.99,2370600
2010-07-26,23.93,23.96,23.84,23.86,2145700
2010-07-27,23.87,23.96,23.86,23.9,1691900
2010-07-28,23.88,23.9,23.82,23.89,2006900
2010-07-29,23.73,23.76,23.69,23.73,2504100
2010-07-30,23.8,23.8,23.68,23.74,1285200
2010-08-02,23.6,23.61,23.49,23.52,2919300
2010-08-03,23.45,23.5,23.41,23.42,2652500
2010-08-04,23.45,23.59,23.44,23.55,6548500
2010-08-05,23.51,23.56,23.47,23.47,3025400
2010-08-06,23.37,23.39,23.28,23.35,2938500
2010-08-09,23.42,23.48,23.41,23.47,1497300
2010-08-10,23.64,23.7,23.45,23.52,3830200
2010-08-11,23.79,23.96,23.78,23.93,7122600
2010-08-12,23.99,24.030001,23.95,24.01,4587500
2010-08-13,24.030001,24.11,23.98,24.11,2758600
2010-08-16,23.98,23.99,23.9,23.96,1788300
2010-08-17,23.88,23.96,23.86,23.88,2259000
2010-08-18,23.85,23.93,23.84,23.91,1187100
2010-08-19,23.86,24.0,23.82,23.96,1582100
2010-08-20,24.15,24.21,24.12,24.13,4274600
2010-08-23,24.12,24.19,24.07,24.18,3078500
2010-08-24,24.21,24.22,24.049999,24.14,4447000
2010-08-25,24.19,24.22,24.12,24.18,2598500
2010-08-26,24.08,24.1,23.98,24.030001,3139400
2010-08-27,24.08,24.14,23.99,24.07,4012200
2010-08-30,24.07,24.15,24.049999,24.14,1738200
2010-08-31,24.08,24.15,24.049999,24.12,1783400
2010-09-01,23.9,23.95,23.88,23.93,3436700
2010-09-02,23.92,23.97,23.9,23.91,1842500
2010-09-03,23.89,23.89,23.79,23.79,2943600
2010-09-07,23.94,24.049999,23.92,24.040001,1444600
2010-09-08,24.0,24.0,23.9,23.96,1817900
2010-09-09,23.91,24.0,23.9,23.96,1564100
2010-09-10,23.99,24.02,23.95,23.98,616300
2010-09-13,23.81,23.82,23.7,23.72,1699300
2010-09-14,23.73,23.74,23.48,23.52,2215500
2010-09-15,23.63,23.67,23.56,23.62,1103300
2010-09-16,23.55,23.6,23.5,23.54,4234800
2010-09-17,23.54,23.62,23.52,23.6,1661900
2010-09-20,23.59,23.59,23.51,23.57,1923300
2010-09-21,23.46,23.51,23.24,23.31,4914100
2010-09-22,23.1,23.19,23.059999,23.14,4480900
2010-09-23,23.16,23.23,23.14,23.21,2624000
2010-09-24,23.030001,23.040001,22.97,22.97,3329500
2010-09-27,22.98,23.040001,22.97,23.0,5305500
2010-09-28,23.01,23.07,22.85,22.88,5065400
2010-09-29,22.85,22.88,22.8,22.84,2850000
2010-09-30,22.78,22.91,22.77,22.84,3536400
2010-10-01,22.7,22.73,22.64,22.65,2995700
2010-10-04,22.73,22.76,22.7,22.75,2082800
2010-10-05,22.6,22.63,22.52,22.56,3393500
2010-10-06,22.53,22.54,22.42,22.45,3956700
2010-10-07,22.37,22.55,22.36,22.48,5534100
2010-10-08,22.43,22.46,22.38,22.4,2977200
2010-10-11,22.4,22.5,22.4,22.49,2644000
2010-10-12,22.51,22.57,22.4,22.42,3458200
2010-10-13,22.39,22.42,22.33,22.36,3574300
2010-10-14,22.25,22.27,22.19,22.21,4090500
2010-10-15,22.18,22.38,22.17,22.34,8807200
2010-10-18,22.38,22.41,22.3,22.32,3236300
2010-10-19,22.62,22.72,22.57,22.7,10822800
2010-10-20,22.56,22.57,22.35,22.39,8742200
2010-10-21,22.37,22.5,22.3,22.47,9596700
2010-10-22,22.44,22.5,22.41,22.47,4695700
2010-10-25,22.3,22.39,22.28,22.37,5641400
2010-10-26,22.49,22.56,22.46,22.52,5790100
2010-10-27,22.57,22.7,22.56,22.65,15417300
2010-10-28,22.44,22.48,22.37,22.41,5232300
2010-10-29,22.42,22.44,22.36,22.37,4144900
2010-11-01,22.33,22.44,22.31,22.41,3610600
2010-11-02,22.25,22.27,22.21,22.25,4533900
2010-11-03,22.26,22.32,22.0,22.14,11546800
2010-11-04,21.95,22.01,21.91,21.97,14712400
2010-11-05,22.11,22.19,22.07,22.18,5827400
2010-11-08,22.29,22.34,22.27,22.31,4274100
2010-11-09,22.24,22.55,22.23,22.5,5428700
2010-11-10,22.52,22.64,22.45,22.48,6243300
2010-11-11,22.55,22.67,22.55,22.64,5170700
2010-11-12,22.55,22.66,22.49,22.61,5481200
2010-11-15,22.65,22.79,22.64,22.79,4708100
2010-11-16,22.77,22.99,22.74,22.92,6354000
2010-11-17,22.88,22.9,22.81,22.9,4547000
2010-11-18,22.74,22.81,22.71,22.74,3587900
2010-11-19,22.7,22.76,22.67,22.67,2623400
2010-11-22,22.72,22.82,22.7,22.74,2035600
2010-11-23,22.9,23.059999,22.89,23.040001,7245400
2010-11-24,23.0,23.09,22.95,23.07,3561400
2010-11-26,23.21,23.26,23.19,23.21,6484300
2010-11-29,23.39,23.45,23.34,23.35,7682700
2010-11-30,23.51,23.52,23.4,23.5,6908700
2010-12-01,23.37,23.43,23.25,23.3,5591900
2010-12-02,23.33,23.34,23.13,23.16,5658500
2010-12-03,22.96,23.0,22.86,22.88,10896200
2010-12-06,23.059999,23.08,22.96,22.99,3287700
2010-12-07,22.89,23.1,22.88,23.09,3274200
2010-12-08,23.14,23.19,23.07,23.1,3977900
2010-12-09,23.11,23.22,23.08,23.12,3275700
2010-12-10,23.13,23.18,23.09,23.12,2232000
2010-12-13,22.99,23.02,22.81,22.87,8888500
2010-12-14,22.88,22.94,22.8,22.91,3055900
2010-12-15,22.97,23.16,22.94,23.15,5926900
2010-12-16,23.11,23.2,23.09,23.09,4830300
2010-12-17,23.13,23.26,23.12,23.19,6085700
2010-12-20,23.2,23.29,23.18,23.24,5458800
2010-12-21,23.2,23.32,23.18,23.29,2988600
2010-12-22,23.26,23.3,23.25,23.27,1805600
2010-12-23,23.3,23.3,23.18,23.2,4953900
2010-12-27,23.15,23.19,23.14,23.15,1378400
2010-12-28,23.049999,23.19,23.049999,23.16,1783900
2010-12-29,23.12,23.13,22.97,23.0,1802300
2010-12-30,22.92,22.98,22.89,22.92,2199700
2010-12-31,22.8,22.8,22.7,22.71,3413900
2011-01-03,22.82,22.87,22.76,22.82,1876500
2011-01-04,22.76,22.91,22.76,22.88,2474300
2011-01-05,23.13,23.15,23.059999,23.11,4296600
2011-01-06,23.13,23.31,23.12,23.29,4132800
2011-01-07,23.3,23.37,23.25,23.36,4977100
2011-01-10,23.37,23.4,23.28,23.28,2047400
2011-01-11,23.3,23.38,23.26,23.27,2853500
2011-01-12,23.18,23.21,23.02,23.040001,4674100
2011-01-13,22.83,22.86,22.74,22.8,4646000
2011-01-14,22.8,22.84,22.73,22.77,5341100
2011-01-18,22.7,22.78,22.61,22.75,3015100
2011-01-19,22.57,22.64,22.56,22.61,3512300
2011-01-20,22.69,22.78,22.65,22.68,2165000
2011-01-21,22.55,22.58,22.47,22.49,3009600
2011-01-24,22.53,22.53,22.38,22.44,2429600
2011-01-25,22.53,22.55,22.39,22.43,2205900
2011-01-26,22.41,22.46,22.37,22.39,4090200
2011-01-27,22.33,22.42,22.32,22.35,1964100
2011-01-28,22.39,22.52,22.36,22.49,3585000
2011-01-31,22.36,22.4,22.3,22.36,4983400
2011-02-01,22.25,22.3,22.13,22.14,4269700
2011-02-02,22.18,22.23,22.14,22.18,2462600
2011-02-03,22.33,22.39,22.31,22.36,1928300
2011-02-04,22.43,22.49,22.4,22.43,1840800
2011-02-07,22.5,22.52,22.41,22.43,1629800
2011-02-08,22.38,22.43,22.31,22.41,1894500
2011-02-09,22.36,22.39,22.27,22.31,2407800
2011-02-10,22.47,22.52,22.43,22.49,3205800
2011-02-11,22.59,22.61,22.51,22.55,2861300
2011-02-14,22.62,22.63,22.56,22.58,1822700
2011-02-15,22.55,22.6,22.53,22.6,2435000
2011-02-16,22.61,22.63,22.45,22.47,1528500
2011-02-17,22.44,22.45,22.39,22.41,1578600
2011-02-18,22.38,22.4,22.27,22.3,1785600
2011-02-22,22.33,22.38,22.29,22.36,2004600
2011-02-23,22.27,22.28,22.19,22.23,2497600
2011-02-24,22.14,22.19,22.11,22.15,2977300
2011-02-25,22.2,22.24,22.18,22.19,1279500
2011-02-28,22.059999,22.12,22.049999,22.09,2951400
2011-03-01,22.059999,22.16,22.040001,22.12,3844200
2011-03-02,22.030001,22.040001,21.97,22.0,3669400
2011-03-03,21.97,22.01,21.95,21.97,3457700
2011-03-04,21.94,21.97,21.9,21.94,3214200
2011-03-07,21.9,21.98,21.9,21.96,2298700
2011-03-08,22.09,22.1,22.030001,22.059999,2595800
2011-03-09,22.030001,22.049999,21.99,22.02,2462400
2011-03-10,22.15,22.21,22.14,22.19,4492900
2011-03-11,22.18,22.18,22.02,22.030001,2370300
2011-03-14,21.98,21.99,21.91,21.92,3112000
2011-03-15,22.059999,22.08,21.91,21.94,3599800
2011-03-16,22.0,22.059999,21.96,22.01,2927000
2011-03-17,21.82,21.86,21.79,21.82,5179000
2011-03-18,21.75,21.78,21.69,21.72,3530900
2011-03-21,21.67,21.74,21.62,21.65,3842200
2011-03-22,21.65,21.68,21.63,21.66,1974700
2011-03-23,21.76,21.78,21.7,21.78,2353700
2011-03-24,21.77,21.78,21.66,21.73,2896700
2011-03-25,21.76,21.9,21.74,21.88,3976000
2011-03-28,21.88,21.88,21.82,21.86,1343100
2011-03-29,21.93,21.93,21.85,21.85,1219500
2011-03-30,21.89,21.92,21.8,21.83,1260200
2011-03-31,21.78,21.79,21.74,21.79,2074400
2011-04-01,21.9,21.98,21.74,21.77,3038600
2011-04-04,21.75,21.8,21.73,21.77,979400
2011-04-05,21.83,21.85,21.73,21.78,1381500
2011-04-06,21.71,21.73,21.64,21.66,2367400
2011-04-07,21.72,21.73,21.66,21.67,1802900
2011-04-08,21.54,21.55,21.49,21.5,3407700
2011-04-11,21.51,21.54,21.48,21.53,2502200
2011-04-12,21.44,21.52,21.43,21.48,3409300
2011-04-13,21.47,21.55,21.44,21.5,2176300
2011-04-14,21.49,21.5,21.4,21.42,2267700
2011-04-15,21.48,21.51,21.43,21.46,2900300
2011-04-18,21.56,21.74,21.53,21.66,5069700
2011-04-19,21.57,21.57,21.5,21.53,1742200
2011-04-20,21.32,21.35,21.29,21.32,2558000
2011-04-21,21.22,21.26,21.18,21.24,2779400
2011-04-25,21.19,21.28,21.18,21.21,4248900
2011-04-26,21.2,21.21,21.15,21.16,3700000
2011-04-27,21.15,21.22,21.0,21.02,7640400
2011-04-28,20.99,21.030001,20.92,20.96,9306000
2011-04-29,20.95,20.97,20.89,20.95,1900000
2011-05-02,20.93,20.97,20.86,20.97,8945400
2011-05-03,20.97,20.98,20.88,20.97,7702800
2011-05-04,20.88,20.97,20.84,20.96,11583200
2011-05-05,21.07,21.28,21.059999,21.27,18200000
2011-05-06,21.25,21.49,21.23,21.43,11396500
2011-05-09,21.48,21.55,21.38,21.4,7344500
2011-05-10,21.42,21.45,21.35,21.38,4739100
2011-05-11,21.44,21.62,21.43,21.58,10728600
2011-05-12,21.58,21.64,21.49,21.54,5359000
2011-05-13,21.52,21.76,21.51,21.69,8998100
2011-05-16,21.64,21.65,21.55,21.62,3876600
2011-05-17,21.69,21.71,21.58,21.6,5683500
2011-05-18,21.61,21.64,21.54,21.59,3862600
2011-05-19,21.6,21.61,21.49,21.5,7557200
2011-05-20,21.57,21.69,21.56,21.65,6635900
2011-05-23,21.85,21.86,21.76,21.79,9300000
2011-05-24,21.75,21.76,21.7,21.73,2746300
2011-05-25,21.78,21.79,21.66,21.71,3335600
2011-05-26,21.59,21.7,21.54,21.62,2937400
2011-05-27,21.49,21.51,21.4,21.44,4988700
2011-05-31,21.31,21.36,21.31,21.34,4834000
2011-06-01,21.28,21.41,21.24,21.39,6895300
2011-06-02,21.28,21.35,21.22,21.25,5355900
2011-06-03,21.21,21.22,21.07,21.09,6503400
2011-06-06,21.1,21.17,21.09,21.15,4869000
2011-06-07,21.049999,21.059999,21.01,21.030001,6575000
2011-06-08,21.09,21.15,21.059999,21.13,5609600
2011-06-09,21.24,21.24,21.16,21.2,5576000
2011-06-10,21.27,21.43,21.26,21.4,5967100
2011-06-13,21.35,21.37,21.27,21.29,4014500
2011-06-14,21.27,21.28,21.2,21.26,3011000
2011-06-15,21.45,21.63,21.42,21.6,8706300
2011-06-16,21.66,21.67,21.57,21.59,5024600
2011-06-17,21.48,21.5,21.41,21.45,5367200
2011-06-20,21.46,21.47,21.41,21.45,3632900
2011-06-21,21.38,21.38,21.29,21.31,4552700
2011-06-22,21.34,21.4,21.27,21.39,3971300
2011-06-23,21.6,21.66,21.5,21.5,5851300
2011-06-24,21.57,21.67,21.55,21.63,5286200
2011-06-27,21.67,21.68,21.51,21.53,3540600
2011-06-28,21.48,21.5,21.38,21.45,3647800
2011-06-29,21.39,21.44,21.3,21.32,4950700
2011-06-30,21.26,21.29,21.19,21.22,4203500
2011-07-01,21.26,21.32,21.19,21.2,3130300
2011-07-05,21.23,21.31,21.21,21.28,2326900
2011-07-06,21.38,21.46,21.37,21.41,3624100
2011-07-07,21.44,21.45,21.34,21.37,3831100
2011-07-08,21.37,21.48,21.34,21.42,3677400
2011-07-11,21.66,21.74,21.63,21.71,5459300
2011-07-12,21.74,21.74,21.6,21.7,4557900
2011-07-13,21.58,21.62,21.4,21.47,6012700
2011-07-14,21.36,21.48,21.34,21.47,6399300
2011-07-15,21.46,21.51,21.38,21.43,2203700
2011-07-18,21.52,21.61,21.47,21.48,4890800
2011-07-19,21.42,21.47,21.35,21.43,4166300
2011-07-20,21.35,21.39,21.3,21.33,2817200
2011-07-21,21.19,21.23,21.08,21.13,9599900
2011-07-22,21.13,21.18,21.12,21.13,3334100
2011-07-25,21.11,21.15,21.07,21.11,2808400
2011-07-26,20.99,21.0,20.91,20.93,5351600
2011-07-27,20.97,21.13,20.97,21.09,5544200
2011-07-28,21.17,21.18,21.11,21.13,1660100
2011-07-29,21.040001,21.08,20.98,21.030001,2555000
2011-08-01,21.01,21.22,21.0,21.14,6863400
2011-08-02,21.19,21.21,21.11,21.17,3316800
2011-08-03,21.07,21.12,21.040001,21.07,3012500
2011-08-04,21.32,21.41,21.3,21.4,11101100
2011-08-05,21.29,21.35,21.2,21.22,6898500
2011-08-08,21.32,21.35,21.2,21.25,8774900
2011-08-09,21.17,21.26,21.030001,21.07,5483500
2011-08-10,21.15,21.27,21.15,21.25,4908100
2011-08-11,21.26,21.3,21.16,21.22,2866800
2011-08-12,21.17,21.24,21.15,21.22,2129000
2011-08-15,21.049999,21.059999,20.97,21.0,6366500
2011-08-16,21.040001,21.059999,20.97,21.01,2022000
2011-08-17,20.91,20.98,20.87,20.96,1707600
2011-08-18,21.07,21.16,21.059999,21.08,3394600
2011-08-19,20.99,21.040001,20.92,21.030001,2535600
2011-08-22,20.98,21.07,20.98,21.07,1686100
2011-08-23,20.98,21.030001,20.96,20.98,5855900
2011-08-24,20.97,21.049999,20.93,21.02,1760500
2011-08-25,21.01,21.15,20.98,21.08,1799400
2011-08-26,21.030001,21.16,20.94,20.96,3423400
2011-08-29,20.91,20.97,20.9,20.93,1383900
2011-08-30,21.030001,21.07,20.98,21.01,1742300
2011-08-31,20.98,21.07,20.98,21.07,1337400
2011-09-01,21.15,21.23,21.11,21.16,2502000
2011-09-02,21.2,21.24,21.17,21.22,2804300
2011-09-06,21.5,21.59,21.44,21.55,6146600
2011-09-07,21.51,21.53,21.42,21.43,6186300
2011-09-08,21.53,21.67,21.48,21.65,5632300
2011-09-09,21.82,21.94,21.81,21.91,10893700
2011-09-12,21.94,22.049999,21.87,21.92,12886300
2011-09-13,21.89,21.91,21.8,21.85,12661100
2011-09-14,21.83,21.94,21.76,21.79,7503000
2011-09-15,21.63,21.74,21.56,21.66,9403600
2011-09-16,21.74,21.79,21.69,21.74,3597900
2011-09-19,21.94,22.01,21.82,21.86,8314200
2011-09-20,21.87,21.9,21.8,21.86,4153600
2011-09-21,21.89,22.049999,21.75,22.030001,7469800
2011-09-22,22.26,22.32,22.18,22.26,12225600
2011-09-23,22.22,22.31,22.13,22.2,8853000
2011-09-26,22.23,22.32,22.17,22.18,8770100
2011-09-27,22.0,22.059999,21.94,22.049999,7307900
2011-09-28,22.02,22.14,21.96,22.13,9008500
2011-09-29,22.030001,22.15,21.97,22.08,4365800
2011-09-30,22.27,22.32,22.2,22.31,6549200
2011-10-03,22.39,22.53,22.32,22.51,12602800
2011-10-04,22.55,22.62,22.41,22.42,9702200
2011-10-05,22.4,22.47,22.31,22.35,8043400
2011-10-06,22.42,22.44,22.21,22.21,6071100
2011-10-07,22.15,22.31,22.08,22.27,5596700
2011-10-10,21.98,21.98,21.86,21.92,6098700
2011-10-11,22.0,22.030001,21.89,21.9,3785000
2011-10-12,21.8,21.82,21.71,21.76,7011400
2011-10-13,21.81,21.88,21.73,21.75,4061100
2011-10-14,21.66,21.71,21.62,21.65,6447000
2011-10-17,21.74,21.81,21.72,21.79,5592000
2011-10-18,21.84,21.91,21.68,21.76,10824400
2011-10-19,21.67,21.81,21.66,21.78,4863000
2011-10-20,21.77,21.9,21.72,21.74,6883400
2011-10-21,21.56,21.63,21.53,21.54,12673800
2011-10-24,21.6,21.61,21.45,21.49,8551800
2011-10-25,21.49,21.57,21.46,21.51,7586100
2011-10-26,21.43,21.64,21.42,21.51,5256100
2011-10-27,21.2,21.25,21.07,21.15,13005800
2011-10-28,21.19,21.2,21.13,21.16,4652600
2011-10-31,21.41,21.59,21.39,21.57,9507400
2011-11-01,21.86,21.88,21.71,21.8,9132500
2011-11-02,21.65,21.79,21.63,21.75,3508400
2011-11-03,21.71,21.83,21.59,21.65,3488100
2011-11-04,21.72,21.8,21.68,21.71,2576300
2011-11-07,21.72,21.77,21.66,21.69,2438700
2011-11-08,21.65,21.7,21.58,21.59,3504900
2011-11-09,21.89,22.01,21.89,21.97,5592000
2011-11-10,21.88,21.98,21.86,21.91,4264600
2011-11-11,21.79,21.8,21.64,21.69,3606000
2011-11-14,21.81,21.89,21.81,21.84,3536100
2011-11-15,21.95,22.030001,21.91,21.97,3720400
2011-11-16,22.040001,22.059999,21.95,22.040001,5031400
2011-11-17,21.99,22.09,21.97,22.07,6614900
2011-11-18,21.93,22.030001,21.92,22.01,7932000
2011-11-21,22.08,22.13,22.01,22.049999,4543400
2011-11-22,22.049999,22.09,22.01,22.040001,5219800
2011-11-23,22.2,22.32,22.19,22.29,7065900
2011-11-25,22.39,22.44,22.33,22.42,6343400
2011-11-28,22.22,22.34,22.2,22.33,3536000
2011-11-29,22.28,22.29,22.19,22.25,3047200
2011-11-30,21.99,22.09,21.98,22.059999,5716900
2011-12-01,22.02,22.059999,21.97,22.049999,2867100
2011-12-02,22.0,22.18,21.99,22.12,3208300
2011-12-05,22.030001,22.15,22.0,22.12,3726200
2011-12-06,22.15,22.15,22.07,22.1,2880900
2011-12-07,22.13,22.15,22.030001,22.07,1642300
2011-12-08,22.14,22.23,22.13,22.19,4189400
2011-12-09,22.18,22.19,22.1,22.12,3152100
2011-12-12,22.29,22.39,22.28,22.35,4463600
2011-12-13,22.37,22.61,22.31,22.57,7047600
2011-12-14,22.65,22.7,22.6,22.62,4584500
2011-12-15,22.54,22.62,22.45,22.56,5480700
2011-12-16,22.53,22.58,22.46,22.49,2741300
2011-12-19,22.52,22.57,22.49,22.57,3798600
2011-12-20,22.33,22.39,22.31,22.38,2974800
2011-12-21,22.38,22.42,22.33,22.38,2205100
2011-12-22,22.42,22.43,22.35,22.38,1088500
2011-12-23,22.38,22.4,22.36,22.39,877000
2011-12-27,22.35,22.36,22.31,22.34,1978500
2011-12-28,22.41,22.58,22.4,22.55,6855200
2011-12-29,22.57,22.6,22.5,22.51,5397900
2011-12-30,22.47,22.48,22.39,22.47,2222200
2012-01-03,22.32,22.33,22.24,22.28,11581900
2012-01-04,22.4,22.47,22.37,22.4,3994200
2012-01-05,22.59,22.65,22.59,22.64,6060500
2012-01-06,22.68,22.77,22.68,22.72,5033300
2012-01-09,22.67,22.72,22.63,22.64,5967100
2012-01-10,22.6,22.63,22.58,22.62,1946300
2012-01-11,22.71,22.78,22.71,22.72,3701100
2012-01-12,22.61,22.63,22.55,22.57,5006700
2012-01-13,22.74,22.85,22.73,22.75,5596100
2012-01-17,22.68,22.69,22.62,22.67,4433600
2012-01-18,22.55,22.57,22.47,22.47,3362100
2012-01-19,22.42,22.46,22.35,22.35,8162200
2012-01-20,22.42,22.43,22.36,22.37,2612900
2012-01-23,22.26,22.28,22.21,22.24,5025900
2012-01-24,22.36,22.38,22.27,22.27,2846000
2012-01-25,22.36,22.41,22.15,22.17,9775700
2012-01-26,22.08,22.17,22.059999,22.15,4780200
2012-01-27,22.13,22.14,21.97,21.99,7104000
2012-01-30,22.14,22.15,22.059999,22.07,2236500
2012-01-31,22.01,22.18,22.01,22.12,4211700
2012-02-01,22.0,22.02,21.93,22.02,3585600
2012-02-02,22.030001,22.049999,21.97,22.030001,1509400
2012-02-03,22.11,22.12,22.0,22.030001,6590300
2012-02-06,22.15,22.15,22.030001,22.040001,2234400
2012-02-07,21.98,22.01,21.88,21.89,5194100
2012-02-08,21.91,21.96,21.87,21.91,4589800
2012-02-09,21.87,21.92,21.84,21.92,2764100
2012-02-10,22.059999,22.08,22.030001,22.059999,5713900
2012-02-13,21.97,22.030001,21.96,22.030001,1274500
2012-02-14,22.09,22.21,22.059999,22.14,4218500
2012-02-15,22.15,22.24,22.14,22.21,2198000
2012-02-16,22.29,22.3,22.09,22.13,8186200
2012-02-17,22.07,22.14,22.07,22.13,2386100
2012-02-21,22.030001,22.059999,21.99,22.040001,3000400
2012-02-22,22.09,22.12,22.059999,22.07,2492500
2012-02-23,22.01,22.049999,21.9,21.9,4149900
2012-02-24,21.86,21.87,21.79,21.81,8854600
2012-02-27,21.9,21.91,21.84,21.88,7572600
2012-02-28,21.83,21.89,21.78,21.78,3676300
2012-02-29,21.77,21.98,21.74,21.96,4824700
2012-03-01,21.97,21.97,21.91,21.96,2609300
2012-03-02,22.09,22.14,22.08,22.11,3417700
2012-03-05,22.09,22.12,22.07,22.09,3121200
2012-03-06,22.23,22.24,22.2,22.23,4045400
2012-03-07,22.24,22.26,22.18,22.2,2678500
2012-03-08,22.11,22.11,22.01,22.049999,2426000
2012-03-09,22.23,22.29,22.22,22.26,3080600
2012-03-12,22.25,22.29,22.22,22.23,1342200
2012-03-13,22.33,22.34,22.24,22.3,8949200
2012-03-14,22.32,22.43,22.32,22.42,4204500
2012-03-15,22.37,22.47,22.25,22.33,2866700
2012-03-16,22.43,22.43,22.16,22.18,9272200
2012-03-19,22.18,22.19,22.040001,22.059999,6392200
2012-03-20,22.14,22.16,22.07,22.1,3295300
2012-03-21,22.11,22.17,22.07,22.11,2641700
2012-03-22,22.19,22.2,22.11,22.14,1273700
2012-03-23,22.07,22.08,21.99,22.02,1801000
2012-03-26,21.95,21.97,21.88,21.88,8065200
2012-03-27,21.92,21.96,21.92,21.96,1676200
2012-03-28,21.94,22.01,21.94,21.95,1145000
2012-03-29,21.98,22.01,21.94,21.94,1441900
2012-03-30,21.87,21.93,21.86,21.91,1650300
2012-04-02,21.93,21.94,21.85,21.86,1642900
2012-04-03,21.88,22.049999,21.85,22.02,3016100
2012-04-04,22.14,22.15,22.11,22.13,2792300
2012-04-05,22.23,22.23,22.18,22.2,1669100
2012-04-09,22.2,22.2,22.09,22.13,1963400
2012-04-10,22.14,22.2,22.12,22.16,1990300
2012-04-11,22.08,22.14,22.059999,22.13,1157500
2012-04-12,22.049999,22.059999,21.97,21.98,2004300
2012-04-13,22.07,22.16,22.07,22.16,1916100
2012-04-16,22.18,22.2,22.040001,22.07,1837600
2012-04-17,22.040001,22.08,22.01,22.059999,944400
2012-04-18,22.12,22.12,22.030001,22.059999,1434800
2012-04-19,22.09,22.09,22.02,22.049999,1457400
2012-04-20,21.97,21.98,21.92,21.93,2116600
2012-04-23,22.01,22.059999,21.98,22.0,1088200
2012-04-24,21.95,21.96,21.91,21.94,584200
2012-04-25,21.9,21.97,21.88,21.89,1123800
2012-04-26,21.87,21.89,21.83,21.86,1235600
2012-04-27,21.81,21.82,21.77,21.82,2506100
2012-04-30,21.82,21.84,21.8,21.81,700100
2012-05-01,21.78,21.87,21.76,21.83,819300
2012-05-02,21.94,21.96,21.9,21.9,1063900
2012-05-03,21.91,21.94,21.9,21.92,714000
2012-05-04,21.92,22.02,21.89,22.01,1369300
2012-05-07,22.049999,22.07,22.030001,22.040001,716400
2012-05-08,22.1,22.15,22.059999,22.09,2177900
2012-05-09,22.19,22.24,22.15,22.18,3137000
2012-05-10,22.16,22.21,22.14,22.2,1127300
2012-05-11,22.23,22.24,22.18,22.24,992100
2012-05-14,22.34,22.36,22.3,22.34,3494800
2012-05-15,22.41,22.52,22.39,22.52,8029300
2012-05-16,22.52,22.58,22.49,22.57,2850000
2012-05-17,22.58,22.61,22.5,22.55,3531300
2012-05-18,22.52,22.56,22.44,22.46,2897900
2012-05-21,22.52,22.54,22.39,22.39,2053200
2012-05-22,22.5,22.65,22.47,22.62,5485400
2012-05-23,22.62,22.76,22.61,22.7,2700000
2012-05-24,22.71,22.8,22.68,22.79,2006300
2012-05-25,22.8,22.82,22.75,22.82,2210700
2012-05-29,22.75,22.86,22.72,22.8,5488000
2012-05-30,22.89,22.98,22.88,22.98,2566700
2012-05-31,22.93,23.02,22.92,22.99,3406600
2012-06-01,22.94,23.0,22.86,22.92,4633900
2012-06-04,22.84,22.87,22.81,22.82,2541400
2012-06-05,22.9,22.94,22.87,22.9,1299600
2012-06-06,22.87,22.88,22.71,22.71,3597600
2012-06-07,22.65,22.76,22.64,22.74,2318100
2012-06-08,22.9,22.91,22.79,22.81,1487700
2012-06-11,22.71,22.84,22.71,22.84,842200
2012-06-12,22.81,22.86,22.75,22.76,1430100
2012-06-13,22.73,22.76,22.63,22.69,1996500
2012-06-14,22.69,22.69,22.58,22.6,1372000
2012-06-15,22.58,22.61,22.49,22.5,2414300
2012-06-18,22.59,22.64,22.57,22.6,1576100
2012-06-19,22.51,22.52,22.38,22.43,3698500
2012-06-20,22.42,22.53,22.38,22.46,2013500
2012-06-21,22.53,22.71,22.52,22.7,2785300
2012-06-22,22.65,22.72,22.63,22.65,1272800
2012-06-25,22.74,22.75,22.7,22.72,1872800
2012-06-26,22.73,22.77,22.67,22.68,783600
2012-06-27,22.74,22.79,22.73,22.75,889700
2012-06-28,22.79,22.83,22.76,22.78,1846800
2012-06-29,22.44,22.49,22.42,22.47,3169700
2012-07-02,22.52,22.56,22.51,22.52,2582300
2012-07-03,22.56,22.57,22.48,22.5,642900
2012-07-05,22.79,22.83,22.78,22.8,1576700
2012-07-06,22.88,22.97,22.86,22.95,2134600
2012-07-09,22.93,22.95,22.88,22.88,1315600
2012-07-10,22.88,22.99,22.88,22.96,1263100
2012-07-11,22.93,23.01,22.9,22.98,1362900
2012-07-12,23.049999,23.07,23.01,23.030001,4914600
2012-07-13,23.030001,23.030001,22.91,22.93,3152600
2012-07-16,22.91,22.95,22.84,22.86,1222600
2012-07-17,22.87,22.99,22.84,22.84,3565400
2012-07-18,22.9,22.9,22.82,22.82,1012900
2012-07-19,22.85,22.87,22.78,22.81,1243200
2012-07-20,22.93,22.99,22.92,22.98,2744000
2012-07-23,23.09,23.11,22.99,23.01,2129000
2012-07-24,23.030001,23.14,23.02,23.1,3442300
2012-07-25,23.0,23.049999,22.97,22.98,1060000
2012-07-26,22.75,22.79,22.7,22.75,2042200
2012-07-27,22.71,22.78,22.63,22.74,2241100
2012-07-30,22.81,22.81,22.76,22.77,1311000
2012-07-31,22.75,22.77,22.67,22.71,1186700
2012-08-01,22.71,22.88,22.7,22.87,1895900
2012-08-02,22.9,22.96,22.84,22.91,1220200
2012-08-03,22.78,22.79,22.62,22.63,1787800
2012-08-06,22.63,22.65,22.56,22.6,1869000
2012-08-07,22.56,22.61,22.54,22.6,2148900
2012-08-08,22.67,22.67,22.61,22.64,1274700
2012-08-09,22.72,22.76,22.68,22.72,1609400
2012-08-10,22.77,22.78,22.66,22.68,691500
2012-08-13,22.63,22.67,22.59,22.65,1348600
2012-08-14,22.66,22.69,22.64,22.66,1726300
2012-08-15,22.72,22.74,22.7,22.72,548400
2012-08-16,22.68,22.69,22.62,22.64,662000
2012-08-17,22.65,22.74,22.65,22.68,1324400
2012-08-20,22.71,22.71,22.65,22.65,489900
2012-08-21,22.5,22.51,22.46,22.5,2244500
2012-08-22,22.53,22.54,22.37,22.39,1277900
2012-08-23,22.37,22.38,22.3,22.35,3212400
2012-08-24,22.43,22.43,22.35,22.42,1645400
2012-08-27,22.4,22.44,22.39,22.44,808400
2012-08-28,22.34,22.35,22.32,22.35,813200
2012-08-29,22.37,22.41,22.36,22.39,1194600
2012-08-30,22.37,22.45,22.35,22.44,1063900
2012-08-31,22.27,22.34,22.23,22.3,2845200
2012-09-04,22.31,22.34,22.29,22.33,661900
2012-09-05,22.29,22.32,22.27,22.31,928100
2012-09-06,22.33,22.36,22.24,22.25,1709300
2012-09-07,22.07,22.09,22.0,22.01,6999500
2012-09-10,22.049999,22.08,22.01,22.08,1036600
2012-09-11,21.97,21.97,21.9,21.91,2639400
2012-09-12,21.87,21.91,21.86,21.89,2335400
2012-09-13,21.87,21.91,21.72,21.75,5859700
2012-09-14,21.64,21.67,21.57,21.64,5673000
2012-09-17,21.64,21.69,21.6,21.67,3049800
2012-09-18,21.71,21.75,21.68,21.74,1785600
2012-09-19,21.73,21.75,21.66,21.67,1007800
2012-09-20,21.83,21.85,21.77,21.77,1485100
2012-09-21,21.71,21.76,21.69,21.75,889800
2012-09-24,21.84,21.85,21.79,21.8,1002600
2012-09-25,21.77,21.84,21.74,21.84,756800
2012-09-26,21.89,21.93,21.88,21.88,1436800
2012-09-27,21.85,21.92,21.78,21.82,1382600
2012-09-28,21.82,21.93,21.81,21.92,884300
2012-10-01,21.85,21.89,21.82,21.87,3236000
2012-10-02,21.83,21.87,21.78,21.85,888500
2012-10-03,21.9,21.94,21.89,21.91,861200
2012-10-04,21.82,21.83,21.73,21.76,1189300
2012-10-05,21.71,21.78,21.68,21.76,1400300
2012-10-08,21.82,21.83,21.79,21.81,508400
2012-10-09,21.88,21.96,21.86,21.95,1672100
2012-10-10,21.91,21.94,21.88,21.9,966300
2012-10-11,21.85,21.87,21.84,21.86,733500
2012-10-12,21.8,21.85,21.8,21.83,623000
2012-10-15,21.83,21.88,21.83,21.84,576500
2012-10-16,21.75,21.79,21.72,21.75,806000
2012-10-17,21.65,21.67,21.62,21.64,1749200
2012-10-18,21.68,21.75,21.67,21.73,1423400
2012-10-19,21.76,21.83,21.76,21.81,1017000
2012-10-22,21.8,21.83,21.77,21.81,766000
2012-10-23,21.9,21.94,21.9,21.91,891100
2012-10-24,21.89,21.95,21.88,21.91,1214200
2012-10-25,21.89,21.94,21.87,21.93,290600
2012-10-26,21.94,21.96,21.89,21.93,586800
2012-10-31,21.88,21.91,21.86,21.89,1560300
2012-11-01,21.89,21.94,21.87,21.92,499900
2012-11-02,22.030001,22.09,22.030001,22.07,2291600
2012-11-05,22.12,22.14,22.1,22.12,911800
2012-11-06,22.09,22.11,22.07,22.09,708400
2012-11-07,22.14,22.16,22.12,22.13,1777800
2012-11-08,22.15,22.18,22.12,22.13,1490700
2012-11-09,22.19,22.2,22.16,22.18,1655200
2012-11-12,22.18,22.2,22.17,22.19,622700
2012-11-13,22.22,22.23,22.17,22.21,1232700
2012-11-14,22.19,22.21,22.14,22.2,1553600
2012-11-15,22.19,22.2,22.16,22.2,2094200
2012-11-16,22.22,22.3,22.22,22.24,1677000
2012-11-19,22.17,22.18,22.11,22.14,1250700
2012-11-20,22.16,22.18,22.13,22.13,1288300
2012-11-21,22.16,22.16,22.14,22.14,484200
2012-11-23,22.01,22.02,21.92,21.93,818600
2012-11-26,21.96,21.97,21.94,21.94,425800
2012-11-27,21.98,22.02,21.97,22.01,453300
2012-11-28,22.040001,22.049999,21.96,21.97,691500
2012-11-29,21.91,21.98,21.89,21.94,809800
2012-11-30,21.95,21.96,21.9,21.92,819400
2012-12-03,21.88,21.88,21.83,21.85,1113600
2012-12-04,21.79,21.81,21.77,21.78,682900
2012-12-05,21.83,21.83,21.8,21.83,1768400
2012-12-06,21.86,21.97,21.85,21.95,1037000
2012-12-07,22.02,22.030001,21.95,21.99,1147500
2012-12-10,21.95,21.99,21.95,21.96,1620600
2012-12-11,21.9,21.92,21.88,21.88,1749100
2012-12-12,21.86,21.88,21.76,21.84,1649800
2012-12-13,21.85,21.88,21.82,21.86,577700
2012-12-14,21.83,21.85,21.74,21.75,1519500
2012-12-17,21.75,21.76,21.72,21.75,1643700
2012-12-18,21.72,21.73,21.66,21.68,1702300
2012-12-19,21.61,21.67,21.6,21.67,1890100
2012-12-20,21.62,21.69,21.61,21.65,1931100
2012-12-21,21.71,21.78,21.71,21.76,2173500
2012-12-24,21.73,21.79,21.73,21.76,526000
2012-12-26,21.75,21.77,21.7,21.76,424400
2012-12-27,21.71,21.81,21.7,21.76,442300
2012-12-28,21.78,21.79,21.76,21.78,408400
2012-12-31,21.77,21.83,21.77,21.81,340800
2013-01-02,21.74,21.85,21.72,21.82,898700
2013-01-03,21.9,22.0,21.89,21.99,1314200
2013-01-04,22.030001,22.049999,21.98,21.99,1087600
2013-01-07,21.99,22.01,21.92,21.92,1973600
2013-01-08,21.96,21.99,21.95,21.95,1172100
2013-01-09,22.02,22.040001,21.99,22.02,832400
2013-01-10,21.87,21.88,21.77,21.8,2258100
2013-01-11,21.71,21.76,21.7,21.74,1126900
2013-01-14,21.73,21.75,21.69,21.71,879800
2013-01-15,21.75,21.81,21.72,21.77,1684000
2013-01-16,21.78,21.81,21.77,21.79,1140900
2013-01-17,21.77,21.79,21.74,21.75,416900
2013-01-18,21.84,21.91,21.83,21.85,722800
2013-01-22,21.83,21.86,21.81,21.83,747900
2013-01-23,21.8,21.88,21.79,21.83,748300
2013-01-24,21.86,21.87,21.81,21.83,255600
2013-01-25,21.79,21.8,21.76,21.78,996000
2013-01-28,21.78,21.81,21.78,21.79,191200
2013-01-29,21.76,21.77,21.71,21.73,890800
2013-01-30,21.67,21.68,21.61,21.64,2960500
2013-01-31,21.64,21.65,21.6,21.62,1539900
2013-02-01,21.59,21.64,21.53,21.6,1045700
2013-02-04,21.69,21.73,21.66,21.71,846700
2013-02-05,21.76,21.78,21.68,21.7,594500
2013-02-06,21.78,21.79,21.75,21.77,738700
2013-02-07,21.84,21.92,21.83,21.89,1216100
2013-02-08,21.88,21.92,21.86,21.9,900500
2013-02-11,21.92,21.95,21.89,21.92,1008700
2013-02-12,21.91,21.92,21.82,21.87,487100
2013-02-13,21.85,21.89,21.83,21.88,224900
2013-02-14,21.98,21.99,21.93,21.94,621700
2013-02-15,21.98,22.0,21.96,21.96,1042200
2013-02-19,22.0,22.01,21.96,21.97,522300
2013-02-20,22.0,22.15,22.0,22.13,1373200
2013-02-21,22.2,22.25,22.16,22.22,1818900
2013-02-22,22.24,22.28,22.22,22.23,437100
2013-02-25,22.17,22.36,22.16,22.32,3314000
2013-02-26,22.31,22.36,22.26,22.34,988300
2013-02-27,22.29,22.31,22.24,22.25,1192500
2013-02-28,22.3,22.38,22.28,22.37,1144000
2013-03-01,22.47,22.52,22.43,22.44,3861200
2013-03-04,22.47,22.48,22.41,22.43,1776600
2013-03-05,22.37,22.44,22.36,22.4,730500
2013-03-06,22.43,22.51,22.43,22.49,1083300
2013-03-07,22.4,22.41,22.35,22.39,633800
2013-03-08,22.57,22.6,22.53,22.56,855600
2013-03-11,22.57,22.58,22.51,22.51,601900
2013-03-12,22.47,22.53,22.47,22.5,213700
2013-03-13,22.57,22.64,22.56,22.59,504900
2013-03-14,22.62,22.63,22.47,22.5,706700
2013-03-15,22.39,22.42,22.37,22.4,1333200
2013-03-18,22.53,22.55,22.46,22.54,2671100
2013-03-19,22.53,22.64,22.52,22.61,1268900
2013-03-20,22.5,22.57,22.49,22.56,882400
2013-03-21,22.55,22.58,22.51,22.56,337400
2013-03-22,22.49,22.5,22.4,22.42,530700
2013-03-25,22.48,22.58,22.48,22.58,735100
2013-03-26,22.56,22.6,22.53,22.57,407400
2013-03-27,22.66,22.69,22.65,22.66,1034100
2013-03-28,22.63,22.63,22.56,22.6,773100
2013-04-01,22.57,22.58,22.5,22.52,404300
2013-04-02,22.56,22.59,22.54,22.57,507600
2013-04-03,22.54,22.54,22.49,22.52,540800
2013-04-04,22.67,22.68,22.48,22.49,1112300
2013-04-05,22.45,22.46,22.4,22.45,493400
2013-04-08,22.46,22.54,22.46,22.51,592600
2013-04-09,22.43,22.47,22.38,22.41,487600
2013-04-10,22.41,22.46,22.4,22.43,1021800
2013-04-11,22.37,22.37,22.33,22.37,807600
2013-04-12,22.38,22.39,22.33,22.34,1658200
2013-04-15,22.35,22.42,22.35,22.41,838900
2013-04-16,22.32,22.35,22.21,22.23,1223700
2013-04-17,22.33,22.49,22.33,22.47,956800
2013-04-18,22.44,22.48,22.4,22.46,460400
2013-04-19,22.43,22.52,22.39,22.5,1373100
2013-04-22,22.55,22.56,22.48,22.49,807200
2013-04-23,22.57,22.6,22.53,22.57,1002200
2013-04-24,22.58,22.6,22.53,22.56,1951500
2013-04-25,22.47,22.54,22.47,22.51,747400
2013-04-26,22.44,22.45,22.39,22.41,466200
2013-04-29,22.34,22.35,22.31,22.31,1675500
2013-04-30,22.3,22.3,22.17,22.2,1611900
2013-05-01,22.15,22.2,22.12,22.18,590200
2013-05-02,22.31,22.37,22.29,22.33,1081900
2013-05-03,22.37,22.38,22.25,22.32,562700
2013-05-06,22.33,22.39,22.33,22.37,296200
2013-05-07,22.31,22.37,22.31,22.37,379900
2013-05-08,22.25,22.27,22.21,22.27,524400
2013-05-09,22.33,22.51,22.33,22.48,334300
2013-05-10,22.56,22.67,22.55,22.6,738300
2013-05-13,22.6,22.65,22.58,22.64,1317200
2013-05-14,22.66,22.73,22.62,22.73,1252600
2013-05-15,22.8,22.84,22.75,22.79,757200
2013-05-16,22.77,22.8,22.69,22.78,1887500
2013-05-17,22.91,22.94,22.88,22.92,1011900
2013-05-20,22.86,22.86,22.75,22.78,677500
2013-05-21,22.85,22.88,22.73,22.79,1028900
2013-05-22,22.79,22.94,22.67,22.89,1448300
2013-05-23,22.76,22.8,22.72,22.74,858400
2013-05-24,22.73,22.74,22.68,22.71,918400
2013-05-28,22.78,22.89,22.76,22.87,502700
2013-05-29,22.73,22.75,22.67,22.7,445700
2013-05-30,22.59,22.62,22.52,22.55,820900
2013-05-31,22.6,22.7,22.59,22.61,1526200
2013-06-03,22.6,22.64,22.37,22.45,1843900
2013-06-04,22.49,22.53,22.45,22.46,832600
2013-06-05,22.46,22.47,22.4,22.42,1766400
2013-06-06,22.34,22.35,22.0,22.13,2643100
2013-06-07,22.17,22.21,22.13,22.16,1114000
2013-06-10,22.25,22.28,22.14,22.17,1415900
2013-06-11,22.11,22.12,21.98,21.98,1210800
2013-06-12,22.0,22.02,21.9,21.97,634000
2013-06-13,21.93,21.96,21.86,21.9,587100
2013-06-14,21.95,21.95,21.86,21.88,612000
2013-06-17,21.89,21.94,21.84,21.84,579700
2013-06-18,21.93,21.93,21.83,21.86,608200
2013-06-19,21.85,22.1,21.82,22.059999,1676000
2013-06-20,22.2,22.27,22.18,22.19,3540400
2013-06-21,22.3,22.39,22.27,22.34,1795700
2013-06-24,22.43,22.43,22.32,22.36,7513000
2013-06-25,22.38,22.44,22.36,22.4,979700
2013-06-26,22.45,22.53,22.43,22.52,938200
2013-06-27,22.51,22.57,22.47,22.51,1745900
2013-06-28,22.49,22.61,22.49,22.56,1184200
2013-07-01,22.55,22.57,22.5,22.51,1386400
2013-07-02,22.63,22.67,22.57,22.66,1648300
2013-07-03,22.63,22.63,22.52,22.57,496400
2013-07-05,22.88,22.92,22.87,22.9,1436600
2013-07-08,22.86,22.86,22.82,22.84,11033500
2013-07-09,22.85,22.98,22.85,22.93,1441100
2013-07-10,22.87,22.88,22.66,22.78,991200
2013-07-11,22.51,22.55,22.38,22.42,3677500
2013-07-12,22.53,22.54,22.44,22.47,799200
2013-07-15,22.52,22.55,22.48,22.49,1286000
2013-07-16,22.42,22.44,22.31,22.33,795800
2013-07-17,22.31,22.45,22.31,22.38,8168300
2013-07-18,22.45,22.49,22.4,22.42,506800
2013-07-19,22.4,22.41,22.34,22.36,521900
2013-07-22,22.28,22.28,22.21,22.26,1621900
2013-07-23,22.26,22.28,22.17,22.19,1086400
2013-07-24,22.23,22.31,22.2,22.27,1054600
2013-07-25,22.24,22.24,22.11,22.12,908600
2013-07-26,22.11,22.14,22.07,22.1,643200
2013-07-29,22.13,22.16,22.09,22.1,1401400
2013-07-30,22.09,22.19,22.09,22.15,2149000
2013-07-31,22.22,22.24,22.030001,22.09,2205500
2013-08-01,22.18,22.3,22.18,22.28,1741300
2013-08-02,22.22,22.22,22.13,22.16,776900
2013-08-05,22.17,22.2,22.13,22.13,953900
2013-08-06,22.1,22.12,22.049999,22.07,383900
2013-08-07,22.030001,22.040001,21.97,21.98,1735600
2013-08-08,21.93,21.94,21.86,21.91,1749900
2013-08-09,21.94,21.95,21.92,21.93,799100
2013-08-12,22.02,22.02,21.98,21.99,1564000
2013-08-13,22.1,22.14,22.09,22.1,976900
2013-08-14,22.1,22.11,22.059999,22.09,614100
2013-08-15,22.13,22.16,21.92,21.94,1530200
2013-08-16,21.91,22.01,21.91,21.98,1645600
2013-08-19,21.95,21.98,21.95,21.97,760500
2013-08-20,21.86,21.88,21.82,21.87,983000
2013-08-21,21.94,22.02,21.92,21.98,1618800
2013-08-22,22.030001,22.059999,22.0,22.030001,325600
2013-08-23,22.07,22.07,21.95,21.99,1691100
2013-08-26,21.99,22.030001,21.98,21.99,363600
2013-08-27,21.97,21.97,21.92,21.92,491100
2013-08-28,22.0,22.059999,22.0,22.01,976300
2013-08-29,22.15,22.19,22.13,22.16,786100
2013-08-30,22.18,22.24,22.17,22.19,843200
2013-09-03,22.24,22.3,22.24,22.26,1264500
2013-09-04,22.23,22.25,22.18,22.18,1956500
2013-09-05,22.26,22.34,22.24,22.33,1345500
2013-09-06,22.23,22.24,22.16,22.2,533300
2013-09-09,22.14,22.16,22.07,22.09,557700
2013-09-10,22.11,22.12,22.09,22.09,1808300
2013-09-11,22.08,22.09,22.0,22.01,629700
2013-09-12,22.049999,22.049999,21.96,22.01,411200
2013-09-13,22.01,22.059999,21.98,21.99,963600
2013-09-16,21.87,21.94,21.87,21.94,894700
2013-09-17,21.91,21.94,21.9,21.9,685200
2013-09-18,21.9,21.91,21.63,21.65,2489800
2013-09-19,21.63,21.7,21.63,21.68,4203300
2013-09-20,21.7,21.74,21.68,21.69,2028500
2013-09-23,21.68,21.73,21.68,21.7,1721600
2013-09-24,21.73,21.75,21.7,21.74,420300
2013-09-25,21.7,21.71,21.65,21.67,725300
2013-09-26,21.71,21.76,21.7,21.72,495300
2013-09-27,21.63,21.66,21.6,21.64,516900
2013-09-30,21.6,21.64,21.59,21.63,281900
2013-10-01,21.58,21.64,21.57,21.61,339200
2013-10-02,21.52,21.55,21.51,21.53,772400
2013-10-03,21.54,21.55,21.47,21.51,1360200
2013-10-04,21.55,21.62,21.53,21.61,445500
2013-10-07,21.56,21.61,21.54,21.55,1020300
2013-10-08,21.55,21.58,21.52,21.56,935000
2013-10-09,21.68,21.72,21.65,21.66,1066900
2013-10-10,21.71,21.73,21.66,21.7,3259800
2013-10-11,21.65,21.7,21.63,21.66,883300
2013-10-14,21.61,21.64,21.59,21.62,323200
2013-10-15,21.73,21.74,21.67,21.7,624900
2013-10-16,21.65,21.77,21.65,21.69,706700
2013-10-17,21.48,21.5,21.45,21.45,1094000
2013-10-18,21.46,21.47,21.43,21.45,497500
2013-10-21,21.5,21.5,21.45,21.47,288300
2013-10-22,21.42,21.42,21.33,21.35,1984700
2013-10-23,21.35,21.37,21.33,21.36,2519600
2013-10-24,21.32,21.35,21.32,21.33,490000
2013-10-25,21.34,21.35,21.32,21.34,290700
2013-10-28,21.37,21.39,21.34,21.38,798000
2013-10-29,21.4,21.47,21.36,21.44,1168300
2013-10-30,21.44,21.53,21.4,21.48,1204200
2013-10-31,21.55,21.63,21.53,21.63,1646900
2013-11-01,21.72,21.77,21.71,21.75,2661500
2013-11-04,21.72,21.73,21.69,21.69,583100
2013-11-05,21.73,21.77,21.73,21.74,439700
2013-11-06,21.68,21.7,21.65,21.67,898800
2013-11-07,21.87,21.89,21.73,21.77,2729200
2013-11-08,21.88,21.96,21.87,21.9,689600
2013-11-11,21.86,21.87,21.83,21.84,309200
2013-11-12,21.86,21.88,21.82,21.85,410800
2013-11-13,21.83,21.89,21.78,21.8,937600
2013-11-14,21.83,21.85,21.77,21.8,662700
2013-11-15,21.78,21.8,21.76,21.76,503700
2013-11-18,21.7,21.75,21.68,21.73,384100
2013-11-19,21.74,21.76,21.7,21.72,265800
2013-11-20,21.68,21.85,21.67,21.82,537100
2013-11-21,21.83,21.85,21.8,21.82,441200
2013-11-22,21.75,21.76,21.72,21.73,548000
2013-11-25,21.79,21.81,21.76,21.76,310400
2013-11-26,21.76,21.78,21.69,21.69,280100
2013-11-27,21.69,21.74,21.68,21.72,265800
2013-11-29,21.67,21.71,21.65,21.7,314400
2013-12-02,21.77,21.78,21.74,21.77,481300
2013-12-03,21.71,21.72,21.65,21.7,298900
2013-12-04,21.76,21.77,21.66,21.69,919600
2013-12-05,21.65,21.66,21.58,21.58,625800
2013-12-06,21.62,21.63,21.58,21.58,323900
2013-12-09,21.59,21.59,21.55,21.56,561800
2013-12-10,21.5,21.52,21.48,21.5,524600
2013-12-11,21.49,21.53,21.45,21.49,950300
2013-12-12,21.53,21.58,21.51,21.57,569000
2013-12-13,21.57,21.61,21.57,21.58,617400
2013-12-16,21.54,21.56,21.51,21.54,607100
2013-12-17,21.57,21.59,21.51,21.54,441300
2013-12-18,21.53,21.66,21.45,21.63,2020800
2013-12-19,21.67,21.7,21.66,21.68,1888400
2013-12-20,21.71,21.71,21.63,21.66,1297400
2013-12-23,21.62,21.63,21.59,21.62,333000
2013-12-24,21.66,21.67,21.63,21.64,333400
2013-12-26,21.63,21.65,21.63,21.63,270500
2013-12-27,21.52,21.61,21.5,21.59,794800
2013-12-30,21.54,21.54,21.47,21.49,968300
2013-12-31,21.52,21.55,21.49,21.52,656900
2014-01-02,21.67,21.69,21.64,21.65,1220400
2014-01-03,21.69,21.75,21.68,21.74,968800
2014-01-06,21.73,21.74,21.64,21.68,707400
2014-01-07,21.7,21.76,21.69,21.74,947700
2014-01-08,21.76,21.82,21.73,21.78,1141700
2014-01-09,21.79,21.8,21.75,21.76,651800
2014-01-10,21.72,21.72,21.62,21.67,486200
2014-01-13,21.66,21.68,21.62,21.62,541100
2014-01-14,21.65,21.67,21.62,21.66,509400
2014-01-15,21.77,21.8,21.75,21.76,453600
2014-01-16,21.71,21.77,21.7,21.74,638200
2014-01-17,21.78,21.84,21.76,21.82,1170200
2014-01-21,21.82,21.83,21.77,21.78,581900
2014-01-22,21.77,21.81,21.77,21.81,347900
2014-01-23,21.66,21.67,21.59,21.59,1391300
2014-01-24,21.6,21.62,21.58,21.62,1208100
2014-01-27,21.6,21.63,21.58,21.62,946000
2014-01-28,21.6,21.65,21.6,21.63,448200
2014-01-29,21.6,21.65,21.6,21.63,903700
2014-01-30,21.74,21.79,21.72,21.77,2343900
2014-01-31,21.82,21.85,21.79,21.83,1531000
2014-02-03,21.8,21.82,21.74,21.76,1813700
2014-02-04,21.79,21.81,21.77,21.78,528000
2014-02-05,21.79,21.81,21.74,21.75,755800
2014-02-06,21.69,21.73,21.67,21.72,3575900
2014-02-07,21.7,21.71,21.64,21.65,369200
2014-02-10,21.65,21.66,21.62,21.63,697500
2014-02-11,21.63,21.65,21.58,21.63,594200
2014-02-12,21.68,21.69,21.64,21.65,523700
2014-02-13,21.55,21.56,21.53,21.53,2552100
2014-02-14,21.5,21.51,21.49,21.49,511900
2014-02-18,21.46,21.47,21.44,21.45,1244500
2014-02-19,21.47,21.52,21.46,21.51,589600
2014-02-20,21.53,21.57,21.51,21.54,378000
2014-02-21,21.55,21.55,21.49,21.52,958700
2014-02-24,21.52,21.55,21.49,21.51,464000
2014-02-25,21.47,21.52,21.45,21.48,438200
2014-02-26,21.55,21.59,21.54,21.56,389100
2014-02-27,21.57,21.57,21.5,21.52,255900
2014-02-28,21.39,21.43,21.35,21.38,603200
2014-03-03,21.42,21.47,21.4,21.46,877500
2014-03-04,21.45,21.5,21.44,21.48,295200
2014-03-05,21.5,21.5,21.45,21.47,392800
2014-03-06,21.38,21.39,21.32,21.35,1978100
2014-03-07,21.38,21.39,21.35,21.37,752100
2014-03-10,21.38,21.39,21.36,21.38,581600
2014-03-11,21.39,21.4,21.35,21.38,418700
2014-03-12,21.35,21.36,21.31,21.32,1455100
2014-03-13,21.27,21.35,21.25,21.33,878100
2014-03-14,21.32,21.32,21.24,21.28,215100
2014-03-17,21.29,21.3,21.24,21.26,456600
2014-03-18,21.28,21.31,21.26,21.27,1077000
2014-03-19,21.29,21.46,21.25,21.43,1102000
2014-03-20,21.5,21.53,21.47,21.5,595200
2014-03-21,21.47,21.49,21.44,21.47,601400
2014-03-24,21.5,21.5,21.37,21.41,448200
2014-03-25,21.46,21.5,21.39,21.42,312500
2014-03-26,21.46,21.47,21.41,21.42,175300
2014-03-27,21.47,21.49,21.43,21.48,403000
2014-03-28,21.46,21.5,21.45,21.48,337900
2014-03-31,21.47,21.48,21.42,21.46,320100
2014-04-01,21.44,21.47,21.42,21.46,198800
2014-04-02,21.48,21.51,21.46,21.5,306600
2014-04-03,21.56,21.58,21.55,21.56,363600
2014-04-04,21.55,21.59,21.53,21.54,658500
2014-04-07,21.5,21.51,21.47,21.49,294700
2014-04-08,21.36,21.38,21.33,21.35,1182400
2014-04-09,21.34,21.36,21.27,21.27,782400
2014-04-10,21.29,21.3,21.23,21.26,776400
2014-04-11,21.27,21.27,21.24,21.27,549600
2014-04-14,21.34,21.35,21.32,21.33,358200
2014-04-15,21.36,21.38,21.32,21.35,431100
2014-04-16,21.35,21.37,21.34,21.37,192500
2014-04-17,21.32,21.37,21.31,21.37,243900
2014-04-21,21.36,21.4,21.36,21.39,160300
2014-04-22,21.36,21.4,21.35,21.37,177300
2014-04-23,21.36,21.37,21.33,21.37,107500
2014-04-24,21.39,21.39,21.34,21.34,467800
2014-04-25,21.33,21.34,21.31,21.34,285800
2014-04-28,21.29,21.34,21.29,21.32,243500
2014-04-29,21.33,21.36,21.33,21.34,133800
2014-04-30,21.28,21.3,21.25,21.28,545500
2014-05-01,21.27,21.28,21.25,21.27,598500
2014-05-02,21.35,21.35,21.25,21.27,330900
2014-05-05,21.25,21.26,21.24,21.26,238000
2014-05-06,21.16,21.17,21.14,21.16,581200
2014-05-07,21.15,21.18,21.15,21.17,802800
2014-05-08,21.2,21.24,21.19,21.22,880100
2014-05-09,21.31,21.37,21.31,21.35,553000
2014-05-12,21.33,21.37,21.33,21.37,381800
2014-05-13,21.39,21.44,21.39,21.42,278500
2014-05-14,21.42,21.42,21.4,21.41,385000
2014-05-15,21.44,21.45,21.37,21.39,427900
2014-05-16,21.38,21.41,21.38,21.39,358700
2014-05-19,21.37,21.39,21.35,21.39,201900
2014-05-20,21.4,21.41,21.39,21.4,420800
2014-05-21,21.44,21.47,21.4,21.4,864300
2014-05-22,21.46,21.46,21.44,21.44,217700
2014-05-23,21.49,21.5,21.47,21.48,639100
2014-05-27,21.48,21.51,21.47,21.47,330200
2014-05-28,21.52,21.53,21.51,21.53,1722800
2014-05-29,21.51,21.53,21.47,21.52,384000
2014-05-30,21.47,21.5,21.46,21.47,248900
2014-06-02,21.53,21.55,21.5,21.55,1003500
2014-06-03,21.5,21.53,21.5,21.53,191700
2014-06-04,21.52,21.56,21.52,21.55,503600
2014-06-05,21.6,21.6,21.45,21.46,599300
2014-06-06,21.49,21.51,21.47,21.47,363900
2014-06-09,21.54,21.57,21.51,21.55,1982400
2014-06-10,21.57,21.6,21.56,21.59,393900
2014-06-11,21.55,21.59,21.55,21.59,200500
2014-06-12,21.55,21.56,21.52,21.54,4938800
2014-06-13,21.52,21.56,21.52,21.54,876400
2014-06-16,21.5,21.51,21.48,21.48,465900
2014-06-17,21.53,21.54,21.51,21.54,633900
2014-06-18,21.5,21.53,21.46,21.47,461600
2014-06-19,21.41,21.45,21.39,21.43,1804200
2014-06-20,21.47,21.48,21.44,21.44,606700
2014-06-23,21.43,21.45,21.4,21.4,1338500
2014-06-24,21.41,21.47,21.41,21.42,467300
2014-06-25,21.39,21.41,21.38,21.4,229300
2014-06-26,21.43,21.45,21.4,21.41,362800
2014-06-27,21.38,21.38,21.34,21.34,275400
2014-06-30,21.33,21.33,21.26,21.26,900200
2014-07-01,21.28,21.29,21.27,21.27,367700
2014-07-02,21.33,21.33,21.31,21.31,191300
2014-07-03,21.4,21.42,21.39,21.39,352800
2014-07-07,21.41,21.41,21.39,21.4,219800
2014-07-08,21.4,21.4,21.37,21.39,274300
2014-07-09,21.38,21.4,21.33,21.34,1009400
2014-07-10,21.37,21.39,21.36,21.37,695100
2014-07-11,21.38,21.4,21.37,21.38,373800
2014-07-14,21.39,21.39,21.37,21.37,307200
2014-07-15,21.38,21.45,21.37,21.44,595600
2014-07-16,21.49,21.49,21.47,21.49,591700
2014-07-17,21.48,21.5,21.46,21.48,862100
2014-07-18,21.51,21.52,21.47,21.48,1315700
2014-07-21,21.48,21.5,21.47,21.47,3294900
2014-07-22,21.53,21.56,21.53,21.54,436200
2014-07-23,21.53,21.57,21.53,21.55,2365200
2014-07-24,21.56,21.58,21.56,21.58,216500
2014-07-25,21.61,21.63,21.59,21.62,337800
2014-07-28,21.62,21.62,21.6,21.62,176500
2014-07-29,21.64,21.67,21.64,21.66,293700
2014-07-30,21.73,21.75,21.69,21.71,3327900
2014-07-31,21.73,21.74,21.71,21.74,820900
2014-08-01,21.7,21.72,21.65,21.71,1786300
2014-08-04,21.69,21.7,21.68,21.7,787500
2014-08-05,21.74,21.77,21.73,21.75,529100
2014-08-06,21.78,21.78,21.71,21.72,1290300
2014-08-07,21.74,21.79,21.74,21.75,1517300
2014-08-08,21.72,21.72,21.66,21.7,904000
2014-08-11,21.71,21.72,21.71,21.71,169900
2014-08-12,21.74,21.76,21.72,21.73,320800
2014-08-13,21.72,21.78,21.71,21.75,306000
2014-08-14,21.72,21.76,21.7,21.74,439400
2014-08-15,21.71,21.73,21.69,21.7,418100
2014-08-18,21.71,21.75,21.71,21.74,194800
2014-08-19,21.8,21.83,21.8,21.82,342200
2014-08-20,21.85,21.93,21.85,21.92,885900
2014-08-21,21.91,21.92,21.88,21.89,306600
2014-08-22,21.89,21.97,21.89,21.94,1079100
2014-08-25,22.0,22.0,21.97,22.0,496600
2014-08-26,21.98,22.040001,21.97,22.02,969600
2014-08-27,21.99,22.0,21.95,21.97,1081800
2014-08-28,22.02,22.02,21.96,21.97,561700
2014-08-29,21.99,22.040001,21.95,22.02,756000
2014-09-02,22.11,22.12,22.08,22.09,2210600
2014-09-03,22.07,22.09,22.059999,22.07,884600
2014-09-04,22.19,22.34,22.19,22.3,1796000
2014-09-05,22.3,22.32,22.26,22.3,763300
2014-09-08,22.36,22.47,22.35,22.43,1138800
2014-09-09,22.48,22.49,22.38,22.39,1404100
2014-09-10,22.47,22.47,22.42,22.43,758500
2014-09-11,22.42,22.46,22.41,22.45,622200
2014-09-12,22.46,22.48,22.38,22.43,633100
2014-09-15,22.43,22.44,22.41,22.43,917700
2014-09-16,22.42,22.43,22.33,22.39,1488200
2014-09-17,22.37,22.55,22.36,22.53,2058700
2014-09-18,22.47,22.49,22.42,22.43,1146700
2014-09-19,22.5,22.57,22.5,22.55,4859200
2014-09-22,22.55,22.59,22.53,22.53,1261500
2014-09-23,22.49,22.56,22.47,22.53,716900
2014-09-24,22.61,22.65,22.6,22.63,1746800
2014-09-25,22.72,22.73,22.65,22.67,4432700
2014-09-26,22.73,22.81,22.72,22.8,1206900
2014-09-29,22.77,22.8,22.75,22.78,1324300
2014-09-30,22.91,22.91,22.85,22.87,2182500
2014-10-01,22.89,22.91,22.82,22.85,2711200
2014-10-02,22.77,22.84,22.73,22.78,2002000
2014-10-03,23.02,23.08,23.01,23.08,4528100
2014-10-06,23.01,23.02,22.78,22.82,2433400
2014-10-07,22.8,22.86,22.75,22.78,1793900
2014-10-08,22.79,22.85,22.66,22.68,5304300
2014-10-09,22.69,22.79,22.66,22.75,2343300
2014-10-10,22.84,22.87,22.8,22.86,5000900
2014-10-13,22.74,22.78,22.72,22.73,1278100
2014-10-14,22.8,22.85,22.77,22.83,1088200
2014-10-15,22.61,22.69,22.45,22.59,3995200
2014-10-16,22.64,22.68,22.53,22.59,2590000
2014-10-17,22.6,22.67,22.59,22.66,774900
2014-10-20,22.65,22.65,22.57,22.58,632500
2014-10-21,22.64,22.7,22.64,22.7,975900
2014-10-22,22.78,22.82,22.76,22.8,1199500
2014-10-23,22.8,22.85,22.8,22.82,1654900
2014-10-24,22.77,22.8,22.73,22.78,760600
2014-10-27,22.76,22.77,22.7,22.72,1045400
2014-10-28,22.67,22.72,22.66,22.68,824900
2014-10-29,22.68,22.87,22.63,22.85,4131300
2014-10-30,22.9,22.91,22.85,22.91,1385100
2014-10-31,23.15,23.17,23.07,23.09,2494300
2014-11-03,23.18,23.23,23.17,23.2,3115800
2014-11-04,23.19,23.2,23.09,23.14,961900
2014-11-05,23.28,23.29,23.22,23.25,1306900
2014-11-06,23.31,23.42,23.3,23.41,2041900
2014-11-07,23.36,23.37,23.24,23.27,2449300
2014-11-10,23.24,23.35,23.23,23.34,3801400
2014-11-11,23.34,23.36,23.2,23.25,1471200
2014-11-12,23.27,23.36,23.25,23.33,881500
2014-11-13,23.3,23.34,23.28,23.31,1127000
2014-11-14,23.43,23.44,23.21,23.25,1879500
2014-11-17,23.32,23.37,23.32,23.37,941000
2014-11-18,23.26,23.3,23.25,23.26,2395500
2014-11-19,23.26,23.31,23.2,23.3,1783800
2014-11-20,23.26,23.32,23.24,23.27,1938900
2014-11-21,23.39,23.48,23.39,23.46,1371800
2014-11-24,23.46,23.46,23.39,23.4,647100
2014-11-25,23.43,23.43,23.32,23.35,2760200
2014-11-26,23.3,23.31,23.23,23.28,1043100
2014-11-28,23.36,23.47,23.36,23.47,652300
2014-12-01,23.34,23.37,23.31,23.36,755600
2014-12-02,23.5,23.55,23.48,23.55,884000
2014-12-03,23.62,23.64,23.59,23.62,1289900
2014-12-04,23.55,23.57,23.42,23.53,2190000
2014-12-05,23.68,23.75,23.68,23.71,976700
2014-12-08,23.71,23.73,23.6,23.66,1889500
2014-12-09,23.51,23.56,23.39,23.55,1616200
2014-12-10,23.5,23.52,23.4,23.42,980100
2014-12-11,23.52,23.56,23.5,23.51,2236800
2014-12-12,23.41,23.47,23.38,23.43,1318500
2014-12-15,23.47,23.5,23.4,23.48,1093700
2014-12-16,23.28,23.39,23.27,23.31,1392600
2014-12-17,23.39,23.64,23.37,23.6,2199500
2014-12-18,23.68,23.71,23.65,23.67,1398100
2014-12-19,23.67,23.78,23.64,23.77,1562600
2014-12-22,23.77,23.81,23.73,23.79,1002000
2014-12-23,23.91,23.91,23.87,23.91,876100
2014-12-24,23.87,23.88,23.85,23.88,231500
2014-12-26,23.88,23.91,23.88,23.89,400400
2014-12-29,23.88,23.97,23.86,23.95,924000
2014-12-30,23.86,23.89,23.84,23.89,1883200
2014-12-31,23.92,23.98,23.9,23.97,2858800
2015-01-02,24.12,24.2,24.11,24.2,1887600
2015-01-05,24.31,24.31,24.22,24.25,2855500
2015-01-06,24.3,24.31,24.19,24.3,2262700
2015-01-07,24.43,24.47,24.34,24.39,2384600
2015-01-08,24.49,24.5,24.42,24.49,1685500
2015-01-09,24.5,24.5,24.36,24.38,2320100
2015-01-12,24.43,24.44,24.36,24.38,1938700
2015-01-13,24.47,24.5,24.41,24.45,1003700
2015-01-14,24.36,24.43,24.34,24.4,1373300
2015-01-15,24.43,24.58,24.4,24.48,2587500
2015-01-16,24.6,24.74,24.55,24.59,3106100
2015-01-20,24.61,24.7,24.6,24.69,1526900
2015-01-21,24.5,24.68,24.43,24.62,2895500
2015-01-22,24.76,25.01,24.69,24.99,3542900
2015-01-23,25.2,25.21,25.059999,25.21,2381900
2015-01-26,25.2,25.2,25.11,25.17,2516900
2015-01-27,24.96,25.0,24.85,24.93,2282400
2015-01-28,24.99,25.1,24.94,25.08,1987000
2015-01-29,25.059999,25.19,25.0,25.1,1564500
2015-01-30,25.13,25.16,25.1,25.13,1740900
2015-02-02,25.1,25.11,25.02,25.08,1816100
2015-02-03,24.91,24.93,24.69,24.79,4196800
2015-02-04,24.85,24.95,24.85,24.94,1158600
2015-02-05,24.85,24.87,24.73,24.76,922900
2015-02-06,25.0,25.09,24.98,25.059999,2861900
2015-02-09,25.049999,25.059999,24.98,25.040001,1661800
2015-02-10,25.07,25.1,25.040001,25.07,1133800
2015-02-11,25.1,25.18,25.09,25.16,2328700
2015-02-12,25.0,25.02,24.87,24.92,1878600
2015-02-13,24.89,24.93,24.85,24.91,1038800
2015-02-17,24.87,24.95,24.86,24.88,754000
2015-02-18,24.92,25.02,24.86,24.89,1736200
2015-02-19,24.94,24.98,24.92,24.98,523800
2015-02-20,25.059999,25.08,24.88,24.96,1902500
2015-02-23,25.01,25.059999,24.99,25.030001,2062500
2015-02-24,25.040001,25.12,24.97,24.98,1096300
2015-02-25,24.95,25.030001,24.91,24.93,1104000
2015-02-26,25.09,25.22,25.08,25.19,1625200
2015-02-27,25.2,25.23,25.15,25.2,2502900
2015-03-02,25.19,25.26,25.16,25.25,2238700
2015-03-03,25.22,25.25,25.15,25.24,1175900
2015-03-04,25.3,25.41,25.3,25.37,1635700
2015-03-05,25.48,25.54,25.43,25.49,1929500
2015-03-06,25.75,25.82,25.75,25.8,3306000
2015-03-09,25.78,25.83,25.75,25.8,2286300
2015-03-10,25.98,26.08,25.9,26.07,4272800
2015-03-11,26.25,26.4,26.21,26.36,3921600
2015-03-12,26.19,26.27,26.15,26.22,2784500
2015-03-13,26.3,26.5,26.3,26.49,3128100
2015-03-16,26.32,26.36,26.22,26.29,3028400
2015-03-17,26.22,26.31,26.18,26.3,2263500
2015-03-18,26.3,26.3,25.77,25.78,6037600
2015-03-19,26.09,26.23,26.07,26.17,3046600
2015-03-20,25.88,25.94,25.69,25.82,5947100
2015-03-23,25.58,25.68,25.52,25.54,4322300
2015-03-24,25.56,25.68,25.56,25.62,1700100
2015-03-25,25.47,25.57,25.47,25.55,5766300
2015-03-26,25.49,25.72,25.46,25.64,1953900
2015-03-27,25.67,25.7,25.56,25.66,1464600
2015-03-30,25.8,25.87,25.75,25.86,2087300
2015-03-31,25.98,26.0,25.79,25.9,2205300
2015-04-01,25.86,25.98,25.84,25.91,1787000
2015-04-02,25.7,25.73,25.65,25.71,2079800
2015-04-06,25.4,25.6,25.36,25.51,4332500
2015-04-07,25.72,25.81,25.65,25.8,3336400
2015-04-08,25.65,25.87,25.65,25.84,1595900
2015-04-09,25.91,26.14,25.89,26.11,5820800
2015-04-10,26.17,26.22,26.12,26.17,2372800
2015-04-13,26.22,26.24,26.17,26.21,3787600
2015-04-14,26.02,26.02,25.9,26.01,1565500
2015-04-15,26.01,26.1,25.86,25.89,1838800
2015-04-16,25.78,25.88,25.62,25.69,2882400
2015-04-17,25.72,25.73,25.61,25.63,1840500
2015-04-20,25.78,25.82,25.73,25.78,1430500
2015-04-21,25.89,25.9,25.7,25.81,1709900
2015-04-22,25.77,25.84,25.76,25.81,693600
2015-04-23,25.79,25.81,25.57,25.62,1236700
2015-04-24,25.52,25.63,25.48,25.52,2295700
2015-04-27,25.53,25.56,25.38,25.44,2261800
2015-04-28,25.39,25.39,25.25,25.28,3006600
2015-04-29,25.13,25.14,24.9,25.059999,6270900
2015-04-30,25.07,25.1,24.86,24.91,4334100
2015-05-01,24.91,25.1,24.88,25.030001,3059800
2015-05-04,25.07,25.14,25.07,25.1,1788900
2015-05-05,25.1,25.14,24.98,25.030001,4566800
2015-05-06,24.83,24.85,24.69,24.75,4300300
2015-05-07,24.85,24.93,24.83,24.88,5211300
2015-05-08,24.87,24.99,24.85,24.91,2066800
2015-05-11,25.01,25.02,24.95,24.99,1624500
2015-05-12,24.85,24.86,24.78,24.85,1658100
2015-05-13,24.68,24.7,24.56,24.63,3241200
2015-05-14,24.5,24.64,24.5,24.55,2641300
2015-05-15,24.66,24.68,24.47,24.51,2638400
2015-05-18,24.63,24.77,24.63,24.75,1648900
2015-05-19,25.059999,25.09,25.01,25.040001,2874900
2015-05-20,25.11,25.17,25.040001,25.09,3120700
2015-05-21,25.059999,25.09,25.02,25.049999,1373500
2015-05-22,25.22,25.3,25.22,25.28,2198500
2015-05-26,25.53,25.59,25.49,25.56,3438300
2015-05-27,25.67,25.68,25.53,25.57,2553500
2015-05-28,25.61,25.67,25.47,25.5,2598500
2015-05-29,25.49,25.53,25.42,25.46,1380600
2015-06-01,25.49,25.67,25.47,25.61,1924200
2015-06-02,25.29,25.3,25.13,25.22,2613000
2015-06-03,25.21,25.21,25.02,25.049999,2798100
2015-06-04,25.059999,25.1,24.97,25.08,2653700
2015-06-05,25.44,25.46,25.26,25.3,9123700
2015-06-08,25.17,25.19,24.99,25.01,2181900
2015-06-09,25.049999,25.09,24.95,24.98,1720800
2015-06-10,24.8,24.91,24.79,24.84,3695600
2015-06-11,24.99,25.049999,24.89,24.91,2166800
2015-06-12,24.99,25.01,24.84,24.89,1882300
2015-06-15,25.01,25.01,24.86,24.87,3983700
2015-06-16,24.92,24.97,24.89,24.92,2510200
2015-06-17,24.87,24.97,24.67,24.7,3489300
2015-06-18,24.55,24.7,24.54,24.62,3449400
2015-06-19,24.68,24.71,24.64,24.68,1866100
2015-06-22,24.67,24.75,24.61,24.73,4485400
2015-06-23,25.049999,25.059999,24.94,25.02,2062300
2015-06-24,25.01,25.030001,24.93,24.97,1201100
2015-06-25,24.95,24.98,24.92,24.93,2613500
2015-06-26,25.030001,25.07,24.96,25.0,1349400
2015-06-29,25.030001,25.059999,24.8,24.86,3796100
2015-06-30,24.91,25.07,24.9,25.030001,7634100
2015-07-01,25.16,25.25,25.12,25.23,2330200
2015-07-02,25.18,25.19,25.12,25.17,3496800
2015-07-06,25.29,25.29,25.15,25.22,1954800
2015-07-07,25.44,25.46,25.25,25.3,3097000
2015-07-08,25.22,25.28,25.18,25.2,1298400
2015-07-09,25.22,25.34,25.21,25.28,3374900
2015-07-10,25.040001,25.17,25.030001,25.1,2044100
2015-07-13,25.29,25.36,25.26,25.35,1643500
2015-07-14,25.24,25.33,25.24,25.31,612000
2015-07-15,25.39,25.47,25.39,25.42,1598600
2015-07-16,25.56,25.57,25.46,25.56,2289000
2015-07-17,25.57,25.62,25.57,25.62,1151700
2015-07-20,25.65,25.66,25.58,25.63,2512700
2015-07-21,25.59,25.6,25.41,25.45,2840400
2015-07-22,25.54,25.59,25.51,25.51,1785000
2015-07-23,25.49,25.49,25.38,25.41,3810000
2015-07-24,25.51,25.51,25.41,25.45,743400
2015-07-27,25.23,25.26,25.18,25.25,5693200
2015-07-28,25.33,25.35,25.27,25.27,2007400
2015-07-29,25.31,25.44,25.2,25.41,1706900
2015-07-30,25.5,25.58,25.5,25.51,2261100
2015-07-31,25.22,25.46,25.2,25.43,1651200
2015-08-03,25.46,25.51,25.43,25.49,1996500
2015-08-04,25.48,25.63,25.44,25.62,1009500
2015-08-05,25.6,25.68,25.55,25.61,884200
2015-08-06,25.62,25.62,25.54,25.56,1835600
2015-08-07,25.67,25.69,25.49,25.52,1993200
2015-08-10,25.53,25.54,25.36,25.4,1613700
2015-08-11,25.33,25.45,25.32,25.4,5032700
2015-08-12,25.19,25.19,25.059999,25.13,2714900
2015-08-13,25.23,25.28,25.17,25.17,1704900
2015-08-14,25.2,25.26,25.15,25.24,5183200
2015-08-17,25.22,25.33,25.22,25.28,865800
2015-08-18,25.36,25.36,25.31,25.34,567100
2015-08-19,25.35,25.35,25.17,25.18,1372300
2015-08-20,25.11,25.15,25.030001,25.040001,3300700
2015-08-21,24.89,24.93,24.76,24.8,5819900
2015-08-24,24.22,24.51,24.2,24.39,4701500
2015-08-25,24.57,24.74,24.56,24.56,3267600
2015-08-26,24.77,24.89,24.68,24.86,4857700
2015-08-27,25.01,25.07,24.95,25.02,9085500
2015-08-28,25.0,25.16,25.0,25.1,1192600
2015-08-31,25.02,25.14,25.02,25.059999,1489000
2015-09-01,24.96,25.01,24.89,24.91,1700600
2015-09-02,25.030001,25.059999,25.0,25.040001,864900
2015-09-03,25.19,25.23,25.13,25.16,2175700
2015-09-04,25.16,25.22,25.08,25.13,1015000
2015-09-08,25.08,25.09,25.01,25.040001,602000
2015-09-09,25.14,25.17,25.040001,25.040001,1448900
2015-09-10,25.030001,25.07,24.9,24.94,1149500
2015-09-11,24.94,24.95,24.83,24.83,679600
2015-09-14,24.84,24.91,24.84,24.84,667300
2015-09-15,24.87,24.97,24.86,24.94,780800
2015-09-16,24.91,24.92,24.83,24.87,909000
2015-09-17,24.82,24.88,24.61,24.61,2143500
2015-09-18,24.6,24.88,24.6,24.86,1347200
2015-09-21,24.94,25.049999,24.92,25.01,746200
2015-09-22,25.08,25.16,25.059999,25.12,1691700
2015-09-23,25.14,25.17,25.059999,25.12,526900
2015-09-24,25.0,25.049999,24.9,25.040001,1780900
2015-09-25,25.14,25.16,25.08,25.08,626700
2015-09-28,25.17,25.18,25.01,25.049999,1812100
2015-09-29,25.09,25.09,24.98,25.01,620200
2015-09-30,25.1,25.15,25.09,25.1,821100
2015-10-01,25.11,25.11,25.02,25.09,1220500
2015-10-02,24.86,25.030001,24.82,25.030001,1398600
2015-10-05,25.0,25.07,24.98,25.040001,1415100
2015-10-06,25.01,25.01,24.86,24.87,698600
2015-10-07,24.88,24.94,24.86,24.9,965500
2015-10-08,24.89,24.91,24.75,24.84,1499500
2015-10-09,24.73,24.75,24.67,24.72,1041500
2015-10-12,24.69,24.7,24.65,24.7,1162800
2015-10-13,24.7,24.72,24.66,24.66,819900
2015-10-14,24.56,24.6,24.43,24.45,1267500
2015-10-15,24.59,24.63,24.52,24.61,891500
2015-10-16,24.62,24.68,24.59,24.65,851800
2015-10-19,24.69,24.74,24.68,24.72,657500
2015-10-20,24.67,24.72,24.65,24.7,696400
2015-10-21,24.7,24.74,24.69,24.73,973200
2015-10-22,24.97,25.1,24.97,25.09,1042400
2015-10-23,25.22,25.32,25.21,25.3,1556600
2015-10-26,25.29,25.29,25.19,25.22,457700
2015-10-27,25.23,25.26,25.19,25.24,428300
2015-10-28,25.19,25.47,25.1,25.45,1547600
2015-10-29,25.43,25.43,25.32,25.34,847700
2015-10-30,25.25,25.28,25.15,25.25,1029400
2015-11-02,25.18,25.26,25.18,25.23,713500
2015-11-03,25.33,25.39,25.3,25.3,1132700
2015-11-04,25.44,25.54,25.43,25.51,2291200
2015-11-05,25.52,25.55,25.49,25.53,2320000
2015-11-06,25.83,25.87,25.79,25.83,3481300
2015-11-09,25.86,25.86,25.74,25.78,2125700
2015-11-10,25.89,25.91,25.82,25.85,1386900
2015-11-11,25.79,25.82,25.74,25.78,12430500
2015-11-12,25.81,25.81,25.63,25.67,5168800
2015-11-13,25.77,25.84,25.76,25.76,1042200
2015-11-16,25.83,25.9,25.82,25.9,2398900
2015-11-17,25.93,25.98,25.89,25.94,3042600
2015-11-18,25.93,26.0,25.89,25.94,3710500
2015-11-19,25.77,25.82,25.7,25.76,2226900
2015-11-20,25.8,25.94,25.79,25.94,1627100
2015-11-23,25.97,26.02,25.9,25.98,1602300
2015-11-24,25.94,25.97,25.89,25.93,1288100
2015-11-25,26.01,26.07,25.93,25.98,875500
2015-11-27,26.07,26.07,26.01,26.02,1755600
2015-11-30,26.08,26.1,26.049999,26.08,1890200
2015-12-01,26.0,26.02,25.94,25.96,1095100
2015-12-02,26.07,26.14,25.99,26.02,1853600
2015-12-03,25.71,25.73,25.38,25.4,6194000
2015-12-04,25.52,25.65,25.44,25.58,1944000
2015-12-07,25.7,25.71,25.62,25.66,2440500
2015-12-08,25.59,25.63,25.57,25.58,1419700
2015-12-09,25.42,25.44,25.27,25.31,3344400
2015-12-10,25.4,25.47,25.39,25.45,2889700
2015-12-11,25.37,25.42,25.29,25.35,845400
2015-12-14,25.35,25.4,25.27,25.4,1320300
2015-12-15,25.41,25.55,25.41,25.54,1141700
2015-12-16,25.51,25.61,25.36,25.54,2429500
2015-12-17,25.72,25.81,25.68,25.78,2856500
2015-12-18,25.76,25.76,25.62,25.63,1650200
2015-12-21,25.61,25.62,25.53,25.54,1357900
2015-12-22,25.48,25.53,25.45,25.5,1639300
2015-12-23,25.55,25.63,25.53,25.54,1887000
2015-12-24,25.45,25.48,25.43,25.48,834200
2015-12-28,25.44,25.46,25.42,25.45,1159600
2015-12-29,25.53,25.58,25.49,25.52,1025800
2015-12-30,25.52,25.58,25.52,25.52,666100
2015-12-31,25.59,25.67,25.58,25.65,1500400
2016-01-04,25.65,25.79,25.63,25.69,1136200
2016-01-05,25.82,25.9,25.81,25.84,1524800
2016-01-06,25.86,25.87,25.75,25.77,1032100
2016-01-07,25.66,25.71,25.5,25.51,4223300
2016-01-08,25.63,25.68,25.56,25.56,2147600
2016-01-11,25.65,25.69,25.59,25.68,2310300
2016-01-12,25.71,25.79,25.67,25.72,2911700
2016-01-13,25.76,25.77,25.68,25.68,1176400
2016-01-14,25.67,25.79,25.64,25.75,1238700
2016-01-15,25.58,25.71,25.57,25.69,4286300
2016-01-19,25.78,25.78,25.68,25.74,1620600
2016-01-20,25.72,25.77,25.67,25.75,1599100
2016-01-21,25.84,25.87,25.7,25.72,1752900
2016-01-22,25.78,25.87,25.76,25.86,1102500
2016-01-25,25.79,25.83,25.77,25.78,431700
2016-01-26,25.79,25.8,25.72,25.73,722100
2016-01-27,25.69,25.75,25.67,25.71,1386700
2016-01-28,25.63,25.65,25.55,25.59,1931000
2016-01-29,25.82,25.92,25.82,25.86,1775200
2016-02-01,25.75,25.77,25.68,25.69,1233300
2016-02-02,25.67,25.73,25.64,25.67,675700
2016-02-03,25.51,25.51,25.15,25.23,2496900
2016-02-04,25.07,25.13,25.01,25.059999,2113400
2016-02-05,25.19,25.25,25.14,25.17,1477100
2016-02-08,25.25,25.25,25.059999,25.11,905600
2016-02-09,24.92,24.98,24.83,24.93,1361400
2016-02-10,24.99,25.11,24.86,24.88,1109000
2016-02-11,24.77,24.85,24.72,24.81,2050000
2016-02-12,24.94,24.98,24.89,24.92,1285800
2016-02-16,25.07,25.17,25.059999,25.14,779200
2016-02-17,25.19,25.2,25.1,25.13,688400
2016-02-18,25.2,25.2,25.1,25.14,535800
2016-02-19,25.19,25.2,25.059999,25.07,2762000
2016-02-22,25.3,25.31,25.25,25.26,764700
2016-02-23,25.29,25.32,25.24,25.27,588700
2016-02-24,25.36,25.37,25.22,25.29,1143800
2016-02-25,25.33,25.35,25.23,25.27,1267000
2016-02-26,25.38,25.49,25.36,25.44,1476000
2016-02-29,25.53,25.53,25.46,25.49,782000
2016-03-01,25.51,25.58,25.5,25.5,1250000
2016-03-02,25.56,25.58,25.46,25.48,946900
2016-03-03,25.43,25.44,25.29,25.32,933200
2016-03-04,25.3,25.31,25.17,25.25,919100
2016-03-07,25.33,25.34,25.17,25.2,834700
2016-03-08,25.15,25.24,25.14,25.21,413600
2016-03-09,25.31,25.32,25.15,25.22,637500
2016-03-10,25.22,25.22,24.89,24.97,1419000
2016-03-11,25.0,25.030001,24.89,24.95,1090600
2016-03-14,25.030001,25.09,24.99,25.049999,1779800
2016-03-15,25.059999,25.1,25.040001,25.07,944300
2016-03-16,25.14,25.17,24.78,24.8,2988300
2016-03-17,24.6,24.63,24.54,24.58,1744500
2016-03-18,24.61,24.67,24.57,24.64,2202900
2016-03-21,24.67,24.74,24.67,24.72,1761900
2016-03-22,24.78,24.82,24.75,24.79,1180700
2016-03-23,24.88,24.95,24.88,24.92,1560900
2016-03-24,24.96,24.97,24.91,24.93,809400
2016-03-28,24.86,24.89,24.84,24.88,856100
2016-03-29,24.86,24.89,24.64,24.66,2853300
2016-03-30,24.63,24.63,24.51,24.58,3034800
2016-03-31,24.5,24.54,24.44,24.54,1858700
2016-04-01,24.58,24.65,24.5,24.53,1064500
2016-04-04,24.49,24.54,24.47,24.51,822700
2016-04-05,24.54,24.62,24.49,24.53,1372300
2016-04-06,24.55,24.56,24.43,24.48,2582100
2016-04-07,24.51,24.53,24.45,24.51,932800
2016-04-08,24.45,24.48,24.38,24.42,797900
2016-04-11,24.38,24.38,24.29,24.36,1338500
2016-04-12,24.37,24.45,24.34,24.36,1052700
2016-04-13,24.49,24.58,24.49,24.55,1139800
2016-04-14,24.59,24.63,24.56,24.61,1303700
2016-04-15,24.56,24.57,24.48,24.54,1007700
2016-04-18,24.53,24.53,24.45,24.49,724900
2016-04-19,24.36,24.39,24.33,24.37,1030800
2016-04-20,24.4,24.51,24.37,24.51,1428700
2016-04-21,24.4,24.53,24.39,24.51,1002600
2016-04-22,24.6,24.67,24.55,24.65,1517300
2016-04-25,24.58,24.58,24.52,24.57,676400
2016-04-26,24.42,24.52,24.4,24.5,881700
2016-04-27,24.45,24.57,24.38,24.47,1056700
2016-04-28,24.35,24.37,24.27,24.27,1081600
2016-04-29,24.12,24.15,24.09,24.1,2024500
2016-05-02,24.059999,24.07,23.97,24.01,3467800
2016-05-03,23.97,24.1,23.96,24.08,3855300
2016-05-04,24.13,24.19,24.1,24.17,2898800
2016-05-05,24.24,24.32,24.23,24.29,1761200
2016-05-06,24.27,24.35,24.25,24.32,2125600
2016-05-09,24.37,24.4,24.35,24.39,2404200
2016-05-10,24.4,24.43,24.35,24.41,1076200
2016-05-11,24.34,24.34,24.26,24.29,924700
2016-05-12,24.32,24.39,24.29,24.38,721700
2016-05-13,24.48,24.56,24.48,24.49,1182800
2016-05-16,24.47,24.5,24.44,24.48,554100
2016-05-17,24.48,24.49,24.42,24.48,662200
2016-05-18,24.55,24.67,24.5,24.65,1650600
2016-05-19,24.7,24.71,24.64,24.69,2701700
2016-05-20,24.66,24.72,24.65,24.69,888000
2016-05-23,24.71,24.73,24.63,24.68,1127200
2016-05-24,24.73,24.78,24.72,24.76,1107700
2016-05-25,24.75,24.76,24.68,24.69,1408500
2016-05-26,24.59,24.68,24.58,24.65,1425600
2016-05-27,24.71,24.8,24.71,24.79,1906300
2016-05-31,24.77,24.84,24.72,24.84,1066700
2016-06-01,24.73,24.77,24.69,24.7,1106000
2016-06-02,24.69,24.75,24.68,24.73,834700
2016-06-03,24.41,24.42,24.33,24.34,2995100
2016-06-06,24.36,24.39,24.27,24.34,941100
2016-06-07,24.31,24.34,24.28,24.3,1145800
2016-06-08,24.21,24.24,24.18,24.23,1564500
2016-06-09,24.32,24.36,24.31,24.34,1355200
2016-06-10,24.4,24.53,24.39,24.5,1867100
2016-06-13,24.5,24.51,24.4,24.44,1033900
2016-06-14,24.55,24.62,24.55,24.59,1682700
2016-06-15,24.58,24.58,24.44,24.53,1713800
2016-06-16,24.65,24.72,24.48,24.5,1753600
2016-06-17,24.42,24.47,24.37,24.39,1038700
2016-06-20,24.21,24.28,24.21,24.25,1573700
2016-06-21,24.29,24.37,24.29,24.37,812800
2016-06-22,24.25,24.31,24.19,24.26,1529300
2016-06-23,24.13,24.22,24.12,24.15,2863000
2016-06-24,24.82,24.83,24.6,24.78,5926400
2016-06-27,24.94,25.059999,24.93,24.99,4645600
2016-06-28,24.87,24.97,24.87,24.87,5571900
2016-06-29,24.8,24.81,24.74,24.79,1328200
2016-06-30,24.8,24.96,24.78,24.84,2207400
2016-07-01,24.73,24.81,24.71,24.76,736500
2016-07-05,24.77,24.93,24.77,24.93,887000
2016-07-06,24.89,24.99,24.85,24.86,1914600
2016-07-07,24.85,24.94,24.83,24.92,548200
2016-07-08,24.89,24.98,24.87,24.93,1173400
2016-07-11,24.96,25.02,24.95,25.0,1126300
2016-07-12,24.94,24.98,24.91,24.98,659100
2016-07-13,24.92,24.93,24.86,24.92,1157000
2016-07-14,24.89,24.91,24.85,24.86,884500
2016-07-15,24.94,25.0,24.91,24.96,2601900
2016-07-18,24.99,24.99,24.94,24.98,488400
2016-07-19,25.08,25.13,25.08,25.1,1071200
2016-07-20,25.16,25.17,25.1,25.12,1111200
2016-07-21,25.11,25.16,25.08,25.08,614200
2016-07-22,25.12,25.23,25.11,25.21,1118300
2016-07-25,25.2,25.22,25.16,25.17,1383800
2016-07-26,25.12,25.15,25.08,25.14,1717400
2016-07-27,25.14,25.22,25.01,25.02,1522600
2016-07-28,24.96,25.02,24.93,25.01,1165900
2016-07-29,24.77,24.79,24.65,24.67,3306200
2016-08-01,24.75,24.76,24.71,24.74,705500
2016-08-02,24.6,24.61,24.55,24.57,1902300
2016-08-03,24.66,24.71,24.64,24.71,1459400
2016-08-04,24.74,24.77,24.72,24.75,349800
2016-08-05,24.92,24.96,24.85,24.88,834700
2016-08-08,24.93,24.93,24.9,24.9,601800
2016-08-09,24.9,24.91,24.83,24.85,671700
2016-08-10,24.7,24.75,24.69,24.72,1372100
2016-08-11,24.75,24.8,24.71,24.79,740500
2016-08-12,24.67,24.75,24.66,24.75,745900
2016-08-15,24.73,24.73,24.68,24.71,539000
2016-08-16,24.56,24.57,24.48,24.49,1974600
2016-08-17,24.53,24.58,24.43,24.51,1490000
2016-08-18,24.43,24.44,24.32,24.33,1147700
2016-08-19,24.45,24.46,24.42,24.42,1072200
2016-08-22,24.46,24.47,24.42,24.45,1017400
2016-08-23,24.41,24.44,24.39,24.43,1427500
2016-08-24,24.49,24.54,24.48,24.5,1047400
2016-08-25,24.47,24.51,24.46,24.5,987200
2016-08-26,24.45,24.71,24.36,24.68,2873900
2016-08-29,24.76,24.77,24.69,24.7,1152900
2016-08-30,24.78,24.86,24.77,24.83,4898800
2016-08-31,24.86,24.87,24.8,24.82,2955800
2016-09-01,24.85,24.87,24.72,24.73,1397600
2016-09-02,24.68,24.81,24.67,24.79,2454100
2016-09-06,24.72,24.73,24.5,24.5,3033400
2016-09-07,24.5,24.57,24.48,24.54,1175200
2016-09-08,24.44,24.59,24.42,24.57,1295000
2016-09-09,24.65,24.7,24.63,24.64,1208100
2016-09-12,24.64,24.66,24.54,24.6,1337500
2016-09-13,24.67,24.73,24.62,24.7,771400
2016-09-14,24.7,24.71,24.6,24.64,413600
2016-09-15,24.65,24.69,24.6,24.63,994000
2016-09-16,24.78,24.84,24.75,24.83,1459600
2016-09-19,24.75,24.77,24.72,24.77,2601000
2016-09-20,24.78,24.82,24.77,24.81,2403400
2016-09-21,24.8,24.83,24.65,24.7,1220700
2016-09-22,24.58,24.67,24.56,24.67,1275800
2016-09-23,24.71,24.72,24.66,24.68,632200
2016-09-26,24.61,24.63,24.58,24.63,362400
2016-09-27,24.69,24.72,24.64,24.65,317200
2016-09-28,24.68,24.74,24.65,24.67,259900
2016-09-29,24.71,24.72,24.63,24.69,958900
2016-09-30,24.68,24.72,24.64,24.68,1338600
2016-10-03,24.7,24.76,24.7,24.73,732500
2016-10-04,24.87,24.93,24.78,24.84,1735000
2016-10-05,24.85,24.91,24.84,24.87,4292500
2016-10-06,24.95,25.030001,24.94,25.0,1200900
2016-10-07,24.97,25.07,24.94,24.96,2114200
2016-10-10,25.049999,25.08,25.01,25.059999,818600
2016-10-11,25.15,25.28,25.14,25.25,2256000
2016-10-12,25.31,25.35,25.26,25.32,1502100
2016-10-13,25.27,25.3,25.21,25.23,919700
2016-10-14,25.31,25.37,25.27,25.36,689500
2016-10-17,25.33,25.34,25.28,25.3,945200
2016-10-18,25.3,25.33,25.27,25.32,1219300
2016-10-19,25.31,25.34,25.28,25.33,1853000
2016-10-20,25.38,25.44,25.37,25.41,676300
2016-10-21,25.5,25.54,25.49,25.5,3574000
2016-10-24,25.49,25.55,25.48,25.53,721000
2016-10-25,25.6,25.62,25.49,25.52,1204400
2016-10-26,25.45,25.51,25.42,25.51,833800
2016-10-27,25.5,25.59,25.48,25.56,1390300
2016-10-28,25.54,25.54,25.39,25.41,1992400
2016-10-31,25.48,25.51,25.42,25.42,1010000
2016-11-01,25.34,25.35,25.24,25.29,2885900
2016-11-02,25.19,25.21,25.12,25.2,1744300
2016-11-03,25.18,25.2,25.1,25.13,1328500
2016-11-04,25.14,25.15,25.059999,25.059999,940800
2016-11-07,25.25,25.31,25.25,25.27,2672900
2016-11-08,25.27,25.34,25.25,25.34,913400
2016-11-09,25.38,25.5,25.37,25.5,2429100
2016-11-10,25.57,25.62,25.5,25.55,2705400
2016-11-11,25.52,25.62,25.51,25.59,1098700
2016-11-14,25.83,25.9,25.8,25.84,7033900
2016-11-15,25.88,25.92,25.84,25.88,4443000
2016-11-16,25.91,26.0,25.89,25.95,3750500
2016-11-17,25.91,26.1,25.91,26.1,2053000
2016-11-18,26.16,26.24,26.12,26.19,1549400
2016-11-21,26.11,26.17,26.059999,26.09,3162100
2016-11-22,26.11,26.2,26.09,26.13,2045200
2016-11-23,26.3,26.35,26.25,26.29,2362100
2016-11-25,26.19,26.25,26.16,26.24,3108300
2016-11-28,26.24,26.25,26.16,26.17,2102900
2016-11-29,26.21,26.22,26.08,26.11,1772200
2016-11-30,26.21,26.32,26.19,26.25,3417000
2016-12-01,26.2,26.25,26.1,26.11,1638200
2016-12-02,26.07,26.1,26.030001,26.049999,1791600
2016-12-05,25.96,25.98,25.81,25.88,4654700
2016-12-06,25.94,26.0,25.91,25.98,2478800
2016-12-07,25.96,25.96,25.89,25.9,1903600
2016-12-08,26.08,26.17,26.040001,26.13,2135000
2016-12-09,26.23,26.3,26.21,26.24,1499800
2016-12-12,26.12,26.18,26.059999,26.09,1717500
2016-12-13,26.1,26.14,26.040001,26.12,1766700
2016-12-14,26.08,26.44,26.030001,26.37,3033900
2016-12-15,26.59,26.76,26.57,26.66,3657600
2016-12-16,26.65,26.67,26.5,26.57,2103900
2016-12-19,26.6,26.66,26.53,26.65,1334000
2016-12-20,26.76,26.77,26.66,26.7,2896300
2016-12-21,26.59,26.65,26.56,26.62,1278800
2016-12-22,26.59,26.66,26.51,26.65,1713900
2016-12-23,26.65,26.67,26.59,26.63,909600
2016-12-27,26.65,26.65,26.62,26.62,655300
2016-12-28,26.73,26.77,26.66,26.69,1247400
2016-12-29,26.63,26.63,26.53,26.54,1331900
2016-12-30,26.44,26.46,26.35,26.46,1767900
2017-01-03,26.71,26.83,26.61,26.7,3455500
2017-01-04,26.57,26.59,26.47,26.5,3534000
2017-01-05,26.37,26.38,26.18,26.22,4269600
2017-01-06,26.39,26.44,26.3,26.41,3202700
2017-01-09,26.42,26.44,26.31,26.34,3506100
2017-01-10,26.33,26.38,26.26,26.35,2060000
2017-01-11,26.5,26.61,26.17,26.29,4496600
2017-01-12,26.13,26.23,26.049999,26.19,2173900
2017-01-13,26.18,26.28,26.13,26.16,1828400
2017-01-17,25.93,25.97,25.91,25.92,3444500
2017-01-18,26.02,26.18,25.97,26.16,3939800
2017-01-19,26.21,26.28,26.11,26.12,1595500
2017-01-20,26.13,26.17,26.02,26.030001,11995800
2017-01-23,25.95,25.99,25.86,25.89,2300900
2017-01-24,25.89,25.93,25.82,25.9,1638200
2017-01-25,25.89,25.91,25.81,25.81,2168900
2017-01-26,25.96,26.030001,25.93,25.98,3848100
2017-01-27,25.95,26.01,25.93,25.99,2262300
2017-01-30,26.049999,26.059999,25.91,25.94,1139200
2017-01-31,25.77,25.78,25.68,25.73,3570300
2017-02-01,25.82,25.85,25.71,25.75,4271800
2017-02-02,25.69,25.8,25.65,25.79,1361500
2017-02-03,25.82,25.82,25.71,25.78,2033200
2017-02-06,25.86,25.89,25.78,25.8,1703300
2017-02-07,25.96,26.01,25.86,25.93,1601500
2017-02-08,25.9,25.92,25.84,25.9,1412300
2017-02-09,25.9,26.01,25.89,26.0,1191500
2017-02-10,26.09,26.1,25.99,26.030001,1022100
2017-02-13,26.08,26.12,26.07,26.09,1089600
2017-02-14,26.059999,26.19,26.059999,26.15,2502000
2017-02-15,26.24,26.26,26.09,26.1,934400
2017-02-16,26.0,26.01,25.93,25.95,2129400
2017-02-17,25.96,26.08,25.96,26.08,999100
2017-02-21,26.21,26.25,26.17,26.2,1421800
2017-02-22,26.23,26.27,26.13,26.14,2048700
2017-02-23,26.11,26.13,26.059999,26.08,1291600
2017-02-24,26.08,26.13,26.059999,26.13,714500
2017-02-27,26.07,26.14,26.01,26.13,768600
2017-02-28,26.08,26.15,26.030001,26.11,2266900
2017-03-01,26.32,26.34,26.23,26.29,1646400
2017-03-02,26.39,26.42,26.35,26.4,2871200
2017-03-03,26.31,26.36,26.17,26.17,2932900
2017-03-06,26.2,26.28,26.2,26.26,1043200
2017-03-07,26.31,26.32,26.26,26.29,687200
2017-03-08,26.34,26.39,26.33,26.38,1171800
2017-03-09,26.31,26.36,26.29,26.33,1519800
2017-03-10,26.26,26.28,26.12,26.15,2008600
2017-03-13,26.16,26.19,26.13,26.19,1252100
2017-03-14,26.25,26.28,26.2,26.28,1214100
2017-03-15,26.25,26.25,25.97,25.97,3038700
2017-03-16,25.92,25.97,25.88,25.88,2869100
2017-03-17,25.91,25.92,25.86,25.89,1814700
2017-03-20,25.87,25.93,25.86,25.9,742900
2017-03-21,25.77,25.77,25.72,25.74,1933800
2017-03-22,25.73,25.76,25.7,25.72,970200
2017-03-23,25.73,25.77,25.72,25.75,1110700
2017-03-24,25.74,25.76,25.69,25.74,2017600
2017-03-27,25.53,25.61,25.52,25.6,1814800
2017-03-28,25.6,25.76,25.58,25.74,1657600
2017-03-29,25.84,25.85,25.79,25.79,550700
2017-03-30,25.83,25.96,25.81,25.96,1195300
2017-03-31,25.92,25.97,25.89,25.95,880100
2017-04-03,25.97,26.0,25.94,25.95,645000
2017-04-04,25.99,26.01,25.96,25.98,813100
2017-04-05,25.99,26.11,25.94,25.97,4699400
2017-04-06,25.98,26.030001,25.97,26.030001,807500
2017-04-07,26.07,26.16,26.040001,26.15,1037600
2017-04-10,26.12,26.13,26.08,26.1,666800
2017-04-11,26.049999,26.049999,25.99,26.02,688200
2017-04-12,26.02,26.059999,25.87,25.89,1544800
2017-04-13,25.91,25.99,25.91,25.98,820600
2017-04-17,25.89,25.93,25.83,25.91,880800
2017-04-18,25.78,25.82,25.69,25.69,1290900
2017-04-19,25.76,25.8,25.75,25.78,417500
2017-04-20,25.71,25.79,25.68,25.79,668900
2017-04-21,25.8,25.84,25.79,25.81,745900
2017-04-24,25.57,25.62,25.57,25.57,1643100
2017-04-25,25.59,25.59,25.48,25.5,1698300
2017-04-26,25.6,25.65,25.54,25.56,863600
2017-04-27,25.61,25.66,25.58,25.6,724600
2017-04-28,25.56,25.6,25.54,25.57,840200
2017-05-01,25.56,25.6,25.53,25.59,617700
2017-05-02,25.59,25.62,25.55,25.55,332500
2017-05-03,25.58,25.66,25.55,25.65,876700
2017-05-04,25.61,25.61,25.49,25.49,885400
2017-05-05,25.51,25.52,25.44,25.45,680100
2017-05-08,25.55,25.61,25.55,25.59,773200
2017-05-09,25.7,25.75,25.67,25.72,1847600
2017-05-10,25.7,25.76,25.7,25.73,549000
2017-05-11,25.76,25.76,25.71,25.74,349100
2017-05-12,25.65,25.65,25.61,25.61,690600
2017-05-15,25.52,25.57,25.52,25.54,739800
2017-05-16,25.39,25.41,25.33,25.35,1746200
2017-05-17,25.28,25.29,25.18,25.18,1257800
2017-05-18,25.21,25.33,25.19,25.27,1206800
2017-05-19,25.12,25.14,25.07,25.09,1152100
2017-05-22,25.040001,25.059999,25.0,25.049999,1134000
2017-05-23,25.030001,25.17,25.02,25.16,1008900
2017-05-24,25.16,25.18,25.08,25.08,1115900
2017-05-25,25.09,25.13,25.08,25.11,1103100
2017-05-26,25.18,25.2,25.15,25.17,413400
2017-05-30,25.16,25.18,25.12,25.14,1113800
2017-05-31,25.1,25.1,25.02,25.08,959000
2017-06-01,25.13,25.14,25.09,25.11,917100
2017-06-02,25.02,25.030001,24.97,24.99,1416000
2017-06-05,25.02,25.040001,25.0,25.01,1086100
2017-06-06,24.96,24.99,24.94,24.95,895700
2017-06-07,25.01,25.049999,24.94,24.98,522500
2017-06-08,25.049999,25.11,25.049999,25.07,724300
2017-06-09,25.2,25.2,25.13,25.15,652100
2017-06-12,25.12,25.16,25.1,25.11,429800
2017-06-13,25.09,25.1,25.059999,25.08,398000
2017-06-14,24.95,25.11,24.91,25.059999,1676600
2017-06-15,25.18,25.23,25.18,25.21,1148400
2017-06-16,25.17,25.18,25.1,25.12,917400
2017-06-19,25.16,25.23,25.15,25.23,637300
2017-06-20,25.23,25.29,25.23,25.27,615200
2017-06-21,25.26,25.27,25.2,25.22,1105800
2017-06-22,25.22,25.25,25.2,25.23,896800
2017-06-23,25.18,25.18,25.12,25.15,323100
2017-06-26,25.12,25.2,25.11,25.19,596600
2017-06-27,25.02,25.040001,24.91,24.91,1282600
2017-06-28,24.92,24.92,24.81,24.83,944400
2017-06-29,24.81,24.81,24.71,24.71,1831800
2017-06-30,24.76,24.79,24.73,24.75,1529700
2017-07-03,24.87,24.9,24.85,24.9,794300
2017-07-05,24.96,24.96,24.9,24.91,1570200
2017-07-06,24.83,24.85,24.79,24.8,357800
2017-07-07,24.85,24.89,24.83,24.84,376400
2017-07-10,24.87,24.88,24.84,24.85,212900
2017-07-11,24.87,24.88,24.75,24.76,1556800
2017-07-12,24.79,24.83,24.75,24.76,900900
2017-07-13,24.77,24.82,24.76,24.77,411500
2017-07-14,24.67,24.68,24.61,24.62,768100
2017-07-17,24.62,24.64,24.59,24.62,508200
2017-07-18,24.48,24.51,24.45,24.49,970500
2017-07-19,24.5,24.55,24.5,24.55,785600
2017-07-20,24.51,24.52,24.35,24.4,1016700
2017-07-21,24.37,24.38,24.3,24.32,644600
2017-07-24,24.33,24.37,24.32,24.33,419700
2017-07-25,24.3,24.37,24.26,24.37,757900
2017-07-26,24.38,24.41,24.18,24.23,1329500
2017-07-27,24.28,24.38,24.26,24.32,1390700
2017-07-28,24.24,24.25,24.16,24.17,859200
2017-07-31,24.21,24.22,24.040001,24.07,1432700
2017-08-01,24.08,24.13,24.040001,24.11,1150800
2017-08-02,24.1,24.11,23.98,24.08,2221800
2017-08-03,24.1,24.11,24.02,24.02,2071800
2017-08-04,24.12,24.3,24.11,24.23,2543100
2017-08-07,24.27,24.27,24.21,24.22,852700
2017-08-08,24.19,24.33,24.17,24.26,1390400
2017-08-09,24.3,24.33,24.23,24.24,1164800
2017-08-10,24.26,24.28,24.19,24.2,947700
2017-08-11,24.16,24.21,24.09,24.11,1472100
2017-08-14,24.2,24.23,24.18,24.21,832100
2017-08-15,24.36,24.38,24.3,24.32,915100
2017-08-16,24.39,24.39,24.22,24.24,757500
2017-08-17,24.32,24.32,24.25,24.29,542600
2017-08-18,24.21,24.27,24.2,24.21,249100
2017-08-21,24.18,24.19,24.11,24.14,632900
2017-08-22,24.21,24.26,24.21,24.24,558000
2017-08-23,24.2,24.21,24.14,24.14,686900
2017-08-24,24.18,24.2,24.16,24.19,807600
2017-08-25,24.16,24.21,23.97,23.99,1768700
2017-08-28,23.98,23.98,23.9,23.92,1302600
2017-08-29,23.81,23.95,23.81,23.95,1602900
2017-08-30,24.030001,24.11,24.01,24.1,1435200
2017-08-31,24.14,24.15,24.030001,24.030001,1254400
2017-09-01,24.02,24.11,24.0,24.08,1087700
2017-09-05,24.01,24.01,23.92,23.95,702800
2017-09-06,23.94,23.96,23.87,23.93,3111600
2017-09-07,23.77,23.83,23.73,23.76,2717600
2017-09-08,23.67,23.73,23.66,23.7,922300
2017-09-11,23.81,23.87,23.78,23.86,1451100
2017-09-12,23.87,23.89,23.82,23.85,2010900
2017-09-13,23.87,24.02,23.87,23.99,1976200
2017-09-14,23.99,23.99,23.9,23.92,1644000
2017-09-15,23.84,23.87,23.78,23.84,1469500
2017-09-18,23.87,23.94,23.83,23.9,611100
2017-09-19,23.84,23.9,23.81,23.83,582300
2017-09-20,23.82,24.07,23.74,24.02,2371000
2017-09-21,24.0,24.0,23.91,23.95,1203900
2017-09-22,23.9,23.94,23.86,23.93,1051700
2017-09-25,24.02,24.08,24.0,24.07,1238200
2017-09-26,24.16,24.23,24.12,24.15,1075800
2017-09-27,24.29,24.3,24.2,24.27,1619600
2017-09-28,24.23,24.23,24.18,24.2,816300
2017-09-29,24.17,24.23,24.15,24.18,642100
2017-10-02,24.3,24.36,24.27,24.32,1225700
2017-10-03,24.32,24.33,24.27,24.31,442700
2017-10-04,24.28,24.3,24.26,24.28,637400
2017-10-05,24.36,24.42,24.34,24.41,831400
2017-10-06,24.45,24.47,24.35,24.37,1172000
2017-10-09,24.36,24.37,24.31,24.33,1368300
2017-10-10,24.25,24.25,24.18,24.2,2710800
2017-10-11,24.16,24.19,24.12,24.13,1299800
2017-10-12,24.18,24.22,24.14,24.18,1161600
2017-10-13,24.1,24.19,24.09,24.18,824600
2017-10-16,24.22,24.25,24.18,24.24,733500
2017-10-17,24.32,24.36,24.28,24.3,1242500
2017-10-18,24.33,24.34,24.26,24.27,726100
2017-10-19,24.22,24.24,24.18,24.21,490100
2017-10-20,24.31,24.37,24.3,24.35,577900
2017-10-23,24.43,24.44,24.37,24.38,610200
2017-10-24,24.41,24.43,24.36,24.42,419800
2017-10-25,24.36,24.39,24.33,24.36,459500
2017-10-26,24.44,24.63,24.44,24.62,2757500
2017-10-27,24.71,24.75,24.65,24.68,2014700
2017-10-30,24.71,24.71,24.55,24.56,707600
2017-10-31,24.6,24.61,24.56,24.58,683200
2017-11-01,24.65,24.66,24.58,24.63,1327300
2017-11-02,24.64,24.65,24.55,24.63,1168200
2017-11-03,24.6,24.71,24.6,24.69,1159700
2017-11-06,24.72,24.72,24.63,24.63,753800
2017-11-07,24.7,24.74,24.66,24.67,830000
2017-11-08,24.66,24.69,24.65,24.66,1051800
2017-11-09,24.64,24.65,24.54,24.56,794900
2017-11-10,24.54,24.55,24.5,24.54,779300
2017-11-13,24.56,24.59,24.55,24.56,383600
2017-11-14,24.45,24.48,24.37,24.39,2395500
2017-11-15,24.35,24.41,24.33,24.38,976000
2017-11-16,24.4,24.43,24.38,24.41,751700
2017-11-17,24.37,24.39,24.32,24.34,969800
2017-11-20,24.39,24.47,24.39,24.46,737700
2017-11-21,24.45,24.45,24.4,24.43,914100
2017-11-22,24.36,24.36,24.23,24.24,1565200
2017-11-24,24.14,24.14,24.1,24.13,751900
2017-11-27,24.07,24.17,24.059999,24.16,1222300
2017-11-28,24.19,24.27,24.19,24.26,1448100
2017-11-29,24.27,24.3,24.22,24.25,869700
2017-11-30,24.22,24.23,24.12,24.19,2147600
2017-12-01,24.24,24.26,24.09,24.17,1941700
2017-12-04,24.25,24.28,24.24,24.25,1310800
2017-12-05,24.3,24.32,24.26,24.29,593900
2017-12-06,24.31,24.37,24.31,24.35,327700
2017-12-07,24.39,24.41,24.34,24.4,431300
2017-12-08,24.42,24.47,24.41,24.44,370500
2017-12-11,24.42,24.45,24.38,24.44,562900
2017-12-12,24.49,24.52,24.47,24.48,503300
2017-12-13,24.44,24.46,24.3,24.31,2250900
2017-12-14,24.36,24.4,24.31,24.33,1208600
2017-12-15,24.36,24.45,24.36,24.43,1388900
2017-12-18,24.31,24.37,24.28,24.37,1257400
2017-12-19,24.36,24.37,24.3,24.3,591800
2017-12-20,24.31,24.32,24.24,24.27,421500
2017-12-21,24.3,24.31,24.25,24.26,1463000
2017-12-22,24.29,24.32,24.27,24.27,184700
2017-12-26,24.26,24.26,24.24,24.25,517500
2017-12-27,24.19,24.22,24.18,24.2,678700
2017-12-28,24.13,24.15,24.11,24.13,426100
2017-12-29,24.040001,24.049999,23.98,24.030001,1459200
2018-01-02,23.93,23.97,23.92,23.93,546200
2018-01-03,23.98,24.030001,23.97,24.02,679900
2018-01-04,23.95,23.96,23.92,23.94,650500
2018-01-05,23.98,24.0,23.95,23.96,370100
2018-01-08,24.059999,24.08,24.040001,24.07,969800
2018-01-09,24.11,24.14,24.1,24.12,1158400
2018-01-10,24.0,24.09,24.0,24.059999,485100
2018-01-11,23.98,23.98,23.93,23.96,586800
2018-01-12,23.8,23.82,23.71,23.71,1098700
2018-01-16,23.66,23.68,23.55,23.58,2527000
2018-01-17,23.64,23.66,23.52,23.64,1057700
2018-01-18,23.62,23.64,23.58,23.61,425700
2018-01-19,23.6,23.65,23.58,23.65,748900
2018-01-22,23.59,23.64,23.56,23.57,1338400
2018-01-23,23.56,23.57,23.49,23.51,735500
2018-01-24,23.31,23.32,23.25,23.28,2078500
2018-01-25,23.17,23.38,23.09,23.31,4503100
2018-01-26,23.27,23.28,23.19,23.26,1603500
2018-01-29,23.34,23.39,23.3,23.32,1411200
2018-01-30,23.22,23.32,23.21,23.28,1466600
2018-01-31,23.21,23.31,23.17,23.25,1401800
2018-02-01,23.24,23.25,23.11,23.13,1743300
2018-02-02,23.27,23.35,23.23,23.27,3709800
2018-02-05,23.35,23.4,23.34,23.37,3408900
2018-02-06,23.48,23.51,23.37,23.42,2694900
2018-02-07,23.47,23.61,23.45,23.6,2405400
2018-02-08,23.52,23.61,23.51,23.6,1663600
2018-02-09,23.61,23.65,23.58,23.62,1841300
2018-02-12,23.6,23.6,23.53,23.54,1097600
2018-02-13,23.43,23.44,23.39,23.41,1308500
2018-02-14,23.47,23.48,23.23,23.23,1639500
2018-02-15,23.18,23.23,23.12,23.13,1538000
2018-02-16,23.25,23.31,23.2,23.29,812600
2018-02-20,23.4,23.45,23.39,23.44,1366800
2018-02-21,23.46,23.55,23.4,23.53,1138000
2018-02-22,23.47,23.48,23.42,23.45,2011900
2018-02-23,23.49,23.52,23.46,23.5,523300
2018-02-26,23.49,23.53,23.47,23.47,1095400
2018-02-27,23.53,23.65,23.52,23.62,1527100
2018-02-28,23.65,23.71,23.64,23.69,1119700
2018-03-01,23.74,23.77,23.58,23.61,1405800
2018-03-02,23.54,23.56,23.5,23.51,602700
2018-03-05,23.56,23.57,23.49,23.51,1274300
2018-03-06,23.46,23.46,23.41,23.45,1492700
2018-03-07,23.42,23.54,23.41,23.43,443000
2018-03-08,23.46,23.6,23.46,23.58,520100
2018-03-09,23.6,23.6,23.53,23.55,641000
2018-03-12,23.55,23.57,23.5,23.52,1024800
2018-03-13,23.5,23.53,23.43,23.46,609600
2018-03-14,23.47,23.51,23.46,23.47,1280200
2018-03-15,23.5,23.59,23.5,23.56,564300
2018-03-16,23.56,23.65,23.56,23.62,782500
2018-03-19,23.54,23.56,23.49,23.52,403400
2018-03-20,23.59,23.66,23.59,23.66,841100
2018-03-21,23.58,23.62,23.46,23.47,1043800
2018-03-22,23.5,23.55,23.49,23.5,723600
2018-03-23,23.45,23.46,23.4,23.42,798700
2018-03-26,23.34,23.36,23.29,23.31,1186400
2018-03-27,23.42,23.44,23.37,23.42,533400
2018-03-28,23.5,23.63,23.5,23.63,696500
2018-03-29,23.56,23.63,23.56,23.61,942600
2018-04-02,23.54,23.62,23.54,23.6,301100
2018-04-03,23.64,23.66,23.62,23.64,541300
2018-04-04,23.6,23.63,23.57,23.63,634500
2018-04-05,23.68,23.75,23.66,23.72,720400
2018-04-06,23.63,23.67,23.61,23.63,1083700
2018-04-09,23.56,23.58,23.55,23.57,2411100
2018-04-10,23.5,23.55,23.48,23.51,876800
2018-04-11,23.49,23.52,23.43,23.49,696500
2018-04-12,23.58,23.6,23.52,23.54,1713300
2018-04-13,23.55,23.56,23.52,23.54,1506500
2018-04-16,23.44,23.48,23.43,23.46,512100
2018-04-17,23.5,23.52,23.46,23.46,574000
2018-04-18,23.48,23.52,23.46,23.51,388000
2018-04-19,23.49,23.6,23.49,23.58,298900
2018-04-20,23.69,23.74,23.67,23.72,1691000
2018-04-23,23.8,23.88,23.8,23.87,1482900
2018-04-24,23.86,23.88,23.81,23.84,1062600
2018-04-25,23.93,23.96,23.91,23.94,816400
2018-04-26,23.89,24.059999,23.89,24.049999,958500
2018-04-27,24.1,24.12,24.030001,24.030001,826800
2018-04-30,24.13,24.14,24.07,24.13,782700
2018-05-01,24.25,24.32,24.24,24.29,2809700
2018-05-02,24.29,24.4,24.23,24.4,1757300
2018-05-03,24.31,24.35,24.27,24.3,883200
2018-05-04,24.39,24.41,24.31,24.33,925100
2018-05-07,24.4,24.42,24.36,24.38,997100
2018-05-08,24.48,24.52,24.43,24.47,767000
2018-05-09,24.44,24.48,24.42,24.47,583000
2018-05-10,24.36,24.45,24.33,24.36,673200
2018-05-11,24.29,24.35,24.28,24.32,369600
2018-05-14,24.26,24.36,24.25,24.35,946400
2018-05-15,24.54,24.58,24.47,24.5,1044400
2018-05-16,24.56,24.6,24.53,24.56,2209100
2018-05-17,24.6,24.62,24.56,24.59,796700
2018-05-18,24.67,24.68,24.61,24.64,484000
2018-05-21,24.66,24.69,24.61,24.62,971300
2018-05-22,24.6,24.64,24.59,24.61,740900
2018-05-23,24.74,24.79,24.71,24.71,2260800
2018-05-24,24.7,24.7,24.63,24.68,471600
2018-05-25,24.8,24.81,24.77,24.8,604700
2018-05-29,24.92,25.0,24.91,24.97,1098400
2018-05-30,24.85,24.87,24.76,24.78,2345800
2018-05-31,24.78,24.82,24.74,24.76,3064000
2018-06-01,24.79,24.88,24.77,24.8,1583400
2018-06-04,24.72,24.8,24.7,24.78,2888900
2018-06-05,24.8,24.85,24.7,24.75,1837200
2018-06-06,24.65,24.68,24.6,24.68,1524800
2018-06-07,24.59,24.63,24.58,24.63,1027100
2018-06-08,24.68,24.69,24.64,24.64,586500
2018-06-11,24.64,24.67,24.61,24.66,948400
2018-06-12,24.66,24.75,24.64,24.71,1051300
2018-06-13,24.69,24.78,24.64,24.67,1800800
2018-06-14,24.82,24.99,24.82,24.99,3826300
2018-06-15,24.96,25.0,24.95,24.97,1226700
2018-06-18,25.0,25.01,24.97,24.97,1152700
2018-06-19,25.07,25.09,25.030001,25.040001,849600
2018-06-20,25.040001,25.08,25.030001,25.059999,1258100
2018-06-21,25.040001,25.059999,24.95,24.99,3080000
2018-06-22,24.92,24.99,24.9,24.9,1596700
2018-06-25,24.88,24.9,24.84,24.86,941900
2018-06-26,24.92,24.99,24.91,24.99,1220600
2018-06-27,25.040001,25.17,25.040001,25.14,1612500
2018-06-28,25.15,25.17,25.09,25.14,798900
2018-06-29,25.02,25.040001,24.94,24.94,1134200
2018-07-02,25.11,25.11,25.059999,25.059999,788600
2018-07-03,25.0,25.0,24.96,24.98,492100
2018-07-05,24.92,24.95,24.89,24.9,860800
2018-07-06,24.81,24.84,24.78,24.82,727600
2018-07-09,24.77,24.87,24.76,24.83,791800
2018-07-10,24.9,24.92,24.84,24.84,873200
2018-07-11,24.84,25.030001,24.84,25.01,795600
2018-07-12,25.030001,25.040001,24.99,25.030001,1109800
2018-07-13,25.08,25.1,25.0,25.0,543700
2018-07-16,24.95,24.99,24.93,24.96,458500
2018-07-17,25.0,25.11,25.0,25.07,1234200
2018-07-18,25.15,25.15,25.08,25.1,507500
2018-07-19,25.23,25.24,25.07,25.15,1390200
2018-07-20,24.99,25.01,24.93,24.95,1048500
2018-07-23,24.95,25.02,24.95,24.99,1576300
2018-07-24,24.99,25.01,24.94,25.0,353900
2018-07-25,24.94,25.0,24.87,24.88,397200
2018-07-26,24.97,25.049999,24.96,25.049999,1280000
2018-07-27,25.040001,25.040001,25.01,25.02,439700
2018-07-30,24.97,24.97,24.91,24.93,591300
2018-07-31,24.96,24.99,24.94,24.98,576200
2018-08-01,25.01,25.030001,24.99,25.01,445800
2018-08-02,25.1,25.17,25.08,25.15,906700
2018-08-03,25.19,25.19,25.11,25.17,730700
2018-08-06,25.23,25.25,25.2,25.21,647900
2018-08-07,25.15,25.2,25.14,25.18,304900
2018-08-08,25.18,25.2,25.14,25.15,288500
2018-08-09,25.19,25.3,25.18,25.3,474400
2018-08-10,25.49,25.52,25.42,25.48,718400
2018-08-13,25.47,25.53,25.44,25.49,700800
2018-08-14,25.5,25.62,25.49,25.59,1770600
2018-08-15,25.66,25.67,25.58,25.59,877900
2018-08-16,25.56,25.62,25.5,25.57,640800
2018-08-17,25.49,25.51,25.44,25.44,1019300
2018-08-20,25.44,25.47,25.37,25.38,606200
2018-08-21,25.3,25.32,25.17,25.23,1564500
2018-08-22,25.16,25.21,25.14,25.16,983300
2018-08-23,25.28,25.35,25.23,25.32,1141900
2018-08-24,25.25,25.27,25.16,25.2,767500
2018-08-27,25.16,25.17,25.08,25.1,1301900
2018-08-28,25.01,25.1,25.01,25.1,993500
2018-08-29,25.1,25.14,25.049999,25.059999,597200
2018-08-30,25.11,25.15,25.08,25.08,610000
2018-08-31,25.16,25.24,25.12,25.19,988600
2018-09-04,25.32,25.37,25.29,25.3,2664700
2018-09-05,25.21,25.26,25.21,25.21,476900
2018-09-06,25.19,25.24,25.17,25.21,873700
2018-09-07,25.25,25.31,25.23,25.28,741000
2018-09-10,25.23,25.24,25.2,25.23,955000
2018-09-11,25.25,25.28,25.23,25.25,621900
2018-09-12,25.22,25.24,25.12,25.16,850100
2018-09-13,25.049999,25.11,25.040001,25.09,518500
2018-09-14,25.12,25.21,25.1,25.18,1536400
2018-09-17,25.07,25.09,25.059999,25.059999,338400
2018-09-18,25.049999,25.13,25.02,25.1,393500
2018-09-19,25.1,25.13,25.059999,25.09,267900
2018-09-20,24.94,24.98,24.9,24.91,1248000
2018-09-21,25.01,25.030001,24.97,24.99,742700
2018-09-24,24.91,25.01,24.89,24.99,2013500
2018-09-25,24.97,25.01,24.94,25.01,695100
2018-09-26,25.059999,25.059999,24.93,25.02,629000
2018-09-27,25.17,25.22,25.12,25.2,2658200
2018-09-28,25.3,25.31,25.22,25.26,1125200
2018-10-01,25.27,25.33,25.25,25.3,1595100
2018-10-02,25.37,25.39,25.32,25.34,1471500
2018-10-03,25.38,25.45,25.37,25.42,1033800
2018-10-04,25.43,25.48,25.38,25.43,1018000
2018-10-05,25.41,25.45,25.39,25.4,1279500
2018-10-08,25.5,25.51,25.43,25.43,761000
2018-10-09,25.51,25.54,25.41,25.42,898600
2018-10-10,25.39,25.42,25.35,25.39,1051600
2018-10-11,25.29,25.34,25.25,25.25,446700
2018-10-12,25.31,25.36,25.3,25.33,1070400
2018-10-15,25.27,25.29,25.25,25.27,422600
2018-10-16,25.21,25.28,25.21,25.28,244900
2018-10-17,25.36,25.43,25.33,25.41,641500
2018-10-18,25.44,25.53,25.42,25.52,541900
2018-10-19,25.51,25.52,25.42,25.47,667200
2018-10-22,25.52,25.57,25.52,25.56,1247000
2018-10-23,25.54,25.56,25.49,25.52,711300
2018-10-24,25.66,25.68,25.62,25.65,1189200
2018-10-25,25.66,25.75,25.66,25.72,1760100
2018-10-26,25.75,25.75,25.63,25.65,585100
2018-10-29,25.71,25.75,25.69,25.72,400700
2018-10-30,25.76,25.84,25.75,25.83,571700
2018-10-31,25.86,25.88,25.8,25.82,814100
2018-11-01,25.72,25.72,25.62,25.65,781400
2018-11-02,25.67,25.74,25.62,25.71,802900
2018-11-05,25.71,25.71,25.64,25.7,752800
2018-11-06,25.67,25.68,25.63,25.64,422200
2018-11-07,25.52,25.62,25.52,25.59,892800
2018-11-08,25.64,25.78,25.61,25.74,960500
2018-11-09,25.81,25.85,25.77,25.79,756900
2018-11-12,25.95,26.02,25.92,26.02,617600
2018-11-13,25.95,25.97,25.88,25.93,1204600
2018-11-14,25.93,25.94,25.8,25.84,714100
2018-11-15,25.94,25.94,25.84,25.9,475800
2018-11-16,25.74,25.75,25.7,25.71,991400
2018-11-19,25.69,25.71,25.64,25.69,496700
2018-11-20,25.72,25.85,25.72,25.82,374800
2018-11-21,25.77,25.82,25.76,25.82,514600
2018-11-23,25.82,25.88,25.82,25.87,147200
2018-11-26,25.82,25.92,25.82,25.92,244700
2018-11-27,25.9,26.030001,25.9,25.99,1076000
2018-11-28,26.0,26.040001,25.81,25.86,1654300
2018-11-29,25.85,25.88,25.82,25.82,535900
2018-11-30,25.88,25.99,25.88,25.92,325700
2018-12-03,25.88,25.93,25.87,25.93,478600
2018-12-04,25.78,25.93,25.78,25.88,879100
2018-12-06,25.87,25.88,25.79,25.87,492100
2018-12-07,25.82,25.85,25.78,25.8,1236600
2018-12-10,25.85,25.99,25.85,25.97,1093100
2018-12-11,25.99,26.08,25.98,26.040001,554600
2018-12-12,26.0,26.0,25.9,25.94,874300
2018-12-13,25.96,26.01,25.93,25.94,832900
2018-12-14,26.09,26.12,26.040001,26.040001,446600
2018-12-17,25.98,26.0,25.94,25.97,437300
2018-12-18,25.91,25.98,25.91,25.96,903600
2018-12-19,25.88,25.97,25.81,25.97,850000
2018-12-20,25.82,25.87,25.71,25.77,1127500
2018-12-21,25.82,25.97,25.82,25.94,1157000
2018-12-24,25.62,25.62,25.49,25.55,907100
2018-12-26,25.58,25.72,25.56,25.68,723700
2018-12-27,25.66,25.66,25.52,25.57,571600
2018-12-28,25.47,25.55,25.47,25.5,892100
2018-12-31,25.52,25.53,25.45,25.45,625300
2019-01-02,25.66,25.7,25.62,25.64,1241600
2019-01-03,25.61,25.61,25.5,25.5,486200
2019-01-04,25.62,25.62,25.46,25.46,1367300
2019-01-07,25.36,25.39,25.34,25.35,947600
2019-01-08,25.42,25.45,25.4,25.43,1929000
2019-01-09,25.35,25.37,25.19,25.19,1293800
2019-01-10,25.26,25.35,25.26,25.34,691400
2019-01-11,25.33,25.39,25.33,25.36,624700
2019-01-14,25.34,25.37,25.32,25.36,597000
2019-01-15,25.41,25.54,25.39,25.45,1286500
2019-01-16,25.46,25.5,25.46,25.48,268900
2019-01-17,25.48,25.55,25.47,25.48,330400
2019-01-18,25.49,25.59,25.49,25.56,1957700
2019-01-22,25.63,25.63,25.54,25.56,794700
2019-01-23,25.55,25.58,25.5,25.5,1153800
2019-01-24,25.53,25.68,25.53,25.65,267400
2019-01-25,25.55,25.55,25.43,25.44,619100
2019-01-28,25.44,25.47,25.4,25.46,932700
2019-01-29,25.46,25.47,25.42,25.47,591200
2019-01-30,25.47,25.5,25.3,25.34,1213100
2019-01-31,25.31,25.41,25.31,25.39,1455000
2019-02-01,25.35,25.42,25.35,25.39,1043600
2019-02-04,25.46,25.5,25.46,25.46,806700
2019-02-05,25.51,25.56,25.48,25.53,633000
2019-02-06,25.55,25.64,25.55,25.63,575200
2019-02-07,25.65,25.69,25.64,25.69,396900
2019-02-08,25.69,25.72,25.67,25.72,263800
2019-02-11,25.78,25.85,25.78,25.82,829300
2019-02-12,25.8,25.82,25.72,25.73,437000
2019-02-13,25.82,25.87,25.77,25.87,374100
2019-02-14,25.84,25.9,25.82,25.84,522600
2019-02-15,25.83,25.88,25.78,25.79,480000
2019-02-19,25.79,25.79,25.68,25.69,1069200
2019-02-20,25.72,25.73,25.65,25.71,352200
2019-02-21,25.69,25.75,25.69,25.73,209100
2019-02-22,25.73,25.75,25.69,25.72,165800
2019-02-25,25.68,25.74,25.68,25.7,372100
2019-02-26,25.66,25.71,25.56,25.6,391400
2019-02-27,25.57,25.64,25.57,25.62,389100
2019-02-28,25.61,25.67,25.6,25.64,340500
2019-03-01,25.63,25.75,25.61,25.74,886700
2019-03-04,25.77,25.82,25.77,25.77,254100
2019-03-05,25.81,25.88,25.8,25.84,426200
2019-03-06,25.83,25.85,25.82,25.84,782600
2019-03-07,25.95,26.07,25.95,26.07,689700
2019-03-08,25.99,25.99,25.96,25.99,512400
2019-03-11,25.95,25.99,25.93,25.93,605700
2019-03-12,25.9,25.91,25.85,25.88,593800
2019-03-13,25.84,25.85,25.75,25.76,519800
2019-03-14,25.83,25.85,25.82,25.84,266500
2019-03-15,25.82,25.82,25.77,25.8,349800
2019-03-18,25.75,25.81,25.75,25.77,381500
2019-03-19,25.73,25.76,25.72,25.74,269400
2019-03-20,25.75,25.78,25.56,25.59,1034500
2019-03-21,25.69,25.81,25.68,25.75,575800
2019-03-22,25.8,25.86,25.79,25.8,690100
2019-03-25,25.76,25.81,25.76,25.8,416100
2019-03-26,25.83,25.88,25.82,25.88,254000
2019-03-27,25.89,25.92,25.87,25.91,225300
2019-03-28,25.99,26.030001,25.97,26.0,315000
2019-03-29,25.98,26.030001,25.97,26.030001,582400
2019-04-01,25.97,26.030001,25.96,26.01,877300
2019-04-02,26.049999,26.1,26.030001,26.040001,325500
2019-04-03,25.98,26.0,25.95,26.0,2471200
2019-04-04,26.049999,26.049999,26.030001,26.030001,294000
2019-04-05,26.040001,26.09,26.040001,26.059999,222400
2019-04-08,25.98,26.0,25.96,25.97,329800
2019-04-09,25.93,25.98,25.93,25.98,958800
2019-04-10,26.02,26.02,25.93,25.94,1064300
2019-04-11,26.01,26.030001,25.98,26.02,287100
2019-04-12,25.92,25.98,25.91,25.96,336400
2019-04-15,25.93,25.97,25.93,25.95,197500
2019-04-16,25.99,26.01,25.96,26.01,267200
2019-04-17,25.99,26.01,25.98,25.99,162200
2019-04-18,26.09,26.14,26.08,26.13,491700
2019-04-22,26.09,26.1,26.07,26.07,230300
2019-04-23,26.18,26.22,26.16,26.16,734000
2019-04-24,26.23,26.34,26.19,26.29,565400
2019-04-25,26.33,26.35,26.3,26.34,709900
2019-04-26,26.3,26.31,26.25,26.31,268300
2019-04-29,26.31,26.33,26.25,26.25,293500
2019-04-30,26.16,26.21,26.15,26.17,1107300
2019-05-01,26.14,26.23,26.07,26.2,732900
2019-05-02,26.21,26.27,26.21,26.26,240100
2019-05-03,26.27,26.28,26.16,26.16,1292700
2019-05-06,26.22,26.23,26.17,26.18,453100
2019-05-07,26.21,26.25,26.19,26.2,451300
2019-05-08,26.19,26.23,26.17,26.21,254100
2019-05-09,26.21,26.23,26.12,26.16,205000
2019-05-10,26.12,26.16,26.09,26.15,273200
2019-05-13,26.07,26.16,26.07,26.15,395400
2019-05-14,26.19,26.21,26.19,26.21,200100
2019-05-15,26.24,26.26,26.19,26.22,414700
2019-05-16,26.26,26.32,26.26,26.29,169400
2019-05-17,26.3,26.35,26.3,26.35,399700
2019-05-20,26.34,26.34,26.32,26.33,400400
2019-05-21,26.37,26.39,26.31,26.37,758700
2019-05-22,26.37,26.39,26.36,26.39,311500
2019-05-23,26.46,26.47,26.31,26.34,538400
2019-05-24,26.3,26.31,26.25,26.25,228000
2019-05-28,26.3,26.38,26.3,26.36,455000
2019-05-29,26.4,26.43,26.38,26.42,355200
2019-05-30,26.44,26.46,26.42,26.43,228300
2019-05-31,26.39,26.39,26.31,26.32,569600
2019-06-03,26.3,26.3,26.15,26.18,2164100
2019-06-04,26.2,26.22,26.13,26.15,880800
2019-06-05,26.13,26.24,26.11,26.24,1373700
2019-06-06,26.15,26.19,26.09,26.15,567000
2019-06-07,26.059999,26.08,26.0,26.040001,685100
2019-06-10,26.08,26.14,26.07,26.07,497700
2019-06-11,26.08,26.11,26.059999,26.08,160500
2019-06-12,26.11,26.16,26.07,26.15,407200
2019-06-13,26.17,26.19,26.15,26.17,288800
2019-06-14,26.26,26.33,26.24,26.31,541100
2019-06-17,26.27,26.33,26.27,26.32,226000
2019-06-18,26.29,26.38,26.29,26.36,782400
2019-06-19,26.31,26.33,26.19,26.24,853600
2019-06-20,26.09,26.12,26.07,26.08,652300
2019-06-21,26.059999,26.09,25.95,25.95,1123300
2019-06-24,25.94,25.96,25.9,25.91,3073800
2019-06-25,25.91,26.01,25.89,25.97,1605700
2019-06-26,25.98,26.01,25.93,25.99,224300
2019-06-27,25.98,26.0,25.98,25.99,753200
2019-06-28,25.97,26.01,25.94,25.97,285900
2019-07-01,26.049999,26.17,26.040001,26.16,1022300
2019-07-02,26.12,26.16,26.09,26.14,383900
2019-07-03,26.12,26.16,26.09,26.14,677800
2019-07-05,26.27,26.34,26.27,26.28,389700
2019-07-08,26.31,26.34,26.3,26.33,316900
2019-07-09,26.36,26.37,26.34,26.35,370400
2019-07-10,26.29,26.31,26.23,26.24,540500
2019-07-11,26.23,26.27,26.23,26.24,158900
2019-07-12,26.24,26.24,26.17,26.19,208900
2019-07-15,26.19,26.23,26.19,26.23,217900
2019-07-16,26.3,26.36,26.3,26.35,485600
2019-07-17,26.34,26.34,26.28,26.3,260000
2019-07-18,26.3,26.32,26.16,26.16,350600
2019-07-19,26.28,26.33,26.26,26.29,332100
2019-07-22,26.32,26.34,26.31,26.34,286100
2019-07-23,26.43,26.47,26.43,26.46,309900
2019-07-24,26.45,26.48,26.42,26.46,292300
2019-07-25,26.44,26.53,26.41,26.51,1315600
2019-07-26,26.52,26.58,26.52,26.55,438500
2019-07-29,26.59,26.6,26.56,26.57,803900
2019-07-30,26.59,26.61,26.57,26.57,274300
2019-07-31,26.58,26.74,26.55,26.73,810400
2019-08-01,26.8,26.8,26.64,26.65,1117900
2019-08-02,26.66,26.66,26.58,26.59,370700
2019-08-05,26.48,26.5,26.42,26.46,1188500
2019-08-06,26.49,26.51,26.45,26.49,369900
2019-08-07,26.44,26.48,26.4,26.47,1999900
2019-08-08,26.51,26.51,26.42,26.49,2407900
2019-08-09,26.46,26.49,26.41,26.46,523600
2019-08-12,26.43,26.45,26.41,26.44,650200
2019-08-13,26.44,26.56,26.43,26.56,483800
2019-08-14,26.55,26.62,26.53,26.62,813600
2019-08-15,26.6,26.67,26.59,26.64,2435300
2019-08-16,26.71,26.71,26.64,26.66,730300
2019-08-19,26.68,26.73,26.67,26.72,517900
2019-08-20,26.73,26.74,26.65,26.66,516700
2019-08-21,26.67,26.71,26.66,26.69,1076900
2019-08-22,26.67,26.7,26.64,26.67,299600
2019-08-23,26.7,26.77,26.51,26.52,2520300
2019-08-26,26.62,26.66,26.61,26.66,487700
2019-08-27,26.62,26.64,26.61,26.64,284900
2019-08-28,26.68,26.71,26.67,26.7,808700
2019-08-29,26.73,26.79,26.7,26.77,1463500
2019-08-30,26.79,26.92,26.75,26.87,623500
2019-09-03,26.99,27.01,26.9,26.93,1803600
2019-09-04,26.82,26.83,26.75,26.76,1136600
2019-09-05,26.68,26.77,26.67,26.77,799900
2019-09-06,26.73,26.78,26.7,26.78,813300
2019-09-09,26.74,26.75,26.7,26.73,936100
2019-09-10,26.75,26.77,26.74,26.76,286900
2019-09-11,26.84,26.87,26.83,26.84,449500
2019-09-12,26.88,26.9,26.72,26.76,450400
2019-09-13,26.71,26.75,26.7,26.72,2010800
2019-09-16,26.8,26.86,26.8,26.84,433100
2019-09-17,26.82,26.84,26.72,26.72,395400
2019-09-18,26.76,26.86,26.75,26.82,895600
2019-09-19,26.76,26.79,26.73,26.76,517200
2019-09-20,26.83,26.86,26.82,26.83,303200
2019-09-23,26.89,26.89,26.85,26.87,355300
2019-09-24,26.85,26.85,26.77,26.77,513600
2019-09-25,26.9,26.99,26.88,26.98,894900
2019-09-26,26.95,27.059999,26.93,27.049999,821500
2019-09-27,27.040001,27.040001,26.98,27.01,394300
2019-09-30,27.1,27.11,27.059999,27.1,427500
2019-10-01,27.16,27.17,27.0,27.01,972700
2019-10-02,27.030001,27.040001,26.98,26.99,713300
2019-10-03,27.0,27.01,26.9,26.98,896300
2019-10-04,26.98,27.0,26.95,26.96,2127300
2019-10-07,26.95,27.01,26.94,27.01,452900
2019-10-08,27.0,27.08,27.0,27.049999,1320500
2019-10-09,27.0,27.049999,27.0,27.030001,346000
2019-10-10,26.96,26.99,26.91,26.92,467300
2019-10-11,26.82,26.86,26.79,26.82,558800
2019-10-14,26.88,26.9,26.86,26.9,336600
2019-10-15,26.91,26.93,26.81,26.82,413600
2019-10-16,26.8,26.82,26.73,26.75,614600
2019-10-17,26.66,26.68,26.63,26.65,545400
2019-10-18,26.61,26.63,26.55,26.55,397300
2019-10-21,26.54,26.59,26.54,26.57,391100
2019-10-22,26.61,26.64,26.56,26.63,2139300
2019-10-23,26.64,26.66,26.6,26.62,408100
2019-10-24,26.61,26.72,26.61,26.7,624900
2019-10-25,26.71,26.75,26.69,26.73,368600
2019-10-28,26.71,26.72,26.69,26.71,505800
2019-10-29,26.71,26.72,26.67,26.7,325400
2019-10-30,26.7,26.78,26.63,26.64,319200
2019-10-31,26.61,26.64,26.59,26.59,293500
2019-11-01,26.6,26.61,26.56,26.58,648800
2019-11-04,26.62,26.68,26.61,26.68,389200
2019-11-05,26.73,26.8,26.72,26.78,1795200
2019-11-06,26.75,26.79,26.75,26.78,425200
2019-11-07,26.8,26.87,26.8,26.84,548200
2019-11-08,26.91,26.92,26.88,26.9,237400
2019-11-11,26.87,26.87,26.85,26.86,135500
2019-11-12,26.9,26.92,26.88,26.9,347500
2019-11-13,26.92,26.92,26.89,26.89,150900
2019-11-14,26.91,26.93,26.85,26.87,123200
2019-11-15,26.83,26.84,26.81,26.81,439200
2019-11-18,26.79,26.79,26.73,26.76,528700
2019-11-19,26.77,26.79,26.76,26.79,269700
2019-11-20,26.8,26.83,26.79,26.79,473500
2019-11-21,26.79,26.85,26.78,26.83,111300
2019-11-22,26.81,26.92,26.81,26.91,225800
2019-11-25,26.93,26.94,26.89,26.93,601200
2019-11-26,26.92,26.94,26.9,26.9,307900
2019-11-27,26.94,26.96,26.93,26.94,176000
2019-11-29,26.95,26.98,26.9,26.91,2004200
2019-12-02,26.88,26.89,26.79,26.8,704800
2019-12-03,26.77,26.79,26.75,26.77,499700
2019-12-04,26.7,26.76,26.68,26.74,317000
2019-12-05,26.72,26.72,26.68,26.68,270800
2019-12-06,26.76,26.82,26.75,26.78,313400
2019-12-09,26.74,26.78,26.74,26.75,212200
2019-12-10,26.71,26.75,26.7,26.72,205700
2019-12-11,26.7,26.72,26.59,26.62,552300
2019-12-12,26.61,26.74,26.61,26.66,627300
2019-12-13,26.58,26.66,26.58,26.66,291700
2019-12-16,26.59,26.63,26.57,26.61,814400
2019-12-17,26.64,26.66,26.63,26.66,199300
2019-12-18,26.69,26.72,26.68,26.71,237900
2019-12-19,26.72,26.73,26.69,26.71,427300
2019-12-20,26.76,26.81,26.76,26.8,686800
2019-12-23,26.37,26.37,26.24,26.26,826000
2019-12-24,26.27,26.28,26.24,26.26,274200
2019-12-26,26.24,26.26,26.21,26.22,235100
2019-12-27,26.12,26.14,26.07,26.09,573300
2019-12-30,26.040001,26.049999,26.0,26.040001,527600
2019-12-31,25.96,25.98,25.93,25.97,505200
2020-01-02,26.049999,26.08,25.99,26.059999,556500
2020-01-03,26.12,26.12,26.040001,26.09,663500
2020-01-06,26.02,26.049999,26.02,26.030001,308800
2020-01-07,26.1,26.14,26.1,26.12,145100
2020-01-08,26.15,26.21,26.14,26.19,685600
2020-01-09,26.24,26.28,26.24,26.24,167000
2020-01-10,26.26,26.27,26.21,26.22,211800
2020-01-13,26.25,26.26,26.21,26.22,217000
2020-01-14,26.27,26.28,26.22,26.23,589900
2020-01-15,26.18,26.22,26.18,26.19,242500
2020-01-16,26.19,26.24,26.19,26.23,108600
2020-01-17,26.29,26.32,26.29,26.32,284500
2020-01-21,26.26,26.31,26.26,26.3,327200
2020-01-22,26.27,26.33,26.27,26.28,216500
2020-01-23,26.33,26.37,26.32,26.35,126400
2020-01-24,26.38,26.42,26.38,26.39,221800
2020-01-27,26.4,26.44,26.4,26.43,226800
2020-01-28,26.46,26.48,26.43,26.43,158400
2020-01-29,26.48,26.49,26.44,26.47,152600
2020-01-30,26.43,26.44,26.39,26.39,160900
2020-01-31,26.35,26.36,26.27,26.28,784700
2020-02-03,26.38,26.43,26.38,26.41,860600
2020-02-04,26.43,26.45,26.43,26.45,469400
2020-02-05,26.52,26.55,26.5,26.55,388100
2020-02-06,26.55,26.62,26.55,26.6,140600
2020-02-07,26.59,26.66,26.59,26.66,95700
2020-02-10,26.68,26.71,26.66,26.7,256100
2020-02-11,26.69,26.69,26.66,26.67,268900
2020-02-12,26.66,26.75,26.66,26.74,172400
2020-02-13,26.74,26.77,26.72,26.77,592400
2020-02-14,26.77,26.78,26.73,26.76,162600
2020-02-18,26.86,26.87,26.8,26.86,148400
2020-02-19,26.91,26.94,26.9,26.91,246100
2020-02-20,26.94,26.99,26.93,26.99,385600
2020-02-21,26.94,26.94,26.82,26.83,1199500
2020-02-24,26.87,26.88,26.78,26.84,335800
2020-02-25,26.83,26.84,26.73,26.76,355000
2020-02-26,26.79,26.84,26.76,26.78,1037600
2020-02-27,26.64,26.68,26.59,26.62,1103600
2020-02-28,26.62,26.71,26.49,26.53,4081100
2020-03-02,26.41,26.42,26.29,26.39,1447200
2020-03-03,26.39,26.39,26.23,26.28,1429500
2020-03-04,26.37,26.41,26.34,26.37,613900
2020-03-05,26.24,26.28,26.16,26.17,848300
2020-03-06,25.93,26.040001,25.92,26.02,1574800
2020-03-09,25.74,25.75,24.64,25.74,2684400
2020-03-10,25.91,26.16,25.91,26.12,5135700
2020-03-11,26.040001,26.17,26.01,26.16,722700
2020-03-12,26.25,26.66,26.19,26.44,3224700
2020-03-13,26.57,27.97,26.54,27.44,1333500
2020-03-16,26.65,26.69,26.33,26.56,1673200
2020-03-17,26.93,27.1,26.91,27.030001,1456000
2020-03-18,27.23,28.01,27.22,27.44,4116300
2020-03-19,28.89,28.9,27.75,28.09,4056500
2020-03-20,28.0,28.08,27.68,28.01,6811700
2020-03-23,27.86,28.0,27.73,27.97,2220200
2020-03-24,27.55,27.74,27.51,27.65,5991000
2020-03-25,27.55,27.64,27.3,27.39,4433200
2020-03-26,27.15,27.16,26.94,26.95,7221000
2020-03-27,27.08,27.11,26.67,26.73,4150600
2020-03-30,26.89,26.95,26.84,26.85,2272500
2020-03-31,26.98,27.049999,26.79,26.83,1534800
2020-04-01,26.99,27.049999,26.95,27.0,3000000
2020-04-02,27.12,27.21,27.040001,27.14,3650000
2020-04-03,27.26,27.35,27.24,27.29,3110700
2020-04-06,27.27,27.36,27.25,27.3,1704900
2020-04-07,27.01,27.1,27.0,27.049999,2140300
2020-04-08,27.07,27.15,27.07,27.15,2153400
2020-04-09,26.95,27.0,26.89,26.95,1685500
2020-04-13,26.94,26.97,26.88,26.91,1185600
2020-04-14,26.82,26.84,26.76,26.76,2435900
2020-04-15,27.049999,27.059999,26.88,26.96,2069600
2020-04-16,27.02,27.18,26.99,27.08,2609300
2020-04-17,27.02,27.040001,26.97,27.01,881600
2020-04-20,27.07,27.1,27.01,27.1,1298900
2020-04-21,27.2,27.22,27.1,27.14,1643800
2020-04-22,27.1,27.23,27.1,27.22,947700
2020-04-23,27.24,27.26,27.1,27.23,1491100
2020-04-24,27.2,27.23,27.16,27.17,843600
2020-04-27,27.059999,27.13,27.049999,27.1,2184200
2020-04-28,26.98,27.08,26.97,27.07,1051400
2020-04-29,26.98,27.040001,26.94,26.96,781800
2020-04-30,26.97,27.0,26.76,26.79,1839200
2020-05-01,26.79,26.84,26.74,26.82,1096100
2020-05-04,26.93,26.98,26.91,26.97,1000500
2020-05-05,27.0,27.030001,26.9,26.99,4938200
2020-05-06,27.07,27.13,27.040001,27.12,755100
2020-05-07,27.15,27.18,27.01,27.040001,653200
2020-05-08,27.030001,27.059999,26.91,27.030001,1091300
2020-05-11,27.08,27.16,27.059999,27.13,4346000
2020-05-12,27.02,27.08,26.99,27.08,629400
2020-05-13,27.02,27.15,27.0,27.13,826600
2020-05-14,27.19,27.21,27.13,27.16,940300
2020-05-15,27.12,27.2,27.09,27.18,450800
2020-05-18,27.08,27.1,26.95,26.96,1819600
2020-05-19,26.93,26.95,26.87,26.94,803400
2020-05-20,26.83,26.86,26.79,26.85,1790200
2020-05-21,26.84,26.94,26.83,26.91,1025400
2020-05-22,27.0,27.030001,26.98,26.99,2072200
2020-05-26,26.81,26.82,26.75,26.79,1059900
2020-05-27,26.78,26.87,26.76,26.78,581800
2020-05-28,26.72,26.74,26.61,26.64,3065100
2020-05-29,26.58,26.65,26.53,26.6,1369300
2020-06-01,26.53,26.55,26.45,26.45,1381400
2020-06-02,26.4,26.44,26.36,26.42,787400
2020-06-03,26.38,26.39,26.26,26.26,6785400
2020-06-04,26.28,26.28,26.1,26.16,3238700
2020-06-05,26.16,26.23,26.14,26.21,4095300
2020-06-08,26.16,26.19,26.12,26.14,1794500
2020-06-09,26.14,26.15,26.030001,26.059999,1034100
2020-06-10,25.99,26.07,25.88,25.93,1231100
2020-06-11,26.040001,26.2,25.97,26.19,1079800
2020-06-12,26.18,26.37,26.14,26.26,1784900
2020-06-15,26.28,26.3,26.11,26.15,725200
2020-06-16,26.17,26.3,26.17,26.23,1421400
2020-06-17,26.24,26.33,26.24,26.25,751200
2020-06-18,26.31,26.38,26.29,26.35,616000
2020-06-19,26.3,26.42,26.3,26.38,1957900
2020-06-22,26.32,26.32,26.21,26.24,935100
2020-06-23,26.1,26.15,26.049999,26.15,1563800
2020-06-24,26.21,26.29,26.2,26.27,1174900
2020-06-25,26.35,26.37,26.31,26.31,1144800
2020-06-26,26.33,26.41,26.32,26.35,556200
2020-06-29,26.28,26.39,26.28,26.36,551400
2020-06-30,26.39,26.41,26.28,26.32,995400
2020-07-01,26.31,26.33,26.23,26.26,736900
2020-07-02,26.24,26.33,26.2,26.28,519300
2020-07-06,26.12,26.17,26.09,26.14,984100
2020-07-07,26.15,26.22,26.15,26.2,598100
2020-07-08,26.14,26.15,26.049999,26.059999,439000
2020-07-09,26.040001,26.16,26.030001,26.15,629200
2020-07-10,26.09,26.13,26.059999,26.11,219500
2020-07-13,26.07,26.09,26.01,26.07,374500
2020-07-14,26.09,26.09,25.99,26.02,774400
2020-07-15,25.9,25.98,25.87,25.95,525400
2020-07-16,25.98,26.049999,25.91,26.040001,373900
2020-07-17,25.97,25.97,25.91,25.93,420100
2020-07-20,25.93,25.97,25.88,25.89,296500
2020-07-21,25.86,25.87,25.68,25.73,1351000
2020-07-22,25.65,25.68,25.62,25.66,653800
2020-07-23,25.68,25.69,25.56,25.61,1249900
2020-07-24,25.55,25.58,25.49,25.5,1095200
2020-07-27,25.33,25.35,25.25,25.31,1412600
2020-07-28,25.33,25.36,25.29,25.35,1246000
2020-07-29,25.28,25.28,25.17,25.23,1282400
2020-07-30,25.2,25.25,25.12,25.13,537200
2020-07-31,25.15,25.29,25.13,25.28,1742100
2020-08-03,25.39,25.41,25.27,25.28,1447400
2020-08-04,25.34,25.35,25.19,25.19,1094400
2020-08-05,25.059999,25.11,25.01,25.08,1266200
2020-08-06,25.09,25.16,25.040001,25.08,766900
2020-08-07,25.25,25.31,25.22,25.23,1201700
2020-08-10,25.27,25.3,25.21,25.27,1037600
2020-08-11,25.26,25.33,25.22,25.31,1124600
2020-08-12,25.23,25.27,25.19,25.23,607700
2020-08-13,25.17,25.24,25.11,25.22,1077600
2020-08-14,25.17,25.19,25.13,25.18,1913500
2020-08-17,25.12,25.12,25.07,25.07,951900
2020-08-18,24.92,24.98,24.89,24.93,1104800
2020-08-19,24.95,25.15,24.92,25.13,1512800
2020-08-20,25.19,25.19,25.059999,25.059999,933200
2020-08-21,25.2,25.26,25.18,25.18,1667500
2020-08-24,25.11,25.22,25.11,25.22,450400
2020-08-25,25.14,25.19,25.12,25.13,869200
2020-08-26,25.19,25.19,25.08,25.1,879900
2020-08-27,25.02,25.22,25.0,25.13,698300
2020-08-28,24.96,25.01,24.92,24.93,1200300
2020-08-31,24.9,24.94,24.85,24.9,1732200
2020-09-01,24.8,24.97,24.8,24.95,1022900
2020-09-02,25.049999,25.1,25.030001,25.040001,1923900
2020-09-03,25.07,25.13,25.040001,25.049999,1004400
2020-09-04,25.14,25.18,25.040001,25.09,1193400
2020-09-08,25.21,25.25,25.18,25.22,1556900
2020-09-09,25.2,25.2,25.15,25.18,646300
2020-09-10,25.07,25.24,25.040001,25.23,950300
2020-09-11,25.17,25.23,25.17,25.18,467800
2020-09-14,25.1,25.15,25.08,25.12,611900
2020-09-15,25.1,25.17,25.09,25.14,448500
2020-09-16,25.1,25.2,25.08,25.17,601600
2020-09-17,25.2,25.2,25.08,25.08,875600
2020-09-18,25.11,25.13,25.049999,25.11,820100
2020-09-21,25.24,25.34,25.23,25.29,1408500
2020-09-22,25.3,25.42,25.28,25.38,1328300
2020-09-23,25.45,25.54,25.4,25.52,12116400
2020-09-24,25.54,25.56,25.44,25.48,2385000
2020-09-25,25.57,25.6,25.54,25.55,1410500
2020-09-28,25.45,25.5,25.43,25.47,756400
2020-09-29,25.4,25.42,25.35,25.35,1239000
2020-09-30,25.4,25.45,25.3,25.35,1218000
2020-10-01,25.33,25.38,25.31,25.31,915800
2020-10-02,25.37,25.38,25.33,25.37,1354000
2020-10-05,25.27,25.27,25.22,25.26,1047100
2020-10-06,25.22,25.35,25.22,25.33,2283000
2020-10-07,25.31,25.32,25.28,25.3,1158500
2020-10-08,25.3,25.35,25.28,25.29,885300
2020-10-09,25.17,25.2,25.12,25.14,1993200
2020-10-12,25.13,25.14,25.11,25.11,676000
2020-10-13,25.22,25.27,25.21,25.26,12537500
2020-10-14,25.21,25.23,25.17,25.2,879300
2020-10-15,25.32,25.35,25.3,25.32,1417200
2020-10-16,25.28,25.3,25.26,25.29,951300
2020-10-19,25.17,25.23,25.16,25.21,545900
2020-10-20,25.15,25.17,25.1,25.13,1538500
2020-10-21,25.049999,25.049999,24.96,25.0,1624000
2020-10-22,25.040001,25.1,25.040001,25.1,1276100
2020-10-23,25.030001,25.1,25.030001,25.040001,481500
2020-10-26,25.09,25.13,25.09,25.13,368300
2020-10-27,25.059999,25.09,25.040001,25.08,181800
2020-10-28,25.23,25.27,25.2,25.24,648700
2020-10-29,25.3,25.41,25.3,25.34,1219600
2020-10-30,25.32,25.4,25.3,25.37,608500
2020-11-02,25.42,25.43,25.38,25.4,1713500
2020-11-03,25.23,25.27,25.18,25.26,6207800
2020-11-04,25.27,25.3,25.19,25.22,1126600
2020-11-05,25.01,25.07,24.95,24.98,1556800
2020-11-06,24.92,24.97,24.87,24.89,3497000
2020-11-09,24.86,25.09,24.86,25.049999,1846300
2020-11-10,25.0,25.059999,25.0,25.049999,734400
2020-11-11,25.12,25.15,25.08,25.08,495700
2020-11-12,25.1,25.11,25.049999,25.08,497400
2020-11-13,25.049999,25.059999,25.02,25.030001,1036000
2020-11-16,25.01,25.02,24.97,24.97,2991700
2020-11-17,24.91,24.95,24.91,24.93,1027300
2020-11-18,24.92,24.94,24.88,24.94,408400
2020-11-19,25.01,25.01,24.89,24.9,302800
2020-11-20,24.89,24.94,24.89,24.93,333800
2020-11-23,24.85,25.030001,24.84,24.97,749600
2020-11-24,24.94,24.97,24.85,24.85,665600
2020-11-25,24.85,24.87,24.8,24.81,599100
2020-11-27,24.8,24.8,24.75,24.76,198300
2020-11-30,24.69,24.82,24.68,24.82,435700
2020-12-01,24.72,24.75,24.58,24.6,980900
2020-12-02,24.63,24.64,24.56,24.57,1125200
2020-12-03,24.44,24.49,24.41,24.44,1003000
2020-12-04,24.41,24.5,24.4,24.47,1834200
2020-12-07,24.48,24.52,24.44,24.51,896900
2020-12-08,24.49,24.55,24.49,24.54,612100
2020-12-09,24.51,24.6,24.49,24.55,518700
2020-12-10,24.55,24.55,24.45,24.48,608700
2020-12-11,24.52,24.55,24.51,24.54,1017700
2020-12-14,24.41,24.5,24.4,24.47,455400
2020-12-15,24.42,24.45,24.38,24.39,853900
2020-12-16,24.33,24.46,24.32,24.36,749800
2020-12-17,24.22,24.24,24.19,24.23,922000
2020-12-18,24.27,24.3,24.25,24.26,898400
2020-12-21,24.37,24.38,24.26,24.31,618900
2020-12-22,24.34,24.45,24.34,24.44,1401500
2020-12-23,24.33,24.38,24.3,24.33,758600
2020-12-24,24.33,24.36,24.33,24.35,280500
2020-12-28,24.31,24.37,24.28,24.35,1036100
2020-12-29,24.27,24.29,24.22,24.27,1444700
2020-12-30,24.2,24.21,24.16,24.17,1463900
2020-12-31,24.17,24.27,24.17,24.24,801500
2021-01-04,24.13,24.26,24.13,24.26,1322800
2021-01-05,24.2,24.22,24.11,24.12,723300
2021-01-06,24.18,24.22,24.09,24.09,1042800
2021-01-07,24.21,24.27,24.21,24.23,1018000
2021-01-08,24.19,24.34,24.18,24.27,1677700
2021-01-11,24.44,24.47,24.37,24.42,1445200
2021-01-12,24.41,24.41,24.27,24.29,1360500
2021-01-13,24.36,24.39,24.32,24.37,956500
2021-01-14,24.41,24.42,24.28,24.32,614300
2021-01-15,24.42,24.48,24.41,24.48,1177500
2021-01-19,24.39,24.43,24.38,24.41,1408600
2021-01-20,24.43,24.46,24.38,24.4,489300
2021-01-21,24.33,24.35,24.28,24.29,803900
2021-01-22,24.35,24.35,24.3,24.34,847100
2021-01-25,24.35,24.41,24.34,24.37,580600
2021-01-26,24.33,24.35,24.29,24.3,857300
2021-01-27,24.41,24.51,24.39,24.45,982200
2021-01-28,24.42,24.43,24.37,24.39,663600
2021-01-29,24.37,24.43,24.37,24.42,876000
2021-02-01,24.48,24.55,24.47,24.54,2183100
2021-02-02,24.57,24.61,24.55,24.57,1459000
2021-02-03,24.58,24.61,24.56,24.56,1656900
2021-02-04,24.63,24.69,24.63,24.67,1394400
2021-02-05,24.59,24.6,24.53,24.53,1402500
2021-02-08,24.54,24.55,24.5,24.52,1732500
2021-02-09,24.42,24.44,24.37,24.39,2006900
2021-02-10,24.35,24.38,24.34,24.38,654000
2021-02-11,24.35,24.39,24.34,24.37,257000
2021-02-12,24.44,24.45,24.36,24.39,501800
2021-02-16,24.4,24.43,24.37,24.39,1107500
2021-02-17,24.51,24.54,24.49,24.49,937800
2021-02-18,24.43,24.48,24.4,24.41,585300
2021-02-19,24.35,24.38,24.32,24.35,1163300
2021-02-22,24.3,24.33,24.25,24.28,706800
2021-02-23,24.3,24.33,24.26,24.3,441600
2021-02-24,24.34,24.38,24.26,24.26,913600
2021-02-25,24.19,24.34,24.17,24.34,952200
2021-02-26,24.39,24.52,24.39,24.52,1347700
2021-03-01,24.5,24.56,24.5,24.54,2242400
2021-03-02,24.53,24.56,24.45,24.45,1381600
2021-03-03,24.53,24.54,24.47,24.52,1015200
2021-03-04,24.57,24.71,24.53,24.68,2128000
2021-03-05,24.74,24.81,24.73,24.77,2631000
2021-03-08,24.85,24.91,24.83,24.91,1656300
2021-03-09,24.8,24.82,24.77,24.77,1468100
2021-03-10,24.75,24.82,24.73,24.73,2050200
2021-03-11,24.7,24.74,24.61,24.61,1643300
2021-03-12,24.76,24.78,24.68,24.69,789100
2021-03-15,24.76,24.78,24.72,24.74,504500
2021-03-16,24.75,24.8,24.73,24.74,338800
2021-03-17,24.75,24.79,24.61,24.62,3055700
2021-03-18,24.74,24.77,24.69,24.77,901800
2021-03-19,24.81,24.84,24.76,24.78,2222500
2021-03-22,24.74,24.77,24.71,24.73,850600
2021-03-23,24.84,24.88,24.82,24.88,1252400
2021-03-24,24.93,24.95,24.89,24.94,1726800
2021-03-25,24.94,25.040001,24.94,25.01,1476700
2021-03-26,25.0,25.01,24.96,24.98,654800
2021-03-29,24.99,25.040001,24.97,25.040001,1128400
2021-03-30,25.12,25.15,25.11,25.14,749900
2021-03-31,25.11,25.12,25.049999,25.12,1381600
2021-04-01,25.049999,25.09,25.01,25.01,1955700
2021-04-05,24.99,25.0,24.92,24.93,1704600
2021-04-06,24.91,24.92,24.86,24.87,1845900
2021-04-07,24.85,24.92,24.82,24.9,758900
2021-04-08,24.84,24.84,24.78,24.79,582000
2021-04-09,24.85,24.86,24.8,24.81,691200
2021-04-12,24.79,24.82,24.79,24.8,479900
2021-04-13,24.78,24.78,24.71,24.71,498700
2021-04-14,24.69,24.72,24.65,24.68,632200
2021-04-15,24.66,24.7,24.65,24.68,390300
2021-04-16,24.65,24.67,24.63,24.65,431700
2021-04-19,24.53,24.56,24.51,24.51,1068000
2021-04-20,24.52,24.57,24.5,24.55,827200
2021-04-21,24.6,24.62,24.52,24.52,417300
2021-04-22,24.55,24.61,24.55,24.59,358100
2021-04-23,24.48,24.53,24.44,24.45,567800
2021-04-26,24.48,24.49,24.43,24.45,802000
2021-04-27,24.47,24.49,24.44,24.46,364800
2021-04-28,24.5,24.51,24.37,24.37,472700
2021-04-29,24.39,24.43,24.38,24.38,266300
2021-04-30,24.45,24.58,24.45,24.58,1124700
2021-05-03,24.52,24.52,24.45,24.47,1026600
2021-05-04,24.55,24.59,24.53,24.58,1225600
2021-05-05,24.58,24.59,24.56,24.57,1427800
2021-05-06,24.5,24.5,24.45,24.45,476200
2021-05-07,24.38,24.4,24.27,24.27,1844700
2021-05-10,24.22,24.28,24.22,24.27,659600
2021-05-11,24.25,24.26,24.22,24.25,549500
2021-05-12,24.36,24.43,24.33,24.43,2379900
2021-05-13,24.41,24.45,24.38,24.39,450000
2021-05-14,24.31,24.32,24.29,24.29,638300
2021-05-17,24.3,24.31,24.25,24.26,251800
2021-05-18,24.15,24.19,24.14,24.15,673700
2021-05-19,24.2,24.29,24.14,24.26,1294600
2021-05-20,24.2,24.2,24.14,24.14,848700
2021-05-21,24.17,24.26,24.17,24.22,685900
2021-05-24,24.18,24.19,24.15,24.16,716000
2021-05-25,24.13,24.17,24.11,24.13,618800
2021-05-26,24.19,24.24,24.14,24.22,336300
2021-05-27,24.22,24.24,24.19,24.2,354600
2021-05-28,24.3,24.3,24.21,24.22,600300
2021-06-01,24.15,24.18,24.12,24.18,740200
2021-06-02,24.22,24.24,24.18,24.18,1497400
2021-06-03,24.28,24.36,24.28,24.33,2083200
2021-06-04,24.24,24.25,24.21,24.24,1383300
2021-06-07,24.21,24.23,24.18,24.2,842900
2021-06-08,24.24,24.25,24.21,24.23,691000
2021-06-09,24.17,24.26,24.16,24.25,814700
2021-06-10,24.29,24.29,24.2,24.23,769600
2021-06-11,24.3,24.38,24.3,24.35,1090100
2021-06-14,24.31,24.35,24.31,24.33,905900
2021-06-15,24.34,24.37,24.34,24.35,469600
2021-06-16,24.35,24.56,24.34,24.55,1917600
2021-06-17,24.66,24.75,24.64,24.74,1970500
2021-06-18,24.81,24.85,24.79,24.82,1275600
2021-06-21,24.74,24.76,24.69,24.7,655200
2021-06-22,24.73,24.76,24.65,24.66,454500
2021-06-23,24.63,24.71,24.61,24.7,1048400
2021-06-24,24.68,24.72,24.66,24.68,414200
2021-06-25,24.63,24.71,24.61,24.69,356900
2021-06-28,24.71,24.73,24.68,24.7,777600
2021-06-29,24.77,24.79,24.74,24.76,634300
2021-06-30,24.79,24.86,24.79,24.83,869600
2021-07-01,24.84,24.9,24.81,24.9,2239600
2021-07-02,24.88,24.9,24.79,24.8,1107400
2021-07-06,24.86,24.92,24.84,24.89,1152100
2021-07-07,24.9,24.97,24.88,24.93,699100
2021-07-08,24.82,24.86,24.81,24.83,1236800
2021-07-09,24.79,24.81,24.76,24.77,1252200
2021-07-12,24.82,24.82,24.77,24.8,426500
2021-07-13,24.91,24.95,24.85,24.95,1477500
2021-07-14,24.84,24.86,24.83,24.83,890100
2021-07-15,24.88,24.92,24.86,24.9,376900
2021-07-16,24.91,24.94,24.89,24.93,812600
2021-07-19,24.93,24.98,24.9,24.97,1113000
2021-07-20,25.040001,25.049999,24.99,25.0,1459200
2021-07-21,25.02,25.030001,24.93,24.94,754900
2021-07-22,24.86,24.98,24.86,24.97,953500
2021-07-23,24.97,25.01,24.97,24.98,429200
2021-07-26,24.94,24.94,24.87,24.9,449400
2021-07-27,24.86,24.9,24.82,24.86,787300
2021-07-28,24.9,24.94,24.79,24.79,749500
2021-07-29,24.72,24.73,24.69,24.7,826200
2021-07-30,24.72,24.78,24.7,24.77,624000
2021-08-02,24.72,24.76,24.71,24.74,908000
2021-08-03,24.72,24.77,24.72,24.75,584100
2021-08-04,24.68,24.81,24.68,24.79,651900
2021-08-05,24.79,24.81,24.76,24.79,154500
2021-08-06,24.9,24.95,24.88,24.93,1315500
2021-08-09,24.92,24.99,24.92,24.98,432600
2021-08-10,25.030001,25.030001,25.0,25.0,868700
2021-08-11,24.96,24.99,24.93,24.95,993700
2021-08-12,24.98,25.0,24.97,24.98,178900
2021-08-13,24.91,24.93,24.84,24.86,741000
2021-08-16,24.86,24.89,24.85,24.88,487200
2021-08-17,24.96,25.030001,24.96,25.030001,1009400
2021-08-18,25.01,25.059999,24.97,25.030001,537400
2021-08-19,25.1,25.15,25.08,25.15,990400
2021-08-20,25.15,25.16,25.11,25.12,775600
2021-08-23,25.02,25.040001,24.97,24.97,1123400
2021-08-24,24.98,25.0,24.93,24.95,1077100
2021-08-25,24.99,25.02,24.93,24.93,668400
2021-08-26,24.97,25.01,24.97,25.0,322000
2021-08-27,25.01,25.030001,24.88,24.89,860300
2021-08-30,24.89,24.92,24.88,24.89,380200
2021-08-31,24.85,24.91,24.83,24.89,697100
2021-09-01,24.83,24.85,24.81,24.84,1026700
2021-09-02,24.81,24.83,24.77,24.78,806600
2021-09-03,24.72,24.75,24.7,24.73,726500
2021-09-07,24.82,24.86,24.8,24.85,452600
2021-09-08,24.9,24.94,24.87,24.89,1004800
2021-09-09,24.83,24.88,24.81,24.83,197600
2021-09-10,24.82,24.88,24.81,24.87,399600
2021-09-13,24.9,24.9,24.86,24.87,157500
2021-09-14,24.8,24.89,24.79,24.87,380500
2021-09-15,24.83,24.86,24.82,24.82,187700
2021-09-16,24.94,24.96,24.93,24.93,424200
2021-09-17,24.97,25.030001,24.95,25.02,2018400
2021-09-20,25.049999,25.059999,25.01,25.030001,1386000
2021-09-21,25.02,25.049999,25.01,25.01,625000
2021-09-22,25.030001,25.11,24.97,25.08,883600
2021-09-23,25.0,25.01,24.96,24.98,515700
2021-09-24,25.059999,25.07,25.030001,25.049999,459200
2021-09-27,25.09,25.09,25.049999,25.08,255500
2021-09-28,25.15,25.19,25.13,25.17,2258100
2021-09-29,25.25,25.35,25.24,25.35,843000
2021-09-30,25.33,25.35,25.27,25.31,777700
2021-10-01,25.23,25.28,25.23,25.26,1521900
2021-10-04,25.18,25.2,25.15,25.18,875100
2021-10-05,25.25,25.25,25.19,25.23,648000
2021-10-06,25.33,25.35,25.29,25.3,1121500
2021-10-07,25.29,25.3,25.26,25.29,480000
2021-10-08,25.25,25.29,25.24,25.27,383500
2021-10-11,25.28,25.34,25.26,25.34,1882400
2021-10-12,25.35,25.39,25.34,25.37,778800
2021-10-13,25.3,25.31,25.23,25.23,759800
2021-10-14,25.2,25.24,25.2,25.23,509000
2021-10-15,25.22,25.25,25.19,25.2,488200
2021-10-18,25.22,25.24,25.18,25.21,1630300
2021-10-19,25.13,25.17,25.11,25.15,968400
2021-10-20,25.14,25.16,25.09,25.11,780500
2021-10-21,25.11,25.17,25.1,25.17,538700
2021-10-22,25.13,25.16,25.1,25.12,378400
2021-10-25,25.17,25.19,25.16,25.16,354900
2021-10-26,25.16,25.23,25.16,25.21,784000
2021-10-27,25.16,25.2,25.14,25.2,336100
2021-10-28,25.13,25.13,25.02,25.049999,567800
2021-10-29,25.12,25.3,25.12,25.25,799200
2021-11-01,25.24,25.25,25.17,25.17,2226100
2021-11-02,25.21,25.26,25.2,25.23,1107800
2021-11-03,25.25,25.27,25.16,25.17,1701600
2021-11-04,25.27,25.34,25.27,25.3,1068900
2021-11-05,25.33,25.37,25.27,25.28,636700
2021-11-08,25.25,25.26,25.21,25.23,604700
2021-11-09,25.21,25.25,25.18,25.2,305300
2021-11-10,25.26,25.47,25.24,25.47,1698500
2021-11-11,25.47,25.53,25.47,25.53,568000
2021-11-12,25.54,25.55,25.48,25.5,259500
2021-11-15,25.51,25.64,25.49,25.64,505600
2021-11-16,25.68,25.74,25.65,25.74,1412100
2021-11-17,25.72,25.75,25.67,25.69,683000
2021-11-18,25.67,25.69,25.62,25.62,708100
2021-11-19,25.7,25.76,25.69,25.75,678500
2021-11-22,25.85,25.89,25.81,25.88,1089500
2021-11-23,25.89,25.9,25.84,25.87,776400
2021-11-24,25.98,26.0,25.94,25.97,1009200
2021-11-26,25.81,25.82,25.74,25.77,1100400
2021-11-29,25.83,25.86,25.81,25.82,750000
2021-11-30,25.65,25.92,25.62,25.7,2115600
2021-12-01,25.7,25.78,25.65,25.77,1826900
2021-12-02,25.7,25.79,25.7,25.78,732400
2021-12-03,25.79,25.86,25.74,25.77,1324100
2021-12-06,25.8,25.85,25.79,25.81,682100
2021-12-07,25.89,25.89,25.81,25.82,2785100
2021-12-08,25.78,25.79,25.69,25.7,584500
2021-12-09,25.76,25.83,25.75,25.79,751800
2021-12-10,25.8,25.83,25.73,25.75,560700
2021-12-13,25.76,25.84,25.76,25.83,711700
2021-12-14,25.81,25.89,25.8,25.88,621700
2021-12-15,25.89,25.98,25.82,25.84,734900
2021-12-16,25.73,25.78,25.71,25.73,1118600
2021-12-17,25.76,25.91,25.76,25.91,545200
2021-12-20,25.85,25.89,25.83,25.88,1423000
2021-12-21,25.87,25.91,25.85,25.85,887000
2021-12-22,25.8,25.81,25.74,25.75,2101600
2021-12-23,25.81,25.81,25.73,25.73,2216500
2021-12-27,25.78,25.78,25.74,25.74,1344300
2021-12-28,25.76,25.81,25.75,25.77,820200
2021-12-29,25.74,25.74,25.66,25.7,1252000
2021-12-30,25.74,25.78,25.71,25.74,367600
2021-12-31,25.69,25.71,25.62,25.63,1161300
2022-01-03,25.74,25.81,25.74,25.79,3449500
2022-01-04,25.81,25.82,25.74,25.81,1310300
2022-01-05,25.72,25.79,25.69,25.78,1029900
2022-01-06,25.77,25.82,25.74,25.8,1398600
2022-01-07,25.74,25.75,25.64,25.66,540400
2022-01-10,25.77,25.78,25.7,25.72,1004300
2022-01-11,25.71,25.74,25.61,25.61,1311700
2022-01-12,25.53,25.53,25.43,25.44,3489200
2022-01-13,25.37,25.43,25.36,25.43,3801200
2022-01-14,25.44,25.53,25.42,25.5,2303000
2022-01-18,25.6,25.67,25.58,25.66,1940200
2022-01-19,25.59,25.62,25.57,25.6,1510100
2022-01-20,25.59,25.68,25.56,25.68,1033000
2022-01-21,25.58,25.62,25.58,25.61,1224500
2022-01-24,25.72,25.75,25.66,25.69,1946000
2022-01-25,25.76,25.78,25.69,25.7,1312800
2022-01-26,25.71,25.86,25.71,25.84,1583300
2022-01-27,26.01,26.07,25.98,26.059999,1530300
2022-01-28,26.040001,26.07,26.0,26.049999,1791500
2022-01-31,25.97,25.99,25.85,25.87,2055800
2022-02-01,25.8,25.85,25.79,25.8,4019500
2022-02-02,25.7,25.74,25.68,25.7,4401600
2022-02-03,25.61,25.62,25.51,25.57,6514000
2022-02-04,25.6,25.63,25.54,25.55,2243900
2022-02-07,25.59,25.59,25.53,25.56,1159800
2022-02-08,25.59,25.63,25.58,25.6,1590900
2022-02-09,25.56,25.6,25.54,25.57,638800
2022-02-10,25.68,25.7,25.48,25.61,2931500
2022-02-11,25.66,25.74,25.61,25.72,2208700
2022-02-14,25.78,25.82,25.75,25.79,1933900
2022-02-15,25.73,25.78,25.68,25.69,1251000
2022-02-16,25.68,25.68,25.61,25.64,695200
2022-02-17,25.65,25.67,25.62,25.65,859500
2022-02-18,25.67,25.75,25.66,25.72,1144300
2022-02-22,25.71,25.73,25.67,25.73,1171700
2022-02-23,25.69,25.77,25.67,25.76,1214300
2022-02-24,26.040001,26.16,25.94,25.97,4162400
2022-02-25,25.93,25.94,25.84,25.84,1293400
2022-02-28,25.93,25.93,25.86,25.88,1352500
2022-03-01,26.0,26.12,25.98,26.08,2498000
2022-03-02,26.12,26.19,26.040001,26.059999,1451400
2022-03-03,26.13,26.22,26.11,26.16,1780800
2022-03-04,26.45,26.47,26.36,26.36,3212400
2022-03-07,26.43,26.58,26.42,26.55,2507900
2022-03-08,26.5,26.57,26.41,26.5,1497200
2022-03-09,26.25,26.31,26.19,26.24,1594900
2022-03-10,26.31,26.38,26.29,26.37,1098000
2022-03-11,26.39,26.56,26.36,26.51,1661300
2022-03-14,26.46,26.51,26.4,26.5,1739500
2022-03-15,26.4,26.52,26.37,26.47,762600
2022-03-16,26.37,26.5,26.28,26.28,1958400
2022-03-17,26.27,26.29,26.13,26.22,3088600
2022-03-18,26.36,26.37,26.24,26.25,913700
2022-03-21,26.27,26.35,26.25,26.35,1232300
2022-03-22,26.32,26.36,26.29,26.34,928500
2022-03-23,26.41,26.44,26.36,26.37,465600
2022-03-24,26.43,26.46,26.37,26.4,1666300
2022-03-25,26.39,26.43,26.35,26.41,599200
2022-03-28,26.56,26.56,26.46,26.49,1086700
2022-03-29,26.25,26.35,26.21,26.33,1542200
2022-03-30,26.17,26.2,26.13,26.19,3972300
2022-03-31,26.28,26.32,26.19,26.3,1679100
2022-04-01,26.37,26.4,26.34,26.34,1824200
2022-04-04,26.43,26.48,26.41,26.46,1158100
2022-04-05,26.45,26.6,26.42,26.6,2081500
2022-04-06,26.56,26.68,26.55,26.62,1653400
2022-04-07,26.6,26.69,26.58,26.67,880400
2022-04-08,26.75,26.78,26.66,26.67,1706700
2022-04-11,26.72,26.74,26.69,26.73,797200
2022-04-12,26.71,26.82,26.69,26.82,1410200
2022-04-13,26.86,26.87,26.68,26.71,2906500
2022-04-14,26.8,26.93,26.8,26.83,1525700
2022-04-18,26.88,26.96,26.86,26.94,1149000
2022-04-19,26.99,27.01,26.95,27.0,1498500
2022-04-20,26.84,26.86,26.79,26.81,1235200
2022-04-21,26.77,26.91,26.75,26.89,2180300
2022-04-22,26.98,27.09,26.97,27.049999,1207300
2022-04-25,27.18,27.23,27.15,27.18,2316400
2022-04-26,27.25,27.36,27.24,27.35,2241400
2022-04-27,27.55,27.61,27.48,27.52,3872300
2022-04-28,27.72,27.77,27.67,27.68,2427100
2022-04-29,27.6,27.62,27.48,27.57,3029200
2022-05-02,27.68,27.74,27.62,27.71,2294100
2022-05-03,27.58,27.69,27.56,27.66,2199600
2022-05-04,27.6,27.71,27.39,27.43,10608800
2022-05-05,27.6,27.79,27.6,27.66,3165300
2022-05-06,27.63,27.74,27.6,27.71,2506400
2022-05-09,27.74,27.81,27.64,27.72,3017700
2022-05-10,27.7,27.8,27.7,27.78,10162000
2022-05-11,27.71,27.81,27.63,27.81,2300200
2022-05-12,27.92,28.049999,27.89,28.049999,3214900
2022-05-13,28.07,28.07,27.93,27.97,2855600
2022-05-16,27.93,27.97,27.84,27.86,1721900
2022-05-17,27.67,27.69,27.61,27.63,7703800
2022-05-18,27.69,27.78,27.63,27.77,2184000
2022-05-19,27.56,27.56,27.44,27.48,6258400
2022-05-20,27.53,27.61,27.52,27.54,2677600
2022-05-23,27.35,27.37,27.27,27.29,3716700
2022-05-24,27.26,27.27,27.16,27.21,3642500
2022-05-25,27.33,27.37,27.26,27.31,1545200
2022-05-26,27.26,27.28,27.2,27.22,1289400
2022-05-27,27.18,27.24,27.12,27.16,2677900
2022-05-31,27.24,27.29,27.17,27.21,2716100
2022-06-01,27.24,27.46,27.23,27.42,3746400
2022-06-02,27.29,27.33,27.18,27.18,6241000
2022-06-03,27.25,27.33,27.21,27.3,5713900
2022-06-06,27.29,27.39,27.28,27.36,2805900
2022-06-07,27.46,27.46,27.32,27.33,1496600
2022-06-08,27.36,27.41,27.33,27.41,1002500
2022-06-09,27.43,27.62,27.4,27.61,4253600
2022-06-10,27.78,27.85,27.77,27.83,2510900
2022-06-13,28.0,28.13,27.97,28.1,6183800
2022-06-14,28.040001,28.21,28.030001,28.16,4136500
2022-06-15,28.1,28.21,27.92,27.94,5882000
2022-06-16,27.88,27.96,27.59,27.67,4908000
2022-06-17,27.91,28.049999,27.9,27.95,2106900
2022-06-21,27.84,27.9,27.79,27.85,2527800
2022-06-22,27.85,27.85,27.71,27.81,1780800
2022-06-23,27.85,27.91,27.77,27.84,2163500
2022-06-24,27.82,27.85,27.74,27.78,1427100
2022-06-27,27.74,27.76,27.66,27.73,1464900
2022-06-28,27.86,27.91,27.83,27.89,1676900
2022-06-29,27.96,28.059999,27.95,28.049999,2025400
2022-06-30,28.07,28.09,27.93,27.96,2113500
2022-07-01,28.14,28.21,28.040001,28.049999,2964500
2022-07-05,28.45,28.52,28.41,28.45,3325500
2022-07-06,28.56,28.65,28.53,28.58,4650600
2022-07-07,28.58,28.64,28.53,28.59,2323700
2022-07-08,28.6,28.67,28.53,28.57,1736300
2022-07-11,28.86,28.92,28.8,28.9,4233500
2022-07-12,28.89,28.91,28.8,28.89,1586700
2022-07-13,28.95,28.97,28.7,28.83,1624200
2022-07-14,29.14,29.2,28.95,29.030001,3071100
2022-07-15,28.93,28.96,28.82,28.86,2392000
2022-07-18,28.68,28.71,28.54,28.7,3623300
2022-07-19,28.48,28.53,28.43,28.52,3228200
2022-07-20,28.49,28.66,28.48,28.6,2222100
2022-07-21,28.64,28.67,28.52,28.52,2831800
2022-07-22,28.52,28.53,28.35,28.48,3151300
2022-07-25,28.39,28.49,28.38,28.44,2012600
2022-07-26,28.58,28.66,28.58,28.66,2452400
2022-07-27,28.6,28.7,28.39,28.42,4947700
2022-07-28,28.44,28.54,28.39,28.4,2361500
2022-07-29,28.46,28.5,28.29,28.29,5538600
2022-08-01,28.19,28.22,28.12,28.18,5826900
2022-08-02,28.25,28.41,28.21,28.36,15058800
2022-08-03,28.41,28.55,28.4,28.44,2811300
2022-08-04,28.43,28.45,28.24,28.26,2536100
2022-08-05,28.54,28.56,28.46,28.5,3199400
2022-08-08,28.43,28.47,28.36,28.46,2802800
2022-08-09,28.36,28.45,28.35,28.43,1437600
2022-08-10,28.12,28.16,27.98,28.12,6198200
2022-08-11,28.030001,28.14,27.98,28.14,2888900
2022-08-12,28.23,28.32,28.21,28.25,3069800
2022-08-15,28.34,28.5,28.34,28.5,4475400
2022-08-16,28.54,28.54,28.43,28.49,3038700
2022-08-17,28.54,28.58,28.46,28.53,2704800
2022-08-18,28.58,28.79,28.58,28.75,2970300
2022-08-19,28.91,28.96,28.89,28.93,3143700
2022-08-22,29.01,29.2,29.01,29.17,4688200
2022-08-23,29.16,29.17,28.93,29.049999,14555300
2022-08-24,29.17,29.21,29.0,29.07,4544400
2022-08-25,29.059999,29.1,28.98,29.02,2440300
2022-08-26,28.86,29.15,28.8,29.13,2743800
2022-08-29,29.12,29.18,29.059999,29.14,3902000
2022-08-30,29.07,29.22,29.049999,29.13,2619700
2022-08-31,29.2,29.22,29.030001,29.11,2497800
2022-09-01,29.29,29.47,29.27,29.37,4864200
2022-09-02,29.25,29.39,29.18,29.38,2678200
2022-09-06,29.53,29.63,29.47,29.55,15048800
2022-09-07,29.64,29.65,29.34,29.34,3382800
2022-09-08,29.47,29.51,29.37,29.4,2431100
2022-09-09,29.2,29.23,29.15,29.19,3388900
2022-09-12,29.030001,29.059999,28.95,29.040001,3580900
2022-09-13,29.31,29.46,29.25,29.44,7862100
2022-09-14,29.36,29.42,29.31,29.38,2120700
2022-09-15,29.41,29.43,29.35,29.4,2349500
2022-09-16,29.5,29.52,29.34,29.4,3646500
2022-09-19,29.5,29.51,29.36,29.38,1741700
2022-09-20,29.53,29.56,29.46,29.52,2065100
2022-09-21,29.66,29.92,29.64,29.81,4722000
2022-09-22,29.77,29.89,29.73,29.85,2584200
2022-09-23,30.049999,30.37,30.049999,30.32,4964300
2022-09-26,30.44,30.7,30.39,30.66,7721000
2022-09-27,30.59,30.76,30.52,30.67,7688600
2022-09-28,30.7,30.73,30.23,30.27,9864700
2022-09-29,30.31,30.36,30.12,30.15,6257300
2022-09-30,30.27,30.27,30.09,30.15,4762000
2022-10-03,30.17,30.22,29.96,30.01,3432000
2022-10-04,29.82,29.84,29.58,29.6,12310600
2022-10-05,29.92,30.030001,29.84,29.88,4949000
2022-10-06,30.059999,30.2,30.0,30.18,3243700
2022-10-07,30.24,30.34,30.16,30.3,4733000
2022-10-10,30.42,30.48,30.32,30.43,4099600
2022-10-11,30.41,30.49,30.21,30.45,4843100
2022-10-12,30.46,30.53,30.38,30.45,2466400
2022-10-13,30.56,30.58,30.14,30.25,7358300
2022-10-14,30.33,30.49,30.31,30.46,3993800
2022-10-17,30.25,30.27,30.09,30.15,4010000
2022-10-18,30.08,30.23,30.059999,30.13,5326500
2022-10-19,30.31,30.41,30.27,30.35,3372900
2022-10-20,30.31,30.4,30.16,30.37,3437500
2022-10-21,30.47,30.49,30.049999,30.11,6352400
2022-10-24,30.21,30.23,30.07,30.14,3132200
2022-10-25,29.95,29.95,29.79,29.81,5338900
2022-10-26,29.69,29.69,29.48,29.5,7681000
2022-10-27,29.68,29.75,29.53,29.73,4312800
2022-10-28,29.78,29.87,29.74,29.78,2480000
2022-10-31,29.98,30.049999,29.96,30.030001,2920800
2022-11-01,29.84,30.08,29.82,30.02,3313600
2022-11-02,29.92,30.15,29.7,30.15,5314900
2022-11-03,30.4,30.43,30.27,30.4,8854500
2022-11-04,30.030001,30.13,29.8,29.83,5481400
2022-11-07,29.71,29.77,29.62,29.66,3220200
2022-11-08,29.69,29.7,29.44,29.53,4722300
2022-11-09,29.68,29.8,29.54,29.75,2870800
2022-11-10,29.26,29.3,29.07,29.07,10429200
2022-11-11,28.81,28.9,28.61,28.65,8430900
2022-11-14,28.83,28.87,28.7,28.78,6588500
2022-11-15,28.55,28.85,28.52,28.68,5245200
2022-11-16,28.6,28.72,28.58,28.62,2510600
2022-11-17,28.83,28.88,28.73,28.73,3651700
2022-11-18,28.75,28.84,28.7,28.81,3321400
2022-11-21,29.030001,29.11,29.0,29.059999,3623300
2022-11-22,28.97,28.99,28.87,28.88,3115900
2022-11-23,28.8,28.81,28.57,28.58,4713200
2022-11-25,28.66,28.69,28.57,28.58,1306400
2022-11-28,28.56,28.8,28.53,28.79,2833000
2022-11-29,28.8,28.84,28.7,28.84,1322500
2022-11-30,28.72,28.92,28.54,28.61,4062300
2022-12-01,28.31,28.38,28.24,28.26,6989500
2022-12-02,28.36,28.44,28.2,28.23,3845600
2022-12-05,28.25,28.47,28.22,28.46,5149200
2022-12-06,28.4,28.53,28.34,28.48,4039400
2022-12-07,28.37,28.46,28.35,28.39,2869900
2022-12-08,28.36,28.4,28.29,28.3,2483300
2022-12-09,28.34,28.39,28.23,28.36,2643000
2022-12-12,28.34,28.45,28.29,28.38,4195200
2022-12-13,28.030001,28.15,28.02,28.13,9962200
2022-12-14,28.09,28.17,27.95,28.0,5789100
2022-12-15,28.059999,28.35,28.040001,28.26,9086600
2022-12-16,28.28,28.33,28.2,28.31,5050300
2022-12-19,28.030001,28.12,27.99,28.07,5859400
2022-12-20,27.92,27.94,27.81,27.88,3683600
2022-12-21,27.92,27.99,27.87,27.95,4431800
2022-12-22,28.0,28.059999,27.97,27.99,2743500
2022-12-23,28.01,28.049999,27.95,27.98,1852300
2022-12-27,28.0,28.01,27.92,27.97,3022400
2022-12-28,27.92,28.07,27.88,28.07,1992100
2022-12-29,27.95,27.98,27.87,27.9,2110500
2022-12-30,27.86,27.93,27.77,27.81,3437100
2023-01-03,28.07,28.16,27.99,28.11,4482600
2023-01-04,27.97,28.07,27.94,28.01,1979100
2023-01-05,28.2,28.3,28.19,28.27,3417800
2023-01-06,28.26,28.33,27.9,27.9,3794000
2023-01-09,27.78,27.79,27.66,27.73,9855100
2023-01-10,27.73,27.79,27.69,27.75,1670000
2023-01-11,27.74,27.81,27.72,27.75,1929800
2023-01-12,27.57,27.75,27.44,27.48,4370500
2023-01-13,27.55,27.56,27.46,27.47,2049500
2023-01-17,27.44,27.58,27.41,27.55,2566900
2023-01-18,27.33,27.57,27.31,27.55,3212900
2023-01-19,27.5,27.57,27.44,27.48,2509100
2023-01-20,27.56,27.6,27.44,27.44,2634900
2023-01-23,27.51,27.53,27.44,27.48,3615600
2023-01-24,27.49,27.58,27.43,27.45,1754000
2023-01-25,27.44,27.47,27.35,27.36,2230900
2023-01-26,27.4,27.52,27.39,27.43,2657100
2023-01-27,27.52,27.54,27.44,27.47,2554400
2023-01-30,27.48,27.57,27.45,27.57,3006500
2023-01-31,27.55,27.61,27.5,27.51,2126300
2023-02-01,27.43,27.51,27.22,27.25,7138000
2023-02-02,27.32,27.48,27.31,27.43,4302100
2023-02-03,27.65,27.79,27.6,27.79,7868200
2023-02-06,27.9,28.01,27.87,27.95,6884400
2023-02-07,28.01,28.059999,27.79,27.9,4282800
2023-02-08,27.88,27.94,27.86,27.93,1416500
2023-02-09,27.71,27.89,27.71,27.89,3609000
2023-02-10,27.9,28.01,27.88,27.98,3201800
2023-02-13,27.99,28.0,27.88,27.9,2010600
2023-02-14,27.92,27.97,27.78,27.88,3456700
2023-02-15,28.09,28.14,28.059999,28.07,4805900
2023-02-16,28.14,28.18,28.059999,28.11,4101800
2023-02-17,28.19,28.23,28.07,28.09,4187800
2023-02-21,28.13,28.2,28.059999,28.18,2532000
2023-02-22,28.18,28.29,28.14,28.27,1745200
2023-02-23,28.27,28.35,28.25,28.28,4056600
2023-02-24,28.49,28.5,28.44,28.49,4869300
2023-02-27,28.38,28.4,28.29,28.34,3470300
2023-02-28,28.31,28.42,28.26,28.42,4060400
2023-03-01,28.26,28.34,28.22,28.27,3932300
2023-03-02,28.46,28.49,28.4,28.42,3976200
2023-03-03,28.37,28.45,28.3,28.31,2795100
2023-03-06,28.28,28.31,28.21,28.27,4169000
2023-03-07,28.35,28.63,28.34,28.62,4149300
2023-03-08,28.61,28.67,28.55,28.61,3127600
2023-03-09,28.55,28.56,28.5,28.53,2749300
2023-03-10,28.35,28.37,28.2,28.35,5632800
2023-03-13,28.16,28.19,28.059999,28.09,5300200
2023-03-14,28.11,28.2,28.08,28.09,3386400
2023-03-15,28.47,28.51,28.38,28.39,5141900
2023-03-16,28.39,28.41,28.31,28.36,2670100
2023-03-17,28.29,28.33,28.15,28.2,2192400
2023-03-20,28.059999,28.09,28.040001,28.040001,2226300
2023-03-21,27.99,28.07,27.97,28.030001,2354900
2023-03-22,27.99,28.040001,27.71,27.82,5645600
2023-03-23,27.78,27.89,27.73,27.86,3328800
2023-03-24,28.0,28.059999,28.0,28.030001,2368700
2023-03-27,27.99,28.0,27.94,27.94,1910500
2023-03-28,27.88,27.92,27.83,27.84,2077200
2023-03-29,27.91,27.95,27.87,27.91,1684100
2023-03-30,27.78,27.81,27.76,27.78,1006600
2023-03-31,27.84,27.9,27.79,27.88,2569800
2023-04-03,27.83,27.86,27.74,27.75,1753500
2023-04-04,27.75,27.76,27.6,27.64,2610700
2023-04-05,27.65,27.76,27.59,27.72,2528900
2023-04-06,27.79,27.8,27.69,27.74,2156600
2023-04-10,27.93,27.98,27.9,27.9,1882500
2023-04-11,27.79,27.85,27.77,27.8,785100
2023-04-12,27.65,27.7,27.62,27.65,2645600
2023-04-13,27.5,27.53,27.46,27.52,2468300
2023-04-14,27.57,27.72,27.56,27.68,2777400
2023-04-17,27.78,27.86,27.76,27.82,2011700
2023-04-18,27.77,27.79,27.72,27.72,1713400
2023-04-19,27.76,27.8,27.73,27.78,2011200
2023-04-20,27.76,27.78,27.71,27.78,1992300
2023-04-21,27.74,27.86,27.73,27.75,1885500
2023-04-24,27.71,27.73,27.64,27.66,1424500
2023-04-25,27.72,27.82,27.72,27.79,2056500
2023-04-26,27.57,27.71,27.56,27.7,2395100
2023-04-27,27.77,27.79,27.69,27.71,1971100
2023-04-28,27.8,27.84,27.7,27.75,3285800
2023-05-01,27.77,27.91,27.77,27.89,3558800
2023-05-02,27.93,27.97,27.81,27.82,7964800
2023-05-03,27.72,27.74,27.6,27.67,3155000
2023-05-04,27.7,27.75,27.65,27.7,3589400
2023-05-05,27.75,27.77,27.64,27.66,2238100
2023-05-08,27.63,27.71,27.62,27.7,1426500
2023-05-09,27.81,27.83,27.76,27.79,1240200
2023-05-10,27.71,27.78,27.69,27.74,1378900
2023-05-11,27.88,27.94,27.86,27.92,3647200
2023-05-12,27.97,28.1,27.96,28.1,2960500
2023-05-15,28.049999,28.07,28.02,28.02,1000300
2023-05-16,28.049999,28.11,28.0,28.09,2215200
2023-05-17,28.15,28.22,28.13,28.14,1376300
2023-05-18,28.29,28.37,28.29,28.35,2358100
2023-05-19,28.3,28.34,28.21,28.27,1897300
2023-05-22,28.29,28.32,28.25,28.29,1093400
2023-05-23,28.36,28.4,28.31,28.37,925500
2023-05-24,28.38,28.49,28.38,28.47,2664200
2023-05-25,28.54,28.61,28.54,28.6,2450100
2023-05-26,28.56,28.64,28.54,28.59,1989400
2023-05-30,28.52,28.59,28.52,28.56,2059000
2023-05-31,28.64,28.72,28.59,28.61,1903400
2023-06-01,28.56,28.56,27.4,28.27,5617500
2023-06-02,28.41,28.58,28.4,28.57,7704200
2023-06-05,28.64,28.65,28.52,28.52,2170600
2023-06-06,28.65,28.67,28.59,28.61,704000
2023-06-07,28.55,28.63,28.48,28.62,890200
2023-06-08,28.49,28.49,28.39,28.39,1922100
2023-06-09,28.45,28.49,28.42,28.48,1252100
2023-06-12,28.47,28.54,28.46,28.49,1207500
2023-06-13,28.4,28.45,28.36,28.4,2690300
2023-06-14,28.29,28.41,28.24,28.26,6221200
2023-06-15,28.27,28.27,28.09,28.1,1918400
2023-06-16,28.11,28.19,28.09,28.15,1682400
2023-06-20,28.24,28.3,28.23,28.23,1405700
2023-06-21,28.26,28.28,28.09,28.1,1237700
2023-06-22,28.16,28.22,28.12,28.2,1311100
2023-06-23,28.31,28.39,28.3,28.35,1626800
2023-06-26,28.32,28.34,28.29,28.32,1055900
2023-06-27,28.22,28.29,28.2,28.25,1113700
2023-06-28,28.37,28.44,28.34,28.38,1333200
2023-06-29,28.5,28.53,28.44,28.5,722600
2023-06-30,28.43,28.45,28.35,28.38,1405500
2023-07-03,28.42,28.43,28.35,28.41,847300
2023-07-05,28.42,28.54,28.42,28.54,828400
2023-07-06,28.47,28.6,28.46,28.47,882700
2023-07-07,28.39,28.4,28.22,28.23,1959500
2023-07-10,28.27,28.29,28.15,28.16,1270700
2023-07-11,28.13,28.17,28.07,28.09,2025000
2023-07-12,27.89,27.89,27.76,27.76,1287900
2023-07-13,27.66,27.67,27.55,27.57,1183700
2023-07-14,27.59,27.64,27.56,27.62,837900
2023-07-17,27.65,27.69,27.59,27.59,1196900
2023-07-18,27.61,27.67,27.58,27.61,672000
2023-07-19,27.71,27.79,27.68,27.72,1566900
2023-07-20,27.79,27.92,27.78,27.88,2486600
2023-07-21,27.94,28.0,27.94,27.96,2215600
2023-07-24,28.030001,28.07,27.98,28.059999,1487700
2023-07-25,28.14,28.14,28.030001,28.030001,1526200
2023-07-26,28.02,28.049999,27.92,27.95,1435500
2023-07-27,28.1,28.22,28.1,28.21,3183500
2023-07-28,28.18,28.2,28.09,28.17,1139000
2023-07-31,28.2,28.24,28.14,28.22,889000
2023-08-01,28.34,28.39,28.3,28.35,1082000
2023-08-02,28.4,28.5,28.4,28.45,726900
2023-08-03,28.49,28.51,28.39,28.43,519600
2023-08-04,28.26,28.31,28.22,28.29,851800
2023-08-07,28.31,28.36,28.29,28.31,348300
2023-08-08,28.48,28.53,28.44,28.44,649200
2023-08-09,28.43,28.46,28.39,28.46,889100
2023-08-10,28.4,28.51,28.33,28.51,1192400
2023-08-11,28.54,28.59,28.49,28.57,1444300
2023-08-14,28.71,28.75,28.59,28.67,846800
2023-08-15,28.61,28.7,28.58,28.68,952900
2023-08-16,28.68,28.78,28.65,28.76,1066900
2023-08-17,28.67,28.81,28.66,28.75,686700
2023-08-18,28.79,28.81,28.73,28.77,677100
2023-08-21,28.75,28.79,28.72,28.74,2276700
2023-08-22,28.8,28.86,28.79,28.84,649000
2023-08-23,28.87,28.88,28.74,28.74,2112800
2023-08-24,28.89,28.97,28.84,28.97,1421000
2023-08-25,28.97,29.09,28.89,29.01,2377400
2023-08-28,28.99,29.01,28.96,28.96,710700
2023-08-29,29.07,29.07,28.79,28.8,2199100
2023-08-30,28.71,28.76,28.66,28.75,2983600
2023-08-31,28.86,28.92,28.86,28.89,2707600
2023-09-01,28.82,29.08,28.81,29.07,1260200
2023-09-05,29.16,29.25,29.16,29.22,1215500
2023-09-06,29.21,29.29,29.18,29.23,647600
2023-09-07,29.29,29.34,29.28,29.3,1034600
2023-09-08,29.29,29.33,29.21,29.33,1033200
2023-09-11,29.2,29.22,29.15,29.19,630500
2023-09-12,29.27,29.28,29.21,29.24,1827200
2023-09-13,29.23,29.26,29.19,29.26,549400
2023-09-14,29.37,29.45,29.33,29.44,1268500
2023-09-15,29.42,29.44,29.37,29.42,1295700
2023-09-18,29.4,29.44,29.34,29.37,479400
2023-09-19,29.35,29.4,29.33,29.39,366500
2023-09-20,29.35,29.46,29.26,29.44,827900
2023-09-21,29.5,29.53,29.44,29.46,980500
2023-09-22,29.53,29.56,29.46,29.53,1063900
2023-09-25,29.62,29.69,29.61,29.64,1412600
2023-09-26,29.66,29.74,29.65,29.73,1642700
2023-09-27,29.8,29.91,29.79,29.87,1609900
2023-09-28,29.76,29.79,29.69,29.71,1106400
2023-09-29,29.65,29.75,29.65,29.73,1589600
2023-10-02,29.85,29.97,29.85,29.96,3727200
2023-10-03,30.0,30.07,29.92,29.99,2486400
2023-10-04,29.89,29.98,29.88,29.9,1114900
2023-10-05,29.86,29.9,29.8,29.8,1368300
2023-10-06,29.91,29.95,29.7,29.74,1488100
2023-10-09,29.82,29.83,29.73,29.73,1777700
2023-10-10,29.71,29.73,29.64,29.66,2275900
2023-10-11,29.64,29.74,29.61,29.66,1343600
2023-10-12,29.76,29.92,29.76,29.91,1691000
2023-10-13,29.91,29.98,29.9,29.93,942200
2023-10-16,29.87,29.92,29.8,29.8,761500
2023-10-17,29.88,29.89,29.77,29.81,603400
2023-10-18,29.88,29.95,29.86,29.92,799000
2023-10-19,29.89,29.91,29.77,29.83,1728900
2023-10-20,29.84,29.88,29.82,29.84,769500
2023-10-23,29.84,29.87,29.66,29.69,1462800
2023-10-24,29.8,29.89,29.79,29.86,1564900
2023-10-25,29.94,29.96,29.88,29.94,1347000
2023-10-26,29.99,30.07,29.97,30.01,1026300
2023-10-27,29.95,30.0,29.92,29.97,1032400
2023-10-30,29.92,29.93,29.84,29.85,719400
2023-10-31,29.95,30.07,29.93,30.030001,970400
2023-11-01,30.13,30.17,30.02,30.040001,3264600
2023-11-02,29.84,29.94,29.81,29.89,1849900
2023-11-03,29.65,29.7,29.55,29.61,3525400
2023-11-06,29.59,29.65,29.56,29.64,1529900
2023-11-07,29.77,29.8,29.7,29.74,1004600
2023-11-08,29.79,29.8,29.71,29.73,585300
2023-11-09,29.74,29.87,29.7,29.86,1062400
2023-11-10,29.84,29.89,29.82,29.84,836200
2023-11-13,29.85,29.88,29.78,29.8,3831800
2023-11-14,29.51,29.52,29.32,29.33,2938300
2023-11-15,29.42,29.48,29.38,29.44,1378300
2023-11-16,29.42,29.47,29.35,29.46,790900
2023-11-17,29.39,29.42,29.3,29.3,1455100
2023-11-20,29.25,29.26,29.17,29.21,1715000
2023-11-21,29.14,29.28,29.14,29.24,1349700
2023-11-22,29.38,29.44,29.34,29.34,4330300
2023-11-24,29.26,29.27,29.2,29.21,983600
2023-11-27,29.2,29.23,29.15,29.15,1450400
2023-11-28,29.1,29.13,29.0,29.049999,1524100
2023-11-29,29.07,29.12,29.02,29.08,1900400
2023-11-30,29.23,29.3,29.19,29.29,4121100
2023-12-01,29.31,29.34,29.16,29.2,2520400
2023-12-04,29.35,29.39,29.29,29.33,2271800
2023-12-05,29.37,29.46,29.32,29.44,1836800
2023-12-06,29.4,29.51,29.4,29.51,1537500
2023-12-07,29.41,29.43,29.25,29.35,2570400
2023-12-08,29.51,29.51,29.39,29.46,1456200
2023-12-11,29.52,29.54,29.47,29.5,956200
2023-12-12,29.46,29.5,29.41,29.42,1034200
2023-12-13,29.4,29.47,29.12,29.17,1509200
2023-12-14,28.99,29.01,28.86,28.9,3746200
2023-12-15,29.030001,29.11,29.02,29.09,4411500
2023-12-18,27.32,27.37,27.31,27.34,1916800
2023-12-19,27.27,27.28,27.21,27.22,2544400
2023-12-20,27.25,27.35,27.24,27.34,2362500
2023-12-21,27.18,27.25,27.16,27.16,1696100
2023-12-22,27.11,27.17,27.07,27.15,1511500
2023-12-26,27.12,27.13,27.08,27.09,1106200
2023-12-27,27.040001,27.040001,26.93,26.95,783700
2023-12-28,26.98,27.07,26.92,27.040001,2087100
2023-12-29,27.08,27.1,27.02,27.09,983400
2024-01-02,27.29,27.33,27.26,27.32,2109400
2024-01-03,27.42,27.47,27.36,27.41,1222900
2024-01-04,27.42,27.43,27.35,27.41,2839300
2024-01-05,27.43,27.44,27.26,27.41,1082100
2024-01-08,27.38,27.39,27.31,27.36,1193100
2024-01-09,27.39,27.48,27.38,27.45,407200
2024-01-10,27.44,27.46,27.39,27.4,1514800
2024-01-11,27.45,27.52,27.38,27.42,1172800
2024-01-12,27.4,27.46,27.35,27.45,849000
2024-01-16,27.63,27.71,27.62,27.69,1061500
2024-01-17,27.75,27.79,27.71,27.71,930100
2024-01-18,27.75,27.78,27.73,27.74,2123700
2024-01-19,27.74,27.76,27.69,27.7,1116600
2024-01-22,27.69,27.73,27.66,27.71,2171700
2024-01-23,27.75,27.85,27.75,27.78,996900
2024-01-24,27.57,27.71,27.56,27.7,851100
2024-01-25,27.72,27.83,27.72,27.78,1250900
2024-01-26,27.74,27.78,27.71,27.78,1154700
2024-01-29,27.85,27.88,27.77,27.78,1286200
2024-01-30,27.76,27.83,27.73,27.76,460600
2024-01-31,27.71,27.86,27.65,27.83,3424500
2024-02-01,27.81,27.84,27.66,27.69,3755500
2024-02-02,27.88,27.97,27.86,27.94,3216000
2024-02-05,28.059999,28.13,28.059999,28.09,3422600
2024-02-06,28.1,28.11,28.0,28.01,621700
2024-02-07,28.0,28.01,27.96,27.98,849000
2024-02-08,28.059999,28.08,28.0,28.01,1686900
2024-02-09,28.02,28.030001,27.98,27.99,1118200
2024-02-12,28.030001,28.07,28.0,28.02,1127700
2024-02-13,28.18,28.26,28.18,28.24,3596900
2024-02-14,28.24,28.24,28.17,28.19,3242200
2024-02-15,28.11,28.14,28.059999,28.08,948900
2024-02-16,28.18,28.18,28.07,28.09,643500
2024-02-20,28.0,28.059999,27.97,28.049999,1142700
2024-02-21,28.040001,28.08,28.02,28.02,878600
2024-02-22,28.059999,28.08,28.02,28.02,895300
2024-02-23,28.01,28.049999,28.0,28.040001,538700
2024-02-26,27.99,28.02,27.98,27.99,636800
2024-02-27,28.01,28.030001,27.97,28.01,1424900
2024-02-28,28.049999,28.08,28.02,28.030001,502900
2024-02-29,28.0,28.12,27.97,28.09,1038700
2024-03-01,28.11,28.16,28.030001,28.040001,779700
2024-03-04,28.040001,28.049999,28.0,28.040001,853200
2024-03-05,28.030001,28.049999,27.96,28.01,1249300
2024-03-06,27.95,27.96,27.87,27.91,841600
2024-03-07,27.86,27.88,27.77,27.77,1081500
2024-03-08,27.71,27.78,27.7,27.78,939800
2024-03-11,27.79,27.83,27.78,27.81,541900
2024-03-12,27.85,27.9,27.82,27.83,832000
2024-03-13,27.81,27.83,27.76,27.8,304700
2024-03-14,27.86,27.97,27.86,27.95,1062900
2024-03-15,27.99,28.0,27.96,27.98,396600
2024-03-18,27.99,28.049999,27.99,28.040001,659700
2024-03-19,28.12,28.14,28.09,28.11,909000
2024-03-20,28.19,28.2,27.98,27.98,837900
2024-03-21,28.08,28.18,28.07,28.17,719600
2024-03-22,28.26,28.32,28.24,28.32,736500
2024-03-25,28.25,28.26,28.22,28.25,255200
2024-03-26,28.22,28.28,28.21,28.27,245800
2024-03-27,28.3,28.32,28.28,28.29,209600
2024-03-28,28.32,28.37,28.3,28.37,392000
2024-04-01,28.38,28.51,28.37,28.48,664400
2024-04-02,28.46,28.46,28.4,28.44,582100
2024-04-03,28.41,28.42,28.29,28.31,3024900
2024-04-04,28.23,28.31,28.22,28.31,1404900
2024-04-05,28.41,28.43,28.31,28.34,469200
2024-04-08,28.33,28.33,28.28,28.3,379200
2024-04-09,28.23,28.31,28.22,28.29,600400
2024-04-10,28.49,28.62,28.49,28.59,1016800
2024-04-11,28.56,28.69,28.56,28.61,1112400
2024-04-12,28.82,28.86,28.8,28.84,620700
2024-04-15,28.85,28.9,28.84,28.89,614100
2024-04-16,28.89,28.97,28.86,28.93,1490800
2024-04-17,28.88,28.92,28.8,28.84,1293500
2024-04-18,28.84,28.9,28.83,28.9,826400
2024-04-19,28.84,28.92,28.82,28.9,831000
2024-04-22,28.97,28.97,28.88,28.91,302600
2024-04-23,28.88,28.89,28.76,28.79,780900
2024-04-24,28.81,28.86,28.8,28.82,299700
2024-04-25,28.87,28.88,28.75,28.76,639700
2024-04-26,28.85,28.95,28.84,28.89,1018400
2024-04-29,28.85,28.88,28.75,28.8,783200
2024-04-30,28.89,28.98,28.86,28.98,819900
2024-05-01,28.97,28.99,28.82,28.95,3025300
2024-05-02,28.85,28.89,28.72,28.73,1344600
2024-05-03,28.6,28.7,28.55,28.65,856400
2024-05-06,28.63,28.69,28.63,28.68,1365000
2024-05-07,28.68,28.78,28.67,28.76,450300
2024-05-08,28.8,28.82,28.78,28.8,361700
2024-05-09,28.78,28.79,28.7,28.7,388400
2024-05-10,28.73,28.78,28.7,28.74,406200
2024-05-13,28.69,28.75,28.69,28.73,371700
2024-05-14,28.69,28.71,28.67,28.67,525200
2024-05-15,28.56,28.64,28.49,28.49,705600
2024-05-16,28.56,28.59,28.52,28.56,1726900
2024-05-17,28.61,28.62,28.53,28.56,698000
2024-05-20,28.58,28.6,28.57,28.6,296000
2024-05-21,28.61,28.63,28.58,28.6,281200
2024-05-22,28.65,28.71,28.63,28.69,309400
2024-05-23,28.63,28.75,28.62,28.75,326300
2024-05-24,28.67,28.69,28.63,28.66,253100
2024-05-28,28.56,28.64,28.56,28.62,402200
2024-05-29,28.7,28.78,28.68,28.78,383000
2024-05-30,28.69,28.7,28.65,28.69,322100
2024-05-31,28.62,28.69,28.59,28.67,797000
2024-06-03,28.64,28.66,28.52,28.52,786900
2024-06-04,28.58,28.59,28.51,28.53,540300
2024-06-05,28.55,28.63,28.54,28.57,1348600
2024-06-06,28.58,28.6,28.53,28.53,222500
2024-06-07,28.72,28.78,28.72,28.77,369400
2024-06-10,28.89,28.9,28.83,28.84,752800
2024-06-11,28.92,28.93,28.86,28.88,396600
2024-06-12,28.63,28.75,28.61,28.75,835200
2024-06-13,28.6,28.9,28.57,28.86,2156700
2024-06-14,29.030001,29.059999,28.97,28.99,434500
2024-06-17,28.98,29.01,28.92,28.92,204900
2024-06-18,28.95,28.95,28.88,28.91,179600
2024-06-20,28.97,29.030001,28.96,29.030001,346900
2024-06-21,29.08,29.12,29.07,29.1,935100
2024-06-24,29.0,29.040001,28.98,29.0,1158700
2024-06-25,29.059999,29.09,29.02,29.030001,872400
2024-06-26,29.17,29.2,29.13,29.17,334700
2024-06-27,29.09,29.14,29.08,29.13,314400
2024-06-28,29.15,29.18,29.1,29.13,941200
2024-07-01,29.08,29.18,29.040001,29.14,770900
2024-07-02,29.14,29.16,29.09,29.1,544000
2024-07-03,29.030001,29.030001,28.92,28.98,1535700
2024-07-05,28.92,28.97,28.88,28.88,969300
2024-07-08,28.88,28.94,28.87,28.93,333900
2024-07-09,28.95,28.99,28.93,28.97,633200
2024-07-10,28.96,28.96,28.94,28.94,929600
2024-07-11,28.75,28.81,28.72,28.79,1004700
2024-07-12,28.72,28.75,28.68,28.69,1111400
2024-07-15,28.69,28.76,28.68,28.74,1727000
2024-07-16,28.8,28.82,28.74,28.74,382600
2024-07-17,28.62,28.65,28.59,28.61,1065900
2024-07-18,28.67,28.76,28.66,28.74,1840600
2024-07-19,28.78,28.82,28.78,28.82,378000
2024-07-22,28.81,28.83,28.8,28.8,1065600
2024-07-23,28.85,28.87,28.83,28.85,359000
2024-07-24,28.78,28.84,28.76,28.84,313800
2024-07-25,28.84,28.86,28.79,28.84,272000
2024-07-26,28.81,28.84,28.8,28.82,230400
2024-07-29,28.92,28.96,28.89,28.9,1107000
2024-07-30,28.95,28.97,28.9,28.92,273800
2024-07-31,28.75,28.87,28.74,28.76,533400
2024-08-01,28.83,28.89,28.79,28.86,1206500
2024-08-02,28.63,28.63,28.54,28.57,1180300
2024-08-05,28.32,28.48,28.31,28.41,2084300
2024-08-06,28.53,28.53,28.48,28.5,787300
2024-08-07,28.58,28.59,28.54,28.56,921900
2024-08-08,28.63,28.67,28.59,28.6,304900
2024-08-09,28.58,28.59,28.55,28.57,350500
2024-08-12,28.61,28.63,28.57,28.57,181600
2024-08-13,28.53,28.53,28.42,28.42,229400
2024-08-14,28.43,28.45,28.35,28.45,615900
2024-08-15,28.6,28.6,28.52,28.55,378400
2024-08-16,28.48,28.53,28.41,28.41,320200
2024-08-19,28.37,28.37,28.26,28.26,4595700
2024-08-20,28.21,28.23,28.14,28.16,487200
2024-08-21,28.16,28.23,28.01,28.07,568500
2024-08-22,28.12,28.23,28.12,28.2,3506400
2024-08-23,28.2,28.21,27.94,27.96,968500
2024-08-26,28.01,28.040001,27.98,28.02,318200
2024-08-27,28.01,28.02,27.93,27.93,1806500
2024-08-28,28.09,28.12,28.040001,28.09,588200
2024-08-29,28.18,28.24,28.16,28.19,1799000
2024-08-30,28.25,28.3,28.21,28.27,2138600
2024-09-03,28.26,28.35,28.23,28.32,2698700
2024-09-04,28.27,28.28,28.17,28.18,738600
2024-09-05,28.14,28.21,28.1,28.14,426500
2024-09-06,28.17,28.23,28.059999,28.18,759100
2024-09-09,28.26,28.3,28.25,28.3,361600
2024-09-10,28.32,28.35,28.3,28.31,371600
2024-09-11,28.34,28.35,28.31,28.34,332800
2024-09-12,28.3,28.32,28.21,28.22,330200
2024-09-13,28.14,28.2,28.13,28.18,957300
2024-09-16,28.07,28.13,28.059999,28.09,1623800
2024-09-17,28.12,28.18,28.12,28.18,456000
2024-09-18,28.09,28.23,27.97,28.21,638800
2024-09-19,28.18,28.22,28.07,28.09,331100
2024-09-20,28.15,28.21,28.1,28.14,370000
2024-09-23,28.17,28.21,28.14,28.18,310900
2024-09-24,28.12,28.16,28.02,28.02,213000
2024-09-25,28.02,28.22,28.01,28.21,263300
2024-09-26,28.15,28.2,28.07,28.08,389400
2024-09-27,28.02,28.11,28.0,28.07,845300
2024-09-30,28.07,28.21,28.07,28.18,1322300
2024-10-01,28.27,28.35,28.24,28.3,1300200
2024-10-02,28.37,28.44,28.37,28.42,815000
2024-10-03,28.5,28.57,28.48,28.51,1203700
2024-10-04,28.7,28.73,28.66,28.67,456200
2024-10-07,28.68,28.7,28.65,28.69,283200
2024-10-08,28.66,28.73,28.66,28.69,5172200
2024-10-09,28.77,28.82,28.76,28.82,222300
2024-10-10,28.8,28.9,28.8,28.81,349900
2024-10-11,28.82,28.84,28.8,28.83,270200
2024-10-14,28.92,28.96,28.88,28.92,1291800
2024-10-15,28.87,28.96,28.87,28.94,373800
2024-10-16,28.95,29.040001,28.94,29.02,191500
2024-10-17,29.1,29.11,29.07,29.11,720000
2024-10-18,29.030001,29.049999,29.01,29.030001,352900
2024-10-21,29.059999,29.18,29.059999,29.16,304500
2024-10-22,29.17,29.2,29.15,29.19,197200
2024-10-23,29.28,29.34,29.28,29.29,1481600
2024-10-24,29.23,29.26,29.18,29.18,294400
2024-10-25,29.2,29.29,29.2,29.28,211400
2024-10-28,29.25,29.3,29.25,29.28,208700
2024-10-29,29.37,29.38,29.27,29.29,423900
2024-10-30,29.3,29.31,29.2,29.22,395000
2024-10-31,29.18,29.28,29.17,29.2,754400
2024-11-01,29.21,29.33,29.2,29.32,591000
2024-11-04,29.16,29.21,29.13,29.21,504800
2024-11-05,29.13,29.17,29.059999,29.09,1181500
2024-11-06,29.61,29.62,29.49,29.56,1287600
2024-11-07,29.37,29.42,29.29,29.32,1276600
2024-11-08,29.44,29.6,29.43,29.52,439600
2024-11-11,29.69,29.74,29.68,29.69,1832800
2024-11-12,29.8,29.89,29.79,29.82,1604300
2024-11-13,29.83,29.99,29.83,29.99,778700
2024-11-14,30.0,30.13,29.95,30.11,678000
2024-11-15,30.059999,30.11,30.0,30.08,738200
2024-11-18,30.01,30.02,29.89,29.93,1559100
2024-11-19,29.91,29.97,29.9,29.92,707200
2024-11-20,30.049999,30.12,30.049999,30.07,717900
2024-11-21,30.059999,30.2,29.99,30.17,706200
2024-11-22,30.31,30.41,30.28,30.33,337600
2024-11-25,30.059999,30.2,30.049999,30.12,1069600
2024-11-26,30.13,30.22,30.11,30.16,904800
2024-11-27,29.94,30.0,29.85,29.9,780700
2024-11-29,29.91,29.94,29.85,29.85,475200
2024-12-02,30.030001,30.12,29.98,30.030001,850200
2024-12-03,29.95,30.030001,29.94,30.02,375700
2024-12-04,30.07,30.1,29.94,30.01,475100
2024-12-05,29.89,29.94,29.84,29.85,1046900
2024-12-06,29.86,29.99,29.85,29.93,557500
2024-12-09,29.9,30.0,29.88,29.98,1351700
2024-12-10,30.040001,30.12,30.030001,30.049999,480300
2024-12-11,30.09,30.17,30.08,30.15,1269400
2024-12-12,30.17,30.25,30.1,30.25,815600
2024-12-13,30.22,30.27,30.21,30.26,1272800
2024-12-16,30.25,30.3,30.19,30.21,1629900
2024-12-17,30.23,30.26,30.19,30.24,392100
2024-12-18,30.28,30.63,30.24,30.59,988500
2024-12-19,30.57,30.69,30.55,30.65,713700
2024-12-20,30.59,30.6,30.44,30.5,992000
2024-12-23,29.29,29.35,29.25,29.29,818700
2024-12-24,29.3,29.37,29.28,29.37,388600
2024-12-26,29.34,29.35,29.28,29.31,554600
2024-12-27,29.26,29.31,29.25,29.26,462200
2024-12-30,29.33,29.39,29.29,29.29,775000
2024-12-31,29.35,29.46,29.34,29.42,752400
2025-01-02,29.51,29.71,29.49,29.67,1397600
2025-01-03,29.63,29.68,29.56,29.58,7968000
2025-01-06,29.39,29.43,29.35,29.39,3883300
2025-01-07,29.37,29.5,29.36,29.5,1505600
2025-01-08,29.65,29.66,29.58,29.61,2158500
2025-01-10,29.74,29.82,29.68,29.76,1409900
2025-01-13,29.85,29.9,29.82,29.85,1352600
2025-01-14,29.76,29.78,29.66,29.66,1161100
2025-01-15,29.53,29.7,29.5,29.61,1056200
2025-01-16,29.67,29.71,29.57,29.61,658100
2025-01-17,29.69,29.73,29.58,29.72,1072300
2025-01-21,29.44,29.48,29.32,29.34,1743100
2025-01-22,29.37,29.42,29.36,29.39,1497400
2025-01-23,29.41,29.49,29.32,29.38,876500
2025-01-24,29.24,29.26,29.14,29.2,10044500
2025-01-27,29.12,29.22,29.12,29.21,978000
2025-01-28,29.32,29.37,29.31,29.33,390100
2025-01-29,29.41,29.43,29.34,29.39,1136700
2025-01-30,29.3,29.44,29.28,29.39,897100
2025-01-31,29.47,29.52,29.32,29.51,811000
2025-02-03,29.73,29.78,29.54,29.64,2511700
2025-02-04,29.49,29.51,29.37,29.37,1148400
2025-02-05,29.26,29.32,29.21,29.32,1628200
2025-02-06,29.38,29.41,29.29,29.3,1254400
2025-02-07,29.32,29.49,29.31,29.43,1054500
2025-02-10,29.51,29.53,29.47,29.52,754200
2025-02-11,29.46,29.48,29.36,29.42,973400
2025-02-12,29.49,29.54,29.33,29.44,865600
2025-02-13,29.38,29.4,29.17,29.2,1642600
2025-02-14,29.08,29.12,29.059999,29.12,658600
2025-02-18,29.17,29.21,29.14,29.18,1484900
2025-02-19,29.22,29.29,29.19,29.21,518600
2025-02-20,29.13,29.14,28.98,28.98,1311300
2025-02-21,29.09,29.11,29.040001,29.08,680500
2025-02-24,29.09,29.13,29.040001,29.1,885500
2025-02-25,29.030001,29.07,28.97,28.99,1099300
2025-02-26,29.07,29.1,28.98,29.049999,610400
2025-02-27,29.22,29.29,29.19,29.26,1078900
2025-02-28,29.3,29.4,29.28,29.39,2018300
2025-03-03,29.16,29.18,29.08,29.11,1346700
2025-03-04,29.01,29.059999,28.85,28.85,971100
2025-03-05,28.58,28.6,28.48,28.5,1374200
2025-03-06,28.41,28.51,28.35,28.48,575500
2025-03-07,28.31,28.43,28.3,28.39,531300
2025-03-10,28.36,28.45,28.35,28.41,1299800
2025-03-11,28.26,28.31,28.22,28.25,1346900
2025-03-12,28.35,28.38,28.27,28.32,408700
2025-03-13,28.43,28.44,28.36,28.42,468900
2025-03-14,28.37,28.41,28.35,28.39,1693600
2025-03-17,28.33,28.34,28.26,28.28,569900
2025-03-18,28.32,28.35,28.24,28.26,457600
2025-03-19,28.36,28.43,28.31,28.33,382600
2025-03-20,28.48,28.5,28.41,28.41,765300
2025-03-21,28.48,28.53,28.46,28.5,621400
2025-03-24,28.5,28.61,28.5,28.55,551000
2025-03-25,28.49,28.54,28.46,28.52,329100
2025-03-26,28.6,28.65,28.56,28.65,318900
2025-03-27,28.6,28.62,28.51,28.56,618200
2025-03-28,28.54,28.56,28.47,28.51,364700
2025-03-31,28.51,28.6,28.51,28.54,980900
2025-04-01,28.57,28.6,28.52,28.57,371300
2025-04-02,28.49,28.52,28.42,28.45,382800
2025-04-03,27.85,28.02,27.79,27.95,5057800
2025-04-04,28.040001,28.3,28.02,28.26,1486100
2025-04-07,28.25,28.42,28.25,28.38,2740500
2025-04-08,28.26,28.39,28.2,28.25,491600
2025-04-09,27.98,28.34,27.98,28.29,1720700
2025-04-10,27.88,27.9,27.63,27.7,1867600
2025-04-11,27.31,27.56,27.29,27.45,1811600
2025-04-14,27.48,27.5,27.33,27.36,967700
2025-04-15,27.42,27.53,27.39,27.51,757700
2025-04-16,27.34,27.37,27.24,27.28,1330500
2025-04-17,27.33,27.36,27.27,27.3,499900
2025-04-21,27.02,27.08,26.99,27.040001,1208900
2025-04-22,27.09,27.21,27.059999,27.19,2219200
2025-04-23,27.28,27.47,27.25,27.44,3933500
2025-04-24,27.32,27.38,27.29,27.32,757100
2025-04-25,27.42,27.45,27.35,27.39,680600
2025-04-28,27.38,27.39,27.21,27.22,520300
2025-04-29,27.25,27.32,27.24,27.31,852100
2025-04-30,27.37,27.42,27.33,27.41,829300
2025-05-01,27.49,27.63,27.48,27.57,1921400
2025-05-02,27.44,27.55,27.36,27.53,1285500
2025-05-05,27.39,27.52,27.39,27.48,617700
2025-05-06,27.37,27.4,27.31,27.31,650000
2025-05-07,27.39,27.52,27.36,27.51,812100
2025-05-08,27.52,27.77,27.51,27.74,869400
2025-05-09,27.65,27.68,27.59,27.66,1307000
2025-05-12,27.98,28.11,27.95,28.049999,1948500
2025-05-13,27.94,27.96,27.81,27.81,736900
2025-05-14,27.73,27.87,27.71,27.87,1026600
2025-05-15,27.78,27.84,27.75,27.8,850400
2025-05-16,27.81,27.92,27.77,27.88,807800
2025-05-19,27.65,27.72,27.64,27.69,894200
2025-05-20,27.71,27.71,27.59,27.61,430300
2025-05-21,27.48,27.5,27.4,27.49,859200
2025-05-22,27.54,27.63,27.53,27.57,656700
2025-05-23,27.44,27.47,27.34,27.37,1261300
2025-05-27,27.4,27.52,27.4,27.52,1060500
2025-05-28,27.58,27.61,27.53,27.61,801300
2025-05-29,27.48,27.5,27.42,27.46,980400
2025-05-30,27.51,27.55,27.44,27.45,1030000
2025-06-02,27.33,27.35,27.25,27.26,1051200
2025-06-03,27.41,27.45,27.38,27.44,1306600
2025-06-04,27.37,27.39,27.28,27.32,769700
2025-06-05,27.2,27.33,27.2,27.3,1105500
2025-06-06,27.47,27.48,27.4,27.44,758400
2025-06-09,27.45,27.45,27.37,27.37,604600
2025-06-10,27.35,27.43,27.35,27.4,732100
2025-06-11,27.35,27.37,27.27,27.3,833300
2025-06-12,27.09,27.14,27.059999,27.1,1260800
2025-06-13,27.27,27.29,27.14,27.17,2720900
2025-06-16,27.1,27.2,27.049999,27.2,1534100
2025-06-17,27.19,27.4,27.19,27.38,2361400
2025-06-18,27.35,27.45,27.29,27.43,2202600
2025-06-20,27.36,27.42,27.33,27.4,1191600
2025-06-23,27.52,27.53,27.27,27.29,2885600
2025-06-24,27.21,27.22,27.1,27.15,1538800
2025-06-25,27.22,27.22,27.07,27.08,1828600
2025-06-26,26.96,27.01,26.9,26.97,1559900
2025-06-27,26.99,27.049999,26.95,27.02,1373700
2025-06-30,27.0,27.0,26.87,26.88,1023100
2025-07-01,26.83,26.91,26.81,26.87,1503800
2025-07-02,26.94,26.97,26.85,26.85,774500
2025-07-03,26.95,27.0,26.91,26.98,1148900
2025-07-07,27.030001,27.14,27.02,27.07,1337800
2025-07-08,27.15,27.19,27.08,27.09,1337300
2025-07-09,27.1,27.13,27.08,27.09,703200
2025-07-10,27.14,27.21,27.12,27.14,1244700
2025-07-11,27.19,27.24,27.16,27.22,597500
2025-07-14,27.25,27.3,27.22,27.29,1313500
2025-07-15,27.3,27.46,27.29,27.44,1713300
2025-07-16,27.47,27.51,27.18,27.34,2539400
2025-07-17,27.46,27.49,27.44,27.46,1520200
2025-07-18,27.33,27.42,27.31,27.42,910600
2025-07-21,27.3,27.32,27.19,27.24,2401200
2025-07-22,27.23,27.25,27.09,27.1,1688600
2025-07-23,27.16,27.18,27.049999,27.059999,2129500
2025-07-24,27.1,27.14,27.049999,27.13,895000
2025-07-25,27.25,27.28,27.19,27.19,871000
2025-07-28,27.4,27.51,27.37,27.5,1843200
2025-07-29,27.62,27.64,27.55,27.57,1876000
2025-07-30,27.76,27.86,27.67,27.84,1900300
2025-07-31,27.9,27.92,27.82,27.9,1316200
2025-08-01,27.57,27.66,27.53,27.57,3105600
2025-08-04,27.52,27.58,27.5,27.56,935500
2025-08-05,27.59,27.63,27.52,27.56,1073700
2025-08-06,27.47,27.48,27.37,27.4,1137500
2025-08-07,27.41,27.49,27.38,27.38,1405500
2025-08-08,27.42,27.45,27.39,27.43,490900
2025-08-11,27.5,27.56,27.48,27.54,1225200
2025-08-12,27.51,27.51,27.34,27.4,863100
2025-08-13,27.33,27.33,27.27,27.33,962300
2025-08-14,27.41,27.47,27.4,27.43,657100
2025-08-15,27.34,27.36,27.31,27.34,660600
2025-08-18,27.39,27.44,27.39,27.41,646000
2025-08-19,27.42,27.48,27.41,27.48,582100
2025-08-20,27.45,27.47,27.42,27.46,658600
2025-08-21,27.5,27.6,27.5,27.6,1186400
2025-08-22,27.61,27.62,27.29,27.33,1552700
2025-08-25,27.39,27.57,27.36,27.55,791300
2025-08-26,27.49,27.51,27.45,27.48,675500
2025-08-27,27.61,27.61,27.47,27.49,524000
2025-08-28,27.44,27.46,27.36,27.39,819400
2025-08-29,27.46,27.47,27.37,27.37,661500
2025-09-02,27.57,27.57,27.46,27.55,931700
2025-09-03,27.53,27.56,27.46,27.5,577200
2025-09-04,27.53,27.59,27.53,27.54,906000
2025-09-05,27.38,27.42,27.31,27.4,1127400
2025-09-08,27.33,27.38,27.31,27.31,513600
2025-09-09,27.33,27.43,27.29,27.42,385200
2025-09-10,27.41,27.45,27.37,27.44,465200
2025-09-11,27.41,27.41,27.35,27.35,926000
2025-09-12,27.45,27.45,27.38,27.39,1069900
2025-09-15,27.34,27.36,27.3,27.3,586800
2025-09-16,27.21,27.22,27.11,27.13,874700
2025-09-17,27.17,27.23,27.01,27.22,1662000
2025-09-18,27.33,27.41,27.32,27.35,1542100
2025-09-19,27.42,27.44,27.38,27.43,715300
2025-09-22,27.36,27.41,27.33,27.33,805500
2025-09-23,27.35,27.37,27.3,27.31,886000
2025-09-24,27.49,27.52,27.47,27.51,802100
2025-09-25,27.59,27.72,27.59,27.7,1273600
2025-09-26,27.66,27.66,27.59,27.6,605500
2025-09-29,27.51,27.56,27.5,27.54,748800
2025-09-30,27.53,27.54,27.46,27.51,1106800
2025-10-01,27.43,27.53,27.42,27.5,1273400
2025-10-02,27.48,27.61,27.48,27.54,949500
2025-10-03,27.51,27.53,27.47,27.49,707700
2025-10-06,27.66,27.67,27.59,27.62,967700
2025-10-07,27.72,27.78,27.69,27.78,891000
2025-10-08,27.83,27.9,27.81,27.84,937200
2025-10-09,27.88,28.059999,27.88,28.030001,2422400
2025-10-10,28.01,28.01,27.85,27.89,1210600
2025-10-13,27.96,28.0,27.95,27.99,580700
2025-10-14,27.98,28.0,27.9,27.91,805500
2025-10-15,27.89,27.89,27.8,27.83,1133500
2025-10-16,27.79,27.81,27.71,27.72,868100
2025-10-17,27.75,27.8,27.74,27.75,670700
2025-10-20,27.78,27.82,27.76,27.82,714500
2025-10-21,27.91,27.93,27.87,27.93,1433400
2025-10-22,27.96,27.96,27.87,27.9,1081100
2025-10-23,27.95,27.95,27.91,27.91,501300
2025-10-24,27.91,27.96,27.9,27.91,691800
2025-10-27,27.89,27.93,27.88,27.88,818000
2025-10-28,27.91,27.93,27.84,27.86,1573900
2025-10-29,27.91,28.059999,27.85,28.02,1968800
2025-10-30,28.12,28.13,28.08,28.13,1519100
2025-10-31,28.16,28.21,28.16,28.21,972400
2025-11-03,28.26,28.28,28.18,28.23,852300
2025-11-04,28.31,28.35,28.28,28.32,1204600
2025-11-05,28.35,28.38,28.32,28.33,1340000
2025-11-06,28.24,28.26,28.18,28.18,1293800
2025-11-07,28.15,28.18,28.11,28.16,1150600
2025-11-10,28.17,28.22,28.16,28.18,997900
2025-11-11,28.1,28.15,28.09,28.14,1383900
2025-11-12,28.21,28.22,28.13,28.15,1043900
2025-11-13,28.1,28.11,28.02,28.07,1014100
2025-11-14,28.07,28.14,28.059999,28.11,1099300
2025-11-17,28.17,28.2,28.15,28.18,1188500
2025-11-18,28.18,28.23,28.15,28.21,1428100
2025-11-19,28.29,28.4,28.27,28.39,1917200
2025-11-20,28.35,28.41,28.33,28.41,1492900
2025-11-21,28.43,28.45,28.37,28.39,1305200
2025-11-24,28.38,28.42,28.37,28.39,996000
2025-11-25,28.32,28.33,28.24,28.31,1281600
2025-11-26,28.33,28.33,28.22,28.23,1130500
2025-11-28,28.27,28.27,28.18,28.21,1215800
2025-12-01,28.12,28.21,28.11,28.2,2996300
2025-12-02,28.22,28.25,28.18,28.19,1528300
2025-12-03,28.09,28.1,28.02,28.049999,1962500
2025-12-04,28.02,28.11,28.02,28.11,1479800
2025-12-05,28.08,28.13,28.059999,28.08,1639400
2025-12-08,28.08,28.16,28.08,28.12,1143400
2025-12-09,28.14,28.2,28.13,28.16,1191700
2025-12-10,28.16,28.16,27.98,28.01,2309500
2025-12-11,27.9,27.94,27.86,27.91,1143000
2025-12-12,27.95,27.98,27.93,27.95,1141700
2025-12-15,27.91,27.96,27.88,27.93,568400
2025-12-16,27.85,27.94,27.81,27.9,881400
2025-12-17,27.99,27.99,27.92,27.96,655400
2025-12-18,27.93,28.01,27.93,27.98,764300
2025-12-19,28.02,28.07,28.01,28.07,553300
2025-12-22,27.02,27.040001,27.0,27.030001,1148200
2025-12-23,26.97,26.99,26.93,26.94,1032800
2025-12-24,26.94,26.96,26.93,26.95,699400
2025-12-26,26.92,27.0,26.92,26.97,743400
2025-12-29,26.96,27.02,26.94,26.98,794700
2025-12-30,27.02,27.049999,27.0,27.049999,627500
2025-12-31,27.059999,27.11,27.030001,27.030001,575900
2026-01-02,27.08,27.12,27.040001,27.11,2375000
2026-01-05,27.17,27.19,27.049999,27.07,1632900
2026-01-06,27.1,27.16,27.09,27.16,1253200
2026-01-07,27.15,27.2,27.14,27.2,1122800
2026-01-08,27.25,27.28,27.22,27.27,591000
2026-01-09,27.3,27.36,27.3,27.33,806900
2026-01-12,27.25,27.28,27.22,27.28,991700
2026-01-13,27.27,27.37,27.27,27.35,747800
2026-01-14,27.31,27.35,27.28,27.33,535700
2026-01-15,27.41,27.45,27.39,27.43,700000
2026-01-16,27.38,27.45,27.37,27.43,1463100
